tree
version=v4
num_class=1
num_tree_per_iteration=1
label_index=0
max_feature_idx=62
objective=regression
feature_names=total_points_roll3 total_points_roll5 total_points_roll10 minutes_roll3 minutes_roll5 minutes_roll10 goals_scored_roll3 goals_scored_roll5 goals_scored_roll10 assists_roll3 assists_roll5 assists_roll10 bps_roll3 bps_roll5 bps_roll10 clean_sheets_roll3 clean_sheets_roll5 clean_sheets_roll10 saves_roll3 saves_roll5 saves_roll10 expected_goals_roll3 expected_goals_roll5 expected_goals_roll10 expected_assists_roll3 expected_assists_roll5 expected_assists_roll10 expected_goal_involvements_roll3 expected_goal_involvements_roll5 expected_goal_involvements_roll10 expected_goals_conceded_roll3 expected_goals_conceded_roll5 expected_goals_conceded_roll10 defensive_contribution_roll3 defensive_contribution_roll5 defensive_contribution_roll10 influence_roll3 influence_roll5 influence_roll10 creativity_roll3 creativity_roll5 creativity_roll10 threat_roll3 threat_roll5 threat_roll10 ict_index_roll3 ict_index_roll5 ict_index_roll10 team_goals_scored_roll3 team_goals_scored_roll5 team_goals_scored_roll10 team_goals_conceded_roll3 team_goals_conceded_roll5 team_goals_conceded_roll10 team_clean_sheet_roll3 team_clean_sheet_roll5 team_clean_sheet_roll10 difficulty opponent_attack_strength opponent_defence_strength fixture_count value selected
feature_infos=[-2:16] [-2:15] [-2:15] [0:150] [0:144] [0:135] [0:1] [0:1] [0:1] [0:2] [0:2] [0:2] [-10.333333333333334:48] [-10:46] [-10:46] [0:1.3333333333333333] [0:1.2] [0:1] [0:0] [0:0] [0:0] [0:0.73999999999999999] [0:0.73999999999999999] [0:0.73999999999999999] [0:1] [0:1] [0:1] [0:1.0600000000000001] [0:1.0600000000000001] [0:1.0600000000000001] [0:4.5949999999999998] [0:4.5949999999999998] [0:4.5949999999999998] [0:0] [0:0] [0:0] [0:66] [0:66] [0:66] [0:96] [0:87] [0:87] [0:57] [0:57] [0:57] [0:16] [0:16] [0:16] [0:6.333333333333333] [0:5] [0:5] [0:6] [0:5] [0:5] [0:1.3333333333333333] [0:1.2] [0:1] [1:5] [1000:1400] [990:1390] [1:2] [37:86] [0:7793322]
tree_sizes=1419 1478 1482 1485 1467 1486 1491 1481 1485 1480 1486 1480 1487 1487 1485 1478 1481 1490 1487 1495 1470 1495 1488 1486 1484 1477 1465 1480 1488 1476 1455 1485 1474 1501 1466 1478 1489 1483 1466 1473 1469 1482 1501 1479 1482 1473 1478 1478 1482 1478 1473 1486 1465 1493 1476 1483 1488 1472 1462 1509 1460 1466 1472 1482 1481 1474 1504 1471 1477 1481 1447 1485 1482 1460 1483 1492 1471 1466 1463 1473 1484 1466 1476 1458 1507 1473 1482 1460 1456 1495 1475 1499 1456 1484 1473 1459 1470 1504 1482 1492 1480 1484 1489 1465 1476 1469 1478 1483 1468 1480 1465 1489 1498 1480 1502 1435 1417 1475 1480 1460 1464 1485 1499 1482 1455 1482 1449 1468 1450 1473 1490 1494 1476 1508 1484 1495 1502 1462 1496 1454 1469 1471 1484 1497 1470 1458 1495 1472 1466 1503 1479 1500 1487 1485 1490 1478 1467 1482 1490 1487 1445

Tree=0
num_leaves=15
num_cat=0
split_feature=36 60 45 2 59 59 62 59 62 62 12 61 14 14
split_gain=33550.9 3283.69 2938.18 2481.37 1389.34 979.595 914.067 543.074 538.604 530.31 488.807 438.727 354.731 351.515
threshold=5.833333333333333 1.5000000000000002 1.0000000180025095e-35 2.1055555555555561 1157.5000000000002 1148.7500000000002 456908.50000000006 1173.7500000000002 626789.00000000012 36759.000000000007 7.416666666666667 54.500000000000007 0.47222222222222227 18.050000000000004
decision_type=10 2 8 10 2 2 2 2 2 2 10 2 10 10
left_child=2 3 12 5 8 10 -3 -8 -5 -4 -2 -6 -1 -13
right_child=1 6 9 4 11 -7 7 -9 -10 -11 -12 13 -14 -15
leaf_value=1.0666145417145709 1.1445898227939202 1.2515881612526636 1.099456408704564 1.2062567251570684 1.1656443078118512 1.1349786653062774 1.4561260905097906 1.2877471388744901 1.2491025660631923 1.1315529264408082 1.1875255927462098 1.1698392600084826 1.084977549800479 1.2590079142293753
leaf_weight=12992 964 452 2962 2178 2546 3264 109 90 1118 2274 2143 202 3314 249
leaf_count=12992 964 452 2962 2178 2546 3264 109 90 1118 2274 2143 202 3314 249
internal_value=1.11937 1.18177 1.08081 1.17613 1.1984 1.15412 1.29127 1.38071 1.22082 1.1134 1.17422 1.17373 1.07034 1.21923
internal_weight=34857 13315 21542 12664 6293 6371 651 199 3296 5236 3107 2997 16306 451
internal_count=34857 13315 21542 12664 6293 6371 651 199 3296 5236 3107 2997 16306 451
is_linear=0
shrinkage=1


Tree=1
num_leaves=15
num_cat=0
split_feature=3 3 57 60 2 62 61 57 40 61 47 61 62 61
split_gain=30746.7 4118.92 2753.98 2509.2 1273.42 698.841 590.003 474.545 446.139 424.67 392.461 386.072 354.837 388.116
threshold=49.833333333333336 3.4166666666666674 3.7500000000000004 1.5000000000000002 2.6125000000000003 535494.50000000012 46.500000000000007 2.7500000000000004 11.790000000000003 58.500000000000007 0.029999999999999999 54.500000000000007 25120.500000000004 40.500000000000007
decision_type=10 8 2 2 10 2 2 2 10 2 10 2 2 2
left_child=1 10 3 4 7 -5 -3 12 -7 -6 -1 -4 -2 -14
right_child=2 6 11 5 9 8 -8 -9 -10 -11 -12 -13 13 -15
leaf_value=-0.050194288130571321 0.04384198007306573 -0.0075805271856878385 0.019024141978237482 0.15210047912504107 0.091095407582670221 0.21691704032255368 0.027670713912930189 0.038674883840342289 0.40461269119410836 0.14379425070115501 -0.032176420606049611 0.086418952260238824 0.025573234407114578 0.090938405789107446
leaf_weight=12911 859 4918 2639 334 2920 93 1564 1927 51 444 3963 231 263 1740
leaf_count=12911 859 4918 2639 334 2920 93 1564 1927 51 444 3963 231 263 1740
internal_value=3.98116e-07 -0.0329516 0.0669193 0.0810291 0.0744871 0.192366 0.000922639 0.0579016 0.284736 0.0980787 -0.0459652 0.0244714 0.0708294 0.0823768
internal_weight=34857 23356 11501 8631 8153 478 6482 4789 144 3364 16874 2870 2862 2003
internal_count=34857 23356 11501 8631 8153 478 6482 4789 144 3364 16874 2870 2862 2003
is_linear=0
shrinkage=0.05


Tree=2
num_leaves=15
num_cat=0
split_feature=3 3 60 57 13 56 3 61 48 61 14 61 62 42
split_gain=27751.2 3717.37 2504.58 2004.23 1192.78 791.589 607.282 540.626 395.247 391.496 354.194 327.341 330.719 322.643
threshold=49.833333333333336 3.4166666666666674 1.5000000000000002 3.7500000000000004 17.366666666666671 0.38750000000000007 80.416666666666671 49.500000000000007 2.5833333333333335 54.500000000000007 0.38750000000000007 40.500000000000007 24056.000000000004 2.1666666666666674
decision_type=10 8 2 2 10 10 10 2 10 2 10 2 2 10
left_child=1 10 3 4 6 -4 -2 -3 -6 -5 -1 -8 -13 -7
right_child=2 7 5 9 8 13 11 -9 -10 -11 -12 12 -14 -15
leaf_value=-0.047651777294245724 0.03996418007896621 -0.0048850952016945386 0.11783846675914569 0.016011596000439259 0.089661808553821831 0.13394361387128415 0.020846493579117598 0.037040063813203385 0.13863490446243174 0.08478177541705828 -0.030458061411806427 0.045869495998857791 0.085831700247810172 0.27462005525382599
leaf_weight=12961 2481 5591 342 2557 1746 57 282 891 546 225 3913 664 2434 167
leaf_count=12961 2481 5591 342 2557 1746 57 282 891 546 225 3913 664 2434 167
internal_value=1.5617e-06 -0.0313041 0.0635773 0.0582597 0.0707648 0.166126 0.0587858 0.000876391 0.101367 0.0215967 -0.0436671 0.0725859 0.0772834 0.239312
internal_weight=34857 23356 11501 10935 8153 566 5861 6482 2292 2782 16874 3380 3098 224
internal_count=34857 23356 11501 10935 8153 566 5861 6482 2292 2782 16874 3380 3098 224
is_linear=0
shrinkage=0.05


Tree=3
num_leaves=15
num_cat=0
split_feature=3 3 60 59 62 56 3 61 57 3 62 59 57 61
split_gain=25062.8 2973.45 2261.49 1818.55 877.388 733.191 699.916 717.747 485.254 465.998 445.127 443.26 356.574 336.205
threshold=43.166666666666679 2.8333333333333335 1.5000000000000002 1148.7500000000002 496885.00000000006 0.38750000000000007 73.833333333333357 54.500000000000007 3.7500000000000004 87.833333333333357 36759.000000000007 1173.7500000000002 2.7500000000000004 40.500000000000007
decision_type=10 8 2 2 2 10 10 2 2 10 2 2 2 2
left_child=1 -1 3 4 9 -4 -5 8 -8 -2 -3 -7 13 -12
right_child=2 10 5 6 -6 11 7 -9 -10 -11 12 -13 -14 -15
leaf_value=-0.041630762872922028 0.044559518178749875 -0.013612565979139422 0.10878345933484489 0.0080636825415603356 0.10626029765297627 0.28808506781836435 0.0564687029883746 0.10929050664680368 0.019787755657794351 0.078337453229305076 -0.020394870834285494 0.14678371697311152 -0.0018954036100820454 0.046123558780048611
leaf_weight=16756 2016 3204 351 1807 1522 125 1845 398 1770 2086 233 105 1628 1011
leaf_count=16756 2016 3204 351 1807 1522 125 1845 398 1770 2086 233 105 1628 1011
internal_value=2.48912e-06 -0.0307655 0.0584229 0.0535289 0.0738086 0.154648 0.0339231 0.0455586 0.0385209 0.0617502 -0.000796734 0.224145 0.0134918 0.0336414
internal_weight=34857 22832 12025 11444 5624 581 5820 4013 3615 4102 6076 230 2872 1244
internal_count=34857 22832 12025 11444 5624 581 5820 4013 3615 4102 6076 230 2872 1244
is_linear=0
shrinkage=0.05


Tree=4
num_leaves=15
num_cat=0
split_feature=3 12 60 59 62 56 2 62 61 59 12 61 61 14
split_gain=22642 3041.69 2048.09 1589.87 726.317 646.162 628.568 546.246 545.22 416.405 409.358 355.413 335.426 286.973
threshold=49.833333333333336 0.58333333333333337 1.5000000000000002 1148.7500000000002 55880.000000000007 0.38750000000000007 2.7888888888888892 84133.500000000015 42.500000000000007 1173.7500000000002 9.1666666666666696 54.500000000000007 56.500000000000007 17.050000000000004
decision_type=10 8 2 2 2 10 10 2 2 2 8 2 2 10
left_child=1 -1 3 4 -2 -4 -5 -3 -6 13 -9 -8 -10 -7
right_child=2 7 5 6 8 9 11 10 12 -11 -12 -13 -14 -15
leaf_value=-0.040051593339057834 0.045116674461402273 -0.0099248270568329487 0.10652391100995734 0.020638916507023132 0.030440042300017234 0.18756951573349182 0.045232330936709426 0.0083815222199229433 0.085566600768190781 0.14147715656951285 0.060262925090600938 0.09725203874134522 0.13556479381491832 0.34857301703878568
leaf_weight=16378 1715 4841 342 3438 414 52 1715 1642 2861 104 495 408 384 68
leaf_count=16378 1715 4841 342 3438 414 52 1715 1642 2861 104 495 408 384 68
internal_value=3.25013e-06 -0.0282741 0.0574292 0.0526203 0.0720185 0.150165 0.033865 -0.0006268 0.0846129 0.216299 0.020422 0.0552618 0.0915109 0.28008
internal_weight=34857 23356 11501 10935 5374 566 5561 6978 3659 224 2137 2123 3245 120
internal_count=34857 23356 11501 10935 5374 566 5561 6978 3659 224 2137 2123 3245 120
is_linear=0
shrinkage=0.05


Tree=5
num_leaves=15
num_cat=0
split_feature=36 3 60 57 3 61 62 61 62 53 50 3 40 44
split_gain=20472.1 2234.46 2028.17 1583.5 1365.2 738.392 691.539 418.294 418.368 402.126 400.959 371.875 351.326 334.629
threshold=7.2666666666666693 1.0000000180025095e-35 1.5000000000000002 3.7500000000000004 77.833333333333357 58.500000000000007 456908.50000000006 40.500000000000007 35867.000000000007 1.1547619047619049 1.1055555555555558 56.166666666666679 13.670000000000002 3.6125000000000003
decision_type=10 8 2 2 10 2 2 2 2 10 10 8 10 10
left_child=1 -1 3 4 13 10 -4 -3 -9 -5 -6 -10 -8 -2
right_child=2 7 6 9 5 -7 12 8 11 -11 -12 -13 -14 -15
leaf_value=-0.038644705887553976 0.018158704401876755 -0.028967722844148766 0.10401028070960586 0.049434083822437559 0.046734452409044946 0.13854864308309076 0.17161393538890582 -0.010074856852918238 0.0076990152411626593 0.005660451779904728 0.077106786757292226 0.056621259778707946 0.31905895351182401 0.050648463894396145
leaf_weight=15824 1864 1350 414 679 1578 398 132 3009 1807 2311 3551 495 61 1384
leaf_count=15824 1864 1350 414 679 1578 398 132 3009 1807 2311 3551 495 61 1384
internal_value=4.35245e-06 -0.0284184 0.0516613 0.0470555 0.0577638 0.0728859 0.140779 -0.00411985 0.00219364 0.015616 0.0677727 0.0182397 0.219049 0.0320162
internal_weight=34857 22485 12372 11765 8775 5527 607 6661 5311 2990 5129 2302 193 3248
internal_count=34857 22485 12372 11765 8775 5527 607 6661 5311 2990 5129 2302 193 3248
is_linear=0
shrinkage=0.05


Tree=6
num_leaves=15
num_cat=0
split_feature=3 3 62 59 59 3 61 62 51 49 36 47 31 41
split_gain=18514.2 2478.99 1452.24 835.108 570.367 425.983 413.13 394.838 375.303 416.411 372.281 301.252 293.673 268.892
threshold=49.833333333333336 3.4166666666666674 477436.00000000006 1157.5000000000002 1157.5000000000002 87.833333333333357 40.500000000000007 84133.500000000015 0.41666666666666669 2.9000000000000004 11.166666666666671 0.029999999999999999 1.6290000000000002 34.675000000000004
decision_type=10 8 2 2 2 10 2 2 10 10 8 10 10 10
left_child=1 11 3 5 8 -2 -3 -8 9 -4 -9 -1 -7 -6
right_child=2 6 4 -5 13 12 7 10 -10 -11 -12 -13 -14 -15
leaf_value=-0.039365647422700933 0.039213935942127048 -0.025372892731971866 0.12271312864836414 0.02444669097178144 0.052826194041469543 0.079560037076200921 -0.0025048690780463834 0.014225394718305749 0.09047532073991725 0.28339082614296957 0.071010250895215371 -0.023581333502452017 0.033545141898173488 0.15460304739701489
leaf_weight=12911 1981 1229 189 4011 1413 1860 3589 1292 1497 52 372 3963 430 68
leaf_count=12911 1981 1229 189 4011 1413 1860 3589 1292 1497 52 372 3963 430 68
internal_value=5.11513e-06 -0.025565 0.0519334 0.0408461 0.0804408 0.0562367 0.000713527 0.00682334 0.0998959 0.158001 0.0269526 -0.0356609 0.0709398 0.0575667
internal_weight=34857 23356 11501 8282 3219 4271 6482 5253 1738 241 1664 16874 2290 1481
internal_count=34857 23356 11501 8282 3219 4271 6482 5253 1738 241 1664 16874 2290 1481
is_linear=0
shrinkage=0.05


Tree=7
num_leaves=15
num_cat=0
split_feature=12 13 4 57 60 57 60 36 61 5 61 48 59 61
split_gain=16782.2 1792.61 1251.01 1079.94 1028.18 560.471 490.821 386.817 373.116 351.553 331.658 323.023 300.064 284.281
threshold=3.8333333333333335 17.366666666666671 2.1000000000000005 2.7500000000000004 1.5000000000000002 3.7500000000000004 1.5000000000000002 8.3666666666666671 44.500000000000007 78.414285714285725 46.500000000000007 2.5833333333333335 1122.5000000000002 40.500000000000007
decision_type=10 10 8 2 2 2 2 10 2 10 2 10 2 2
left_child=2 3 -1 6 5 11 7 -2 -4 -5 -6 -3 -8 -9
right_child=1 4 8 9 10 -7 12 13 -10 -11 -12 -13 -14 -15
leaf_value=-0.035583295343559994 0.020557496580442126 0.070050348257988157 -0.019016856528452752 0.0097215707043577671 0.10378113059433783 0.030483011869181662 0.081589706895716041 0.0073642096411337902 0.0061758126049474699 0.035723418414302925 0.23772740529949773 0.11420604935893917 0.20864456726559277 0.059889987113703774
leaf_weight=15102 1030 1755 3592 3800 78 740 136 282 2485 1979 121 548 72 3137
leaf_count=15102 1030 1755 3592 3800 78 740 136 282 2485 1979 121 548 72 3137
internal_value=5.70227e-06 0.0431764 -0.0278743 0.0330805 0.0756573 0.0684206 0.0510002 0.0474704 -0.00871132 0.0186325 0.185743 0.0805906 0.126085 0.0555667
internal_weight=34857 13678 21179 10436 3242 3043 4657 4449 6077 5779 199 2303 208 3419
internal_count=34857 13678 21179 10436 3242 3043 4657 4449 6077 5779 199 2303 208 3419
is_linear=0
shrinkage=0.05


Tree=8
num_leaves=15
num_cat=0
split_feature=3 3 60 57 2 0 57 53 45 57 47 48 59 53
split_gain=15219.6 2159.06 1573.78 1227.53 682.689 541.14 356.125 350.99 318.576 279.076 252.007 246.013 226.693 214.419
threshold=54.166666666666679 3.4166666666666674 1.5000000000000002 3.7500000000000004 2.1180555555555558 4.8333333333333348 2.7500000000000004 1.1547619047619049 4.8416666666666677 3.2500000000000004 0.029999999999999999 2.5833333333333335 1122.5000000000002 1.8541666666666667
decision_type=10 8 2 2 10 10 2 10 10 2 10 10 2 10
left_child=1 10 3 4 13 9 -3 -5 -6 12 -1 -10 -4 -2
right_child=2 6 5 7 8 -7 -8 -9 11 -11 -12 -13 -14 -15
leaf_value=-0.035621562583257098 0.049024368591217671 0.014100670009120018 0.085599689799313816 0.048000580009457353 0.059575558975215041 0.23550664288510245 -0.0089035680406197252 0.0050031464021889965 0.076065938944314432 0.052992174140991478 -0.021183667443406749 0.13105921801602236 0.17584290349419551 0.024102357177238857
leaf_weight=12911 1848 2964 128 615 3382 101 3889 2082 736 158 3963 286 161 1633
leaf_count=12911 1848 2964 128 615 3382 101 3889 2082 736 158 3963 286 161 1633
internal_value=6.44405e-06 -0.0226211 0.0482452 0.0439586 0.053919 0.130859 0.00104268 0.0148242 0.0670077 0.106922 -0.0322329 0.0915365 0.136177 0.0373453
internal_weight=34857 23727 11130 10582 7885 548 6853 2697 4404 447 16874 1022 289 3481
internal_count=34857 23727 11130 10582 7885 548 6853 2697 4404 447 16874 1022 289 3481
is_linear=0
shrinkage=0.05


Tree=9
num_leaves=15
num_cat=0
split_feature=45 3 60 3 57 50 57 57 17 40 53 2 60 59
split_gain=13804.6 1545.19 1379.5 1284.59 866.591 494.714 478.996 474.661 364.799 349.864 307.068 216.263 206.588 193.655
threshold=1.1166666666666669 77.166666666666671 1.5000000000000002 1.0000000180025095e-35 3.7500000000000004 1.1055555555555558 3.2500000000000004 2.7500000000000004 0.38750000000000007 27.33666666666667 1.1547619047619049 2.6125000000000003 1.5000000000000002 1227.5000000000002
decision_type=10 10 2 8 2 10 2 2 10 10 10 10 2 2
left_child=3 7 4 -1 5 -3 8 -2 -4 11 13 -7 -5 -6
right_child=1 2 6 12 10 9 -8 -9 -10 -11 -12 -13 -14 -15
leaf_value=-0.031605111590463517 0.036741174328102158 0.036699121920917226 0.14628602720735487 -0.0065591325627908405 0.1099398089462354 0.052921414083677301 0.065045354609596137 0.0056664717561109267 0.27716029860601304 0.12765390327832873 0.010118684438125329 0.077172566981347668 0.040330116115491421 0.036668980451091231
leaf_weight=15824 2198 1604 181 5922 126 1747 121 2792 78 245 1470 1981 244 324
leaf_count=15824 2198 1604 181 5922 126 1747 121 2792 78 245 1470 1981 244 324
internal_value=7.04718e-06 0.0411418 0.054934 -0.0240613 0.0502109 0.0601874 0.147861 0.0193616 0.186254 0.0696581 0.0212111 0.0658234 -0.00469646 0.0573396
internal_weight=34857 12867 7877 21990 7497 5577 380 4990 259 3973 1920 3728 6166 450
internal_count=34857 12867 7877 21990 7497 5577 380 4990 259 3973 1920 3728 6166 450
is_linear=0
shrinkage=0.05


Tree=10
num_leaves=15
num_cat=0
split_feature=36 60 12 3 57 62 62 57 62 40 0 53 2 44
split_gain=12498.3 1445.91 1332.69 1060.74 773.595 538.672 461.37 424.145 329.223 307.008 299.515 274.554 245.808 245.112
threshold=7.2666666666666693 1.5000000000000002 0.58333333333333337 77.166666666666671 3.7500000000000004 1144827.5000000002 31964.000000000004 2.7500000000000004 36759.000000000007 27.33666666666667 4.8333333333333348 1.1547619047619049 1.3875000000000002 3.6125000000000003
decision_type=10 2 8 10 2 2 2 2 2 10 10 10 10 10
left_child=2 3 12 7 6 10 -5 13 -4 -8 -3 -6 -1 -2
right_child=1 5 8 4 11 -7 9 -9 -10 -11 -12 -13 -14 -15
leaf_value=-0.030820125229051445 0.018514250778270226 0.080979268588787248 -0.012645836164065014 0.027527234640245465 0.05477113308424645 0.23316151093272769 0.060896779114253369 0.0026880585376788837 0.010709221580886989 0.11492290363935508 0.19052178980149076 0.0099576293600226583 0.0020093592208184014 0.054834326794444346
leaf_weight=15785 1071 450 3396 1057 446 84 4217 2399 2714 282 73 1468 590 825
leaf_count=15785 1071 450 3396 1057 446 84 4217 2399 2714 282 73 1468 590 825
internal_value=7.75955e-06 0.0403699 -0.0222001 0.0364808 0.0478664 0.115616 0.0573127 0.0166695 -0.00226764 0.0643011 0.0964843 0.0204247 -0.0296357 0.0343416
internal_weight=34857 12372 22485 11765 7470 607 5556 4295 6110 4499 523 1914 16375 1896
internal_count=34857 12372 22485 11765 7470 607 5556 4295 6110 4499 523 1914 16375 1896
is_linear=0
shrinkage=0.05


Tree=11
num_leaves=15
num_cat=0
split_feature=12 3 60 2 59 57 57 31 62 17 48 53 62 45
split_gain=11310.4 1531.79 1093.29 858.702 703.513 462.886 441.841 389.16 378.741 312.044 284.554 273.956 270.346 316.556
threshold=3.8333333333333335 77.166666666666671 1.5000000000000002 0.29285714285714287 1112.5000000000002 3.2500000000000004 2.7500000000000004 1.3810000000000004 711812.50000000012 0.38750000000000007 1.1666666666666667 2.0500000000000003 35124.500000000007 2.3416666666666677
decision_type=10 10 2 8 2 2 2 10 2 10 10 10 2 8
left_child=3 6 4 -1 7 9 -2 11 -6 -4 -10 -3 -5 -14
right_child=1 2 5 12 8 -7 -8 -9 10 -11 -12 -13 13 -15
leaf_value=-0.029202398724071078 0.031188496166626639 0.084047899943165139 0.13352979369482063 -0.017407195641067442 0.026224898179012635 0.050089777371984848 0.0037431045789917284 0.035523462702171917 0.0037383873528586986 0.25459103820812862 0.073691681042724569 0.026894620855158802 -0.0037444321191011359 0.038851845598517169
leaf_weight=15189 2699 1772 181 3011 3605 117 3216 779 178 78 813 240 2449 530
leaf_count=15189 2699 1772 181 3011 3605 117 3216 779 178 78 813 240 2449 530
internal_value=8.317e-06 0.0354493 0.050056 -0.0228796 0.0458109 0.133218 0.0162722 0.0656219 0.033769 0.170505 0.0611603 0.0772512 -0.00684131 0.00383082
internal_weight=34857 13678 7763 21179 7387 376 5915 2791 4596 259 991 2012 5990 2979
internal_count=34857 13678 7763 21179 7387 376 5915 2791 4596 259 991 2012 5990 2979
is_linear=0
shrinkage=0.05


Tree=12
num_leaves=15
num_cat=0
split_feature=3 3 62 59 59 62 51 62 59 39 48 32 47 41
split_gain=10242.7 1434.53 970.184 519.094 395.193 316.526 300.466 286.275 263.46 201.992 200.862 244.184 188.343 186.385
threshold=54.166666666666679 3.4166666666666674 477436.00000000006 1157.5000000000002 1157.5000000000002 36759.000000000007 0.41666666666666669 27154.000000000004 1157.5000000000002 5.5833333333333348 1.8333333333333337 0.56050000000000011 0.029999999999999999 34.675000000000004
decision_type=10 8 2 2 2 2 10 2 2 8 10 10 10 10
left_child=1 12 3 7 6 -3 10 -2 9 -7 -4 -12 -1 -6
right_child=2 5 4 -5 13 8 -8 -9 -10 -11 11 -13 -14 -15
leaf_value=-0.029318291657917939 0.021280474215049996 -0.0098434180203027088 0.070438908746842263 0.017125554566272207 0.039862276416943149 0.013411745519097068 0.070862761814883532 0.050839321676140782 -0.0027644904053933193 0.049915056165480566 0.21488324863874775 0.080891386345700103 -0.016835657122871089 0.12523186635088038
leaf_weight=12911 1137 3479 88 3867 1387 1181 1462 2971 1633 560 96 55 3963 67
leaf_count=12911 1137 3479 88 3867 1387 1181 1462 2971 1633 560 96 55 3963 67
internal_value=8.69862e-06 -0.018554 0.039582 0.0302876 0.0630592 0.000734281 0.0794425 0.0426678 0.0116484 0.0251785 0.131564 0.166671 -0.0263887 0.043855
internal_weight=34857 23727 11130 7975 3155 6853 1701 4108 3374 1741 239 151 16874 1454
internal_count=34857 23727 11130 7975 3155 6853 1701 4108 3374 1741 239 151 16874 1454
is_linear=0
shrinkage=0.05


Tree=13
num_leaves=15
num_cat=0
split_feature=36 60 12 57 2 62 61 62 0 62 57 61 58 52
split_gain=9281.33 1209.39 985.48 861.207 686.764 448.973 305.976 276.049 245.556 234.848 236.801 219.573 238.486 206.786
threshold=7.2666666666666693 1.5000000000000002 0.58333333333333337 3.7500000000000004 2.1339285714285716 1144827.5000000002 40.500000000000007 35867.000000000007 4.8333333333333348 19165.500000000004 2.7500000000000004 58.500000000000007 1047.5000000000002 0.70833333333333337
decision_type=10 2 8 2 10 2 2 2 10 2 2 2 2 10
left_child=2 3 -1 4 -2 8 -4 -6 -3 -8 -11 12 -9 -5
right_child=1 5 6 13 7 -7 9 11 -10 10 -12 -13 -14 -15
leaf_value=-0.025522544563443769 0.024652542072627924 0.072093092101201267 -0.024830929353423653 0.050529716067358024 0.01459804242911868 0.21092673093962247 -0.0088851488889571464 0.086846627111751507 0.17129829128076432 0.028809441596070684 -0.00046911773733447604 0.088624202107909444 0.047615471033771513 0.0039664656665967073
leaf_weight=16375 4241 450 1182 261 433 84 2155 444 73 1287 1486 478 3179 2729
leaf_count=16375 4241 450 1182 261 433 84 2155 444 73 1287 1486 478 3179 2729
internal_value=8.9776e-06 0.034791 -0.0191285 0.0312342 0.0391311 0.103608 -0.00198751 0.0526644 0.0861382 0.00348846 0.0131133 0.0566752 0.0524415 0.00804715
internal_weight=34857 12372 22485 11765 8775 607 6110 4534 523 4928 2773 4101 3623 2990
internal_count=34857 12372 22485 11765 8775 607 6110 4534 523 4928 2773 4101 3623 2990
is_linear=0
shrinkage=0.05


Tree=14
num_leaves=15
num_cat=0
split_feature=45 4 57 62 45 61 57 4 62 61 48 61 48 30
split_gain=8420.68 1185.13 981.785 647.046 400.893 389.846 304.02 293.06 278.896 269.354 224.749 220.54 201.263 197.222
threshold=1.6166666666666671 2.4500000000000006 3.7500000000000004 394483.00000000006 4.8416666666666677 40.500000000000007 2.7500000000000004 68.100000000000009 27154.000000000004 42.500000000000007 2.4166666666666674 40.500000000000007 2.1666666666666674 1.0007500000000003
decision_type=10 8 2 2 10 2 2 8 2 2 10 2 10 10
left_child=1 -1 3 8 9 -3 7 -7 12 -5 -6 -10 -2 -12
right_child=2 5 -4 4 10 6 -8 -9 11 -11 13 -13 -14 -15
leaf_value=-0.025090552267707601 0.011352289319524929 -0.024311356134498488 0.0104550718313954 -0.0010798317858194419 0.075842689593775048 0.0068853136299746988 -0.0062589321649116365 0.044501983353714691 0.0041578079485800777 0.058872814041388159 0.16983790989564762 0.045623396583389153 0.077970150918492423 0.079129707431735627
leaf_weight=15220 1416 1581 2783 208 511 2521 3860 652 354 1813 153 3559 123 103
leaf_count=15220 1416 1581 2783 208 511 2521 3860 652 354 1813 153 3559 123 103
internal_value=9.2756e-06 -0.0167028 0.0361456 0.0448182 0.0644233 -0.00187906 0.00316148 0.0146286 0.0347832 0.0526914 0.095249 0.0418795 0.0167164 0.133665
internal_weight=34857 23834 11023 8240 2788 8614 7033 3173 5452 2021 767 3913 1539 256
internal_count=34857 23834 11023 8240 2788 8614 7033 3173 5452 2021 767 3913 1539 256
is_linear=0
shrinkage=0.05


Tree=15
num_leaves=15
num_cat=0
split_feature=12 60 12 5 57 62 62 53 57 62 1 42 45 44
split_gain=7621.25 1046.69 791.757 592.53 535.79 419.605 322.125 284.407 283.804 239.067 227.314 223.478 216.15 209.522
threshold=3.8333333333333335 1.5000000000000002 11.833333333333334 8.5277777777777803 3.7500000000000004 1471477.0000000002 377744.50000000006 1.1055555555555558 2.7500000000000004 29572.000000000004 0.90000000000000013 14.833333333333334 2.3416666666666677 19.225000000000005
decision_type=10 2 10 8 2 2 2 8 2 2 10 10 8 10
left_child=3 2 8 -1 6 10 -4 -6 -2 -5 -3 -8 -11 -13
right_child=1 5 4 9 7 -7 11 -9 -10 12 -12 13 -14 -15
leaf_value=-0.024363862386204298 0.024359076903390856 0.0029671882523498575 0.034942264767108551 -0.01619425657469151 0.043911032538543449 0.21582508215978113 0.052085250717969982 0.00077117996421781603 0.0019672485653398522 -0.0026772732073647616 0.088500692046272478 0.1114939888333254 0.031227991763856044 0.020116721954688711
leaf_weight=14647 2559 91 3280 3139 542 59 1721 1296 3171 2830 557 323 563 79
leaf_count=14647 2559 91 3280 3139 542 59 1721 1296 3171 2830 557 323 563 79
internal_value=9.40498e-06 0.0291019 0.0258677 -0.0187784 0.036858 0.0883424 0.0447923 0.0135146 0.011973 -0.0062492 0.0765391 0.059987 0.00294503 0.0936462
internal_weight=34857 13678 12971 21179 7241 707 5403 1838 5730 6532 648 2123 3393 402
internal_count=34857 13678 12971 21179 7241 707 5403 1838 5730 6532 648 2123 3393 402
is_linear=0
shrinkage=0.05


Tree=16
num_leaves=15
num_cat=0
split_feature=3 12 60 59 56 62 59 62 61 61 51 57 61 45
split_gain=6958.42 959.366 882.379 641.196 378.055 344.181 307.488 300.752 299.672 286.896 220.155 205.845 202.143 192.205
threshold=54.166666666666679 0.83333333333333337 1.5000000000000002 1148.7500000000002 0.38750000000000007 55880.000000000007 1198.7500000000002 82077.000000000015 54.500000000000007 42.500000000000007 1.5833333333333337 3.7500000000000004 42.500000000000007 2.3416666666666677
decision_type=10 8 2 2 10 2 2 2 2 2 10 2 2 8
left_child=1 -1 3 5 -4 10 -6 -3 11 -7 -2 12 -5 -9
right_child=2 7 4 8 6 9 -8 13 -10 -11 -12 -13 -14 -15
leaf_value=-0.021850694255708247 0.046668305919486647 -0.0069453794067661214 0.06058625762725213 -0.01072435986265762 0.1847477145541887 0.010418718799936331 0.053724101878247645 0.0070403711257444948 0.0537083867683825 0.055707619934294517 0.0087345292352165559 0.0028336721988084087 0.029268053601672936 0.041391623628892232
leaf_weight=16641 612 4820 331 369 152 395 65 1733 512 3163 1025 2352 2154 533
leaf_count=16641 612 4820 331 369 152 395 65 1733 512 3163 1025 2352 2154 533
internal_value=9.64134e-06 -0.0152901 0.0326273 0.029417 0.0944892 0.0419533 0.14583 0.000113838 0.0173201 0.050689 0.0229414 0.0134882 0.0234081 0.0151387
internal_weight=34857 23727 11130 10582 548 5195 217 7086 5387 3558 1637 4875 2523 2266
internal_count=34857 23727 11130 10582 548 5195 217 7086 5387 3558 1637 4875 2523 2266
is_linear=0
shrinkage=0.05


Tree=17
num_leaves=15
num_cat=0
split_feature=45 14 57 48 3 53 30 57 3 14 40 49 53 48
split_gain=6293.45 879.741 748.319 524.162 324.367 278.551 264.722 263.736 247.904 226.891 210.791 196.553 190.612 161.325
threshold=1.6166666666666671 1.8166666666666669 3.7500000000000004 1.8333333333333337 80.833333333333357 2.3541666666666674 0.58833333333333349 2.7500000000000004 76.166666666666671 18.211111111111112 27.33666666666667 2.9000000000000004 1.0500000000000003 3.8333333333333335
decision_type=10 8 2 10 10 10 10 2 10 10 10 10 10 10
left_child=1 -1 3 4 -2 10 9 8 -3 -5 -6 -11 -4 -13
right_child=2 7 12 6 5 -7 -8 -9 -10 11 -12 13 -14 -15
leaf_value=-0.021252361208244898 0.013345376612069132 0.0060243405440003443 0.036666996744687951 0.058205203647410934 0.040924987987859665 -0.0016130641198248336 0.042669914105741433 -0.0091629089636645674 0.065092939569971836 0.081765263408043215 0.10575101346400756 0.20906242399755187 0.002658844783477856 0.090936817980687562
leaf_weight=15855 1920 3425 503 792 3096 380 1495 4367 187 304 131 68 2280 54
leaf_count=15855 1920 3425 503 792 3096 380 1495 4367 187 304 131 68 2280 54
internal_value=9.81594e-06 -0.0144379 0.0312502 0.0388218 0.0299722 0.0388127 0.0568324 -0.000893251 0.00909794 0.0741707 0.0435803 0.103691 0.00881995 0.157566
internal_weight=34857 23834 11023 8240 5527 3607 2713 7979 3612 1218 3227 426 2783 122
internal_count=34857 23834 11023 8240 5527 3607 2713 7979 3612 1218 3227 426 2783 122
is_linear=0
shrinkage=0.05


Tree=18
num_leaves=15
num_cat=0
split_feature=3 12 60 59 61 56 61 62 60 59 53 61 58 51
split_gain=5711.69 842.808 743.195 563.146 351.414 333.403 302.04 300.534 289.502 279.369 257.697 228.568 205.157 251.816
threshold=57.500000000000007 0.58333333333333337 1.5000000000000002 1112.5000000000002 64.500000000000014 0.38750000000000007 42.500000000000007 25799.500000000004 1.5000000000000002 1198.7500000000002 2.0500000000000003 40.500000000000007 1047.5000000000002 0.83333333333333337
decision_type=10 8 2 2 2 10 2 2 2 2 10 2 2 10
left_child=1 -1 3 4 10 -4 -5 -8 11 -7 12 -3 -2 -14
right_child=2 8 5 6 -6 9 7 -9 -10 -11 -12 -13 13 -15
leaf_value=-0.019979824418388008 0.068261583551199601 -0.020836839888746461 0.05542714707697332 -0.011238448561973943 0.12604231392895734 0.17280181282424298 -0.00029943516722056516 0.027975776744793318 0.044805254250587456 0.04424507134124514 0.010350352736526619 0.0021923859128329857 0.068525840393242096 0.029328306962387751
leaf_weight=16396 749 1315 323 772 121 151 1186 4494 346 60 633 5948 530 1833
leaf_count=16396 749 1315 323 772 121 151 1186 4494 346 60 633 5948 530 1833
internal_value=1.01287e-05 -0.0135977 0.0301126 0.0271294 0.0422241 0.0876277 0.0180783 0.0220679 0.000151858 0.136555 0.0394928 -0.00197487 0.0454099 0.0381432
internal_weight=34857 24005 10852 10318 3866 534 6452 5680 7609 211 3745 7263 3112 2363
internal_count=34857 24005 10852 10318 3866 534 6452 5680 7609 211 3745 7263 3112 2363
is_linear=0
shrinkage=0.05


Tree=19
num_leaves=15
num_cat=0
split_feature=45 5 60 59 62 61 56 3 61 16 60 4 62 59
split_gain=5171.57 743.721 712.411 545.064 299.796 284.769 282.529 244.061 240.495 225.811 222.762 227.683 219.608 213.238
threshold=1.6166666666666671 8.5277777777777803 1.5000000000000002 1148.7500000000002 27154.000000000004 40.500000000000007 0.38750000000000007 80.416666666666671 55.500000000000007 1.0000000180025095e-35 1.5000000000000002 68.100000000000009 7833.5000000000009 1173.7500000000002
decision_type=10 8 2 2 2 2 10 10 2 10 2 8 2 2
left_child=1 -1 3 4 -2 -3 9 -5 -9 -4 11 -7 -13 -8
right_child=2 5 6 7 -6 10 13 8 -10 -11 -12 12 -14 -15
leaf_value=-0.020032009473762949 0.011674238732466362 -0.021088548367566743 -0.00090205266011808701 -0.00040613805191442231 0.042817581343066319 -0.0041726821908902026 0.17306108904932335 0.018000630763362432 0.064985330622090207 0.08624662986844589 0.038733946208255758 -0.0272491469813812 0.027299800032104544 0.075183235488185604
leaf_weight=14727 951 1588 119 1854 4188 5758 119 3190 298 195 395 219 1147 109
leaf_count=14727 951 1588 119 1854 4188 5758 119 3190 298 195 395 219 1147 109
internal_value=1.02662e-05 -0.0130865 0.0283297 0.0254329 0.0370609 -0.00185154 0.0842245 0.0142398 0.0220307 0.0531905 0.00220909 0.000177829 0.0185293 0.126645
internal_weight=34857 23834 11023 10481 5139 9107 542 5342 3488 314 7519 7124 1366 228
internal_count=34857 23834 11023 10481 5139 9107 542 5342 3488 314 7519 7124 1366 228
is_linear=0
shrinkage=0.05


Tree=20
num_leaves=15
num_cat=0
split_feature=0 60 62 59 45 62 42 62 36 48 13 48 59 17
split_gain=4684.14 693.895 591.758 556.633 338.223 325.235 274.889 269.4 213.689 201.764 176.88 179.768 146.257 197.127
threshold=0.83333333333333337 1.5000000000000002 84133.500000000015 1148.7500000000002 2.5416666666666674 1144827.5000000002 1.8333333333333337 496885.00000000006 1.0000000180025095e-35 0.83333333333333337 17.225000000000005 1.1666666666666667 1025.0000000000002 0.21111111111111114
decision_type=10 2 2 2 8 2 10 2 10 10 10 10 2 10
left_child=2 3 8 7 -4 9 -5 -2 -1 -3 -8 -12 13 -9
right_child=1 5 4 6 -6 -7 10 12 -10 -11 11 -13 -14 -15
leaf_value=-0.019384783667086628 0.027316204372726156 0.12120462052939787 -0.0011339890187417655 -0.0041909948022028571 0.042096677244331339 0.17019518001738823 0.012438306887008754 0.18084369983413431 -0.0061785719062592073 0.046251504613548267 0 0.046818089140450131 0.047811311398137796 0.043916511781837635
leaf_weight=15318 4019 116 3326 1826 523 82 2764 50 3837 409 268 875 1387 57
leaf_count=15318 4019 116 3326 1826 523 82 2764 50 3837 409 268 875 1387 57
internal_value=1.01576e-05 0.0255448 -0.0131459 0.0227287 0.00473838 0.0776155 0.0118121 0.0340743 -0.0167409 0.0629597 0.0192974 0.0358496 0.0522221 0.108677
internal_weight=34857 11853 23004 11246 3849 607 5733 5513 19155 525 3907 1143 1494 107
internal_count=34857 11853 23004 11246 3849 607 5733 5513 19155 525 3907 1143 1494 107
is_linear=0
shrinkage=0.05


Tree=21
num_leaves=15
num_cat=0
split_feature=3 12 61 57 57 30 61 60 42 60 53 57 62 4
split_gain=4261.18 630.168 600.765 494.947 367.527 249.534 240.928 229.954 222.274 194.184 184.124 183.814 173.608 230.163
threshold=57.500000000000007 0.83333333333333337 55.500000000000007 2.7500000000000004 2.2500000000000004 1.8883333333333334 40.500000000000007 1.5000000000000002 1.1666666666666667 1.5000000000000002 2.3166666666666669 3.7500000000000004 84133.500000000015 27.675000000000004
decision_type=10 8 2 2 2 10 2 2 10 2 10 2 2 10
left_child=1 -1 3 4 5 -2 -3 12 -5 -4 11 -10 -8 -14
right_child=2 6 9 8 -6 -7 7 -9 10 -11 -12 -13 13 -15
leaf_value=-0.017126844577640851 0.037288337941206499 -0.018897886651823823 0.059137408762248614 -0.0079919222517713766 0.13428904332139127 3.4648794721801087e-05 -0.0032184920986233234 0.048564614783907029 0.030712618424623597 0.15178353316415616 -0.012859635383172889 0.0093073365496078603 0.037714700300403574 0.00066920563084892483
leaf_weight=16651 3818 1320 816 1061 91 511 4008 284 2172 61 450 1872 705 1037
leaf_count=16651 3818 1320 816 1061 91 511 4008 284 2172 61 450 1872 705 1037
internal_value=1.03435e-05 -0.0117431 0.0260111 0.0225167 0.0350052 0.0328972 0.000443629 0.00468014 0.012573 0.0656927 0.0174342 0.0208125 0.00250425 0.0156827
internal_weight=34857 24005 10852 9975 4420 4329 7354 6034 5555 877 4494 4044 5750 1742
internal_count=34857 24005 10852 9975 4420 4329 7354 6034 5555 877 4494 4044 5750 1742
is_linear=0
shrinkage=0.05


Tree=22
num_leaves=15
num_cat=0
split_feature=45 5 62 58 59 46 49 3 53 3 50 32 62 59
split_gain=3867.27 564.548 493.304 225.772 223.394 236.832 252.514 186.504 167.372 172.006 155.687 154.437 152.887 153.574
threshold=1.6166666666666671 8.5277777777777803 394483.00000000006 1287.5000000000002 1257.5000000000002 4.8450000000000015 3.1000000000000005 78.166666666666671 2.4142857142857146 82.833333333333357 1.788888888888889 1.5765000000000002 14874.500000000002 1152.5000000000002
decision_type=10 8 2 2 2 10 10 10 10 10 10 10 2 2
left_child=1 -1 3 8 5 -4 -7 12 9 -2 -9 -11 -3 -14
right_child=2 7 4 -5 -6 6 -8 10 -10 11 -12 -13 13 -15
leaf_value=-0.017366378882814826 0.012330210909645105 -0.012644054238491246 0.037338481567682026 -0.0068895503733158465 0.013295529786156127 0.058731422526725599 0.14628790522589111 0.015669681973482254 -0.006396979091908634 0.034033995885712383 0.092977339212927682 0.0052707806789728572 0.0093778920340874764 -0.0067390550213079579
leaf_weight=14727 2415 2807 2215 864 660 641 95 303 538 3041 83 554 3033 2881
leaf_count=14727 2415 2807 2215 864 660 641 95 303 538 3041 83 554 3033 2881
internal_value=1.02923e-05 -0.011315 0.0244996 0.0171089 0.0396585 0.045543 0.0701585 -0.00152617 0.0202796 0.0226721 0.0324563 0.0296098 -0.00303491 0.0015224
internal_weight=34857 23834 11023 7412 3611 2951 736 9107 6548 6010 386 3595 8721 5914
internal_count=34857 23834 11023 7412 3611 2951 736 9107 6548 6010 386 3595 8721 5914
is_linear=0
shrinkage=0.05


Tree=23
num_leaves=15
num_cat=0
split_feature=0 57 60 62 46 45 42 49 53 38 41 1 60 57
split_gain=3495.62 635.749 624.183 471.028 343.59 273.177 257.151 269.328 181.574 159.038 147.217 149.963 132.793 144.059
threshold=0.83333333333333337 3.7500000000000004 1.5000000000000002 84133.500000000015 4.8450000000000015 2.5416666666666674 1.8333333333333337 1.1000000000000003 1.1547619047619049 0.39000000000000007 34.675000000000004 5.2250000000000005 1.5000000000000002 2.7500000000000004
decision_type=10 2 2 2 10 8 10 10 10 10 10 10 2 2
left_child=3 2 6 9 -4 12 -2 -8 -3 -1 -9 -12 -5 -14
right_child=1 8 4 5 -6 -7 7 10 -10 -11 11 -13 13 -15
leaf_value=-0.017575062685358123 0.012306031919069156 0.02282514332804874 0.067676648215117791 -0.0031520585893287847 0.19795143988226419 0.038174750333707055 0.013038022011385634 0.036257905289276041 -0.0051005880981161789 -0.0076608396738623566 0.035936819768954659 0.15636659633545649 0.092922000869426868 0.0041184018378133897
leaf_weight=13331 2558 788 455 3135 57 523 1491 4178 2221 5824 53 52 76 115
leaf_count=13331 2558 788 455 3135 57 523 1491 4178 2221 5824 53 52 76 115
internal_value=1.01903e-05 0.0220688 0.0288231 -0.0113548 0.0824077 0.0046007 0.0255226 0.0313718 0.0022069 -0.0145623 0.0377461 0.0962736 -0.000676107 0.0397348
internal_weight=34857 11853 8844 23004 512 3849 8332 5774 3009 19155 4283 105 3326 191
internal_count=34857 11853 8844 23004 512 3849 8332 5774 3009 19155 4283 105 3326 191
is_linear=0
shrinkage=0.05


Tree=24
num_leaves=15
num_cat=0
split_feature=3 12 61 61 32 23 61 53 53 10 40 39 36 2
split_gain=3224.91 725.079 406.433 289.286 278.874 175.872 174.255 158.15 145.849 182.957 135.825 121.675 133.158 118.798
threshold=73.833333333333357 1.1666666666666667 55.500000000000007 40.500000000000007 1.7454050000000001 0.063025000000000012 54.500000000000007 2.0500000000000003 0.64583333333333337 1.0000000180025095e-35 13.430000000000003 15.71666666666667 19.166666666666675 1.2111111111111115
decision_type=10 8 2 2 10 10 2 10 10 8 10 10 10 10
left_child=1 13 4 -3 7 11 -5 10 9 -8 -2 -4 -13 -1
right_child=2 3 5 6 -6 -7 8 -9 -10 -11 -12 12 -14 -15
leaf_value=-0.015369351626462472 0.026675775914002327 -0.018178635368706113 0.052113891876750175 0.0046915521219170952 -0.0046897250222512985 0.016034371361519747 0.1503361492528828 0.0089794320656389794 0.020609351127428462 0.023472754006099897 0.046978252198964149 0.15501078342866598 0.077679615676258029 0.0034552976609762858
leaf_weight=16681 4821 1359 269 7019 773 155 54 1042 459 61 1000 79 205 880
leaf_count=16681 4821 1359 269 7019 773 155 54 1042 459 61 1000 79 205 880
internal_value=1.03577e-05 -0.00852079 0.0271199 0.00305785 0.0237514 0.0633727 0.00686301 0.0269586 0.0333453 0.0836528 0.0301716 0.0765695 0.0995132 -0.0144245
internal_weight=34857 26513 8344 8952 7636 708 7593 6863 574 115 5821 553 284 17561
internal_count=34857 26513 8344 8952 7636 708 7593 6863 574 115 5821 553 284 17561
is_linear=0
shrinkage=0.05


Tree=25
num_leaves=15
num_cat=0
split_feature=45 60 5 59 61 40 61 57 62 53 62 60 62 4
split_gain=2885.96 495.108 419.284 389.487 282.715 259.688 208.465 216.563 196.681 190.357 189.041 185.045 289.928 179.329
threshold=1.6166666666666671 1.5000000000000002 8.5277777777777803 1112.5000000000002 64.500000000000014 13.670000000000002 40.500000000000007 2.7500000000000004 107486.00000000001 1.8541666666666667 535494.50000000012 1.5000000000000002 107486.00000000001 68.100000000000009
decision_type=10 2 8 2 2 10 2 2 2 10 2 2 2 8
left_child=2 3 -1 4 9 -3 -4 11 -5 -2 -7 13 -13 -8
right_child=1 5 6 8 -6 10 7 -9 -10 -11 -12 12 -14 -15
leaf_value=-0.014987906593598738 0.035503722753100028 0.049901233206456584 -0.017796071338372615 0.0012412753668505588 0.1028603896387061 0.069019323359944137 0.002887956358121572 -0.0055636015691981787 0.018745613822399795 0.010086080258174321 0.20051818461017273 0.016828860090317307 0.15356478782046748 0.032620020357835969
leaf_weight=14727 2764 430 1588 2793 133 56 2589 4121 3782 1009 56 121 57 631
leaf_count=14727 2764 430 1588 2793 133 56 2589 4121 3782 1009 56 121 57 631
internal_value=1.05197e-05 0.021166 -0.00977286 0.0187508 0.0312591 0.0677629 -0.00133647 0.0021374 0.0113144 0.0287152 0.13559 0.0114838 0.0610626 0.00872626
internal_weight=34857 11023 23834 10481 3906 542 9107 7519 6575 3773 112 3398 178 3220
internal_count=34857 11023 23834 10481 3906 542 9107 7519 6575 3773 112 3398 178 3220
is_linear=0
shrinkage=0.05


Tree=26
num_leaves=15
num_cat=0
split_feature=3 12 60 50 57 59 59 61 59 59 61 41 60 42
split_gain=2677.05 585.986 442.508 283.185 260.507 251.576 376.078 234.415 200.809 182.51 154.721 152.646 147.086 140.955
threshold=73.833333333333357 1.1666666666666667 1.5000000000000002 1.1055555555555558 2.7500000000000004 1162.5000000000002 1122.5000000000002 40.500000000000007 1112.5000000000002 1096.2500000000002 64.500000000000014 10.73666666666667 1.5000000000000002 20.166666666666668
decision_type=10 8 2 10 2 2 2 2 2 2 2 10 2 10
left_child=1 -1 3 -2 7 6 9 -3 10 -4 13 -10 -9 -5
right_child=2 4 5 8 -6 -7 -8 12 11 -11 -12 -13 -14 -15
leaf_value=-0.013069348758760514 0.0074041315604104546 -0.017610072888698262 0.12006699558600641 0.033769304207837407 -0.0049755785306307846 0.035902841324471954 0.18895565813736004 0.01480475738208837 0.01445640272188144 -0.0088271955171456713 0.1013403961631521 0.03822511583529635 0.063758588236130939 0.087484049721985715
leaf_weight=17561 2322 565 51 1907 4975 201 93 3251 2561 58 99 921 161 131
leaf_count=17561 2322 565 51 1907 4975 201 93 3251 2561 58 99 921 161 131
internal_value=1.07508e-05 -0.00776198 0.0247105 0.0221089 0.00264677 0.0758212 0.115232 0.0121876 0.0281799 0.0515257 0.0402585 0.0207551 0.017131 0.0372549
internal_weight=34857 26513 8344 7941 8952 403 202 3977 5619 109 2137 3482 3412 2038
internal_count=34857 26513 8344 7941 8952 403 202 3977 5619 109 2137 3482 3412 2038
is_linear=0
shrinkage=0.05


Tree=27
num_leaves=15
num_cat=0
split_feature=3 12 57 30 39 30 57 61 48 50 59 48 30 52
split_gain=2416.48 528.862 340.279 277.06 247.269 260.83 235.122 211.593 208.743 197.471 161.173 150.387 149.567 138.447
threshold=73.833333333333357 1.1666666666666667 3.7500000000000004 1.0216666666666672 37.583333333333343 0.99225000000000008 2.7500000000000004 40.500000000000007 3.1666666666666674 1.2928571428571431 1157.5000000000002 1.0000000180025095e-35 1.1633333333333338 0.90000000000000013
decision_type=10 8 2 10 10 10 2 2 10 10 2 10 10 10
left_child=1 -1 3 4 5 8 7 -3 11 -5 13 -2 -11 -10
right_child=2 6 -4 9 -6 -7 -8 -9 10 12 -12 -13 -14 -15
leaf_value=-0.012415900476552921 0.096386576074649372 -0.016730347723691041 0.006005688944292948 0.0021511734642472185 0.11695115458016372 0.1233557396089081 -0.0047268245195899467 0.016275431666727905 0.17250199190019508 -0.0057444669602530751 0.01466468344189862 0.028856937895713537 0.034160655052371106 0.072520051403687544
leaf_weight=17561 85 565 2092 1151 100 85 4975 3412 56 273 64 2713 1628 97
leaf_count=17561 85 565 2092 1151 100 85 4975 3412 56 273 64 2713 1628 97
internal_value=1.09027e-05 -0.00737384 0.0234779 0.0293194 0.0396056 0.0370841 0.00251445 0.0115786 0.0346235 0.0185214 0.0818986 0.0309342 0.0284168 0.10972
internal_weight=34857 26513 8344 6252 3200 3100 8952 3977 3015 3052 217 2798 1901 153
internal_count=34857 26513 8344 6252 3200 3100 8952 3977 3015 3052 217 2798 1901 153
is_linear=0
shrinkage=0.05


Tree=28
num_leaves=15
num_cat=0
split_feature=3 3 61 62 58 57 32 61 23 58 32 61 53 52
split_gain=2183.26 510.123 357.027 246.435 244.561 231.147 211.706 186.954 156.985 154.972 149.043 156.345 135.022 262.305
threshold=77.166666666666671 3.8333333333333335 58.500000000000007 9242.0000000000018 1292.5000000000002 2.7500000000000004 1.7454050000000001 40.500000000000007 0.063025000000000012 1047.5000000000002 0.68807000000000007 62.500000000000007 2.3166666666666669 2.9000000000000004
decision_type=10 8 2 2 2 2 10 2 10 2 10 2 10 10
left_child=1 -1 4 -3 6 7 9 -5 -4 -2 11 -9 13 -11
right_child=2 3 8 5 -6 -7 -8 10 -10 12 -12 -13 -14 -15
leaf_value=-0.012073765990216477 0.051025013891301423 -0.014146175514633383 0.077042629127698145 -0.013729775283761689 -0.0052306025142494243 -0.0014803118300105696 -0.0028076221271650364 0.024986838108952521 0.014160679528173412 0.024705716342578465 0.0029812229737137988 0.11019178496019261 -0.0061017830143781744 0.13938719630241395
leaf_weight=16941 580 1874 416 471 841 4546 689 2108 132 4898 904 55 352 50
leaf_count=16941 580 1874 416 471 841 4546 689 2108 132 4898 904 55 352 50
internal_value=1.1035e-05 -0.00679461 0.0230171 0.00218417 0.0201291 0.00597354 0.0233798 0.015557 0.0619682 0.0264525 0.0200642 0.0271899 0.0237542 0.0258836
internal_weight=34857 26899 7958 9958 7410 8084 6569 3538 548 5880 3067 2163 5300 4948
internal_count=34857 26899 7958 9958 7410 8084 6569 3538 548 5880 3067 2163 5300 4948
is_linear=0
shrinkage=0.05


Tree=29
num_leaves=15
num_cat=0
split_feature=3 62 60 53 50 59 59 59 43 39 59 31 50 40
split_gain=1970.89 487.261 388.555 247.76 232.498 192.196 316.566 190.696 195.522 161.886 159.126 200.495 150.111 142.346
threshold=73.833333333333357 82077.000000000015 1.5000000000000002 2.0500000000000003 1.1055555555555558 1162.5000000000002 1122.5000000000002 1157.5000000000002 6.2250000000000005 0.70000000000000051 1112.5000000000002 1.2930000000000004 1.6125000000000003 29.340000000000007
decision_type=10 2 2 10 10 2 2 2 8 10 2 10 8 10
left_child=1 9 4 5 -2 6 -4 8 -3 -1 11 13 -13 -6
right_child=2 7 3 -5 10 -7 -8 -9 -10 -11 -12 12 -14 -15
leaf_value=-0.011917367702646085 0.0054419812861320228 0.0087073270487928994 0.058550098172183762 -0.018277338732171942 0.041801621794903536 0.048541479980281854 0.19722542955346828 -0.0031771376881613691 0.041096572524689068 0.0012411862176795671 0.017656401940250376 0.033728113265858839 -0.013970689007550628 0.11544534871689707
leaf_weight=18100 2322 2382 88 67 1404 169 79 2771 580 2680 3482 364 300 69
leaf_count=18100 2322 2382 88 67 1404 169 79 2771 580 2680 3482 364 300 69
internal_value=1.0762e-05 -0.00665838 0.021204 0.0690958 0.0187662 0.086594 0.124693 0.00624336 0.0150639 -0.0102191 0.0242669 0.0350197 0.0121455 0.0453063
internal_weight=34857 26513 8344 403 7941 336 167 5733 2962 20780 5619 2137 664 1473
internal_count=34857 26513 8344 403 7941 336 167 5733 2962 20780 5619 2137 664 1473
is_linear=0
shrinkage=0.05


Tree=30
num_leaves=15
num_cat=0
split_feature=0 57 60 46 58 61 61 61 3 53 61 3 62 58
split_gain=1789.87 439.505 421.401 290.487 249.729 246.812 237.963 187.505 184.912 168.284 238.54 155.957 154.9 153.523
threshold=0.58333333333333337 3.7500000000000004 1.5000000000000002 4.8450000000000015 1047.5000000000002 45.500000000000007 64.500000000000014 40.500000000000007 57.833333333333336 0.84523809523809534 52.500000000000007 78.166666666666671 82077.000000000015 1247.5000000000002
decision_type=10 2 2 10 2 2 2 2 8 10 2 10 2 2
left_child=5 2 4 -4 12 -1 7 -6 -7 10 -3 -9 -2 -12
right_child=1 9 3 -5 6 8 -8 11 -10 -11 13 -13 -14 -15
leaf_value=-0.011318090036991782 0.015234439816853962 0.00039701663069184384 0.048280290564478828 0.16599105736638747 -0.013138540342488049 0 0.062301684896212177 0.0065482116048626573 0.04011252016753189 -0.0052917465546810389 0.12981387107127826 0.020835943970154112 0.052743967926382807 0.02267857305024092
leaf_weight=18226 451 249 537 58 669 2398 244 3472 326 3109 76 4264 717 61
leaf_count=18226 451 249 537 58 669 2398 244 3472 326 3109 76 4264 717 61
internal_value=1.08133e-05 0.0139175 0.0190673 0.0599263 0.0165854 -0.00921965 0.0136488 0.0122298 0.00481112 -0.00141758 0.0296884 0.0144275 0.0382945 0.082549
internal_weight=34857 13907 10412 595 9817 20950 8649 8405 2724 3495 386 7736 1168 137
internal_count=34857 13907 10412 595 9817 20950 8649 8405 2724 3495 386 7736 1168 137
is_linear=0
shrinkage=0.05


Tree=31
num_leaves=15
num_cat=0
split_feature=1 60 57 61 62 62 61 62 27 49 58 61 22 58
split_gain=1621.41 477.294 290.399 236.096 215.03 208.841 203.384 164.545 163.528 145.443 177.26 133.49 219.691 131.422
threshold=0.77500000000000013 1.5000000000000002 2.7500000000000004 54.500000000000007 92310.500000000015 1588009.0000000002 43.500000000000007 19594.500000000004 0.038086666666666671 2.5500000000000003 1177.5000000000002 64.500000000000014 0.0059999999999999958 1047.5000000000002
decision_type=10 2 2 2 2 2 2 2 10 10 2 2 10 2
left_child=4 2 7 8 -1 -3 -6 -2 -4 -5 -11 13 -13 -9
right_child=1 5 3 9 6 -7 -8 11 -10 10 -12 12 -14 -15
leaf_value=-0.010559212091840839 -0.00028254408816609581 0.045744878367588754 -0.0048555747243973976 0.016990629827235156 -0.0092956210072877212 0.15070440625970805 0.017796951487212897 0.037886078536474778 0.011307487856706355 0.10140181704530858 0.0056017165967062413 0.11428278564146502 -0.00025925587576169234 0.01733480277043091
leaf_weight=18490 870 658 3878 467 1371 51 1398 991 2622 135 76 100 71 3679
leaf_count=18490 870 658 3878 467 1371 51 1398 991 2622 135 76 100 71 3679
internal_value=1.09239e-05 0.0134949 0.0112942 0.00459471 -0.00861286 0.053431 0.00437447 0.0197091 0.00166088 0.0326626 0.0671086 0.0233067 0.0667165 0.0217048
internal_weight=34857 13598 12889 7178 21259 709 2769 5711 6500 678 211 4841 171 4670
internal_count=34857 13598 12889 7178 21259 709 2769 5711 6500 678 211 4841 171 4670
is_linear=0
shrinkage=0.05


Tree=32
num_leaves=15
num_cat=0
split_feature=0 57 62 61 62 4 4 46 53 59 14 38 39 37
split_gain=1477.89 374.802 267.912 239.45 219.269 211.286 176.146 145.355 141.21 142.996 246.764 135.406 134.246 124.4
threshold=0.83333333333333337 3.7500000000000004 84133.500000000015 40.500000000000007 264891.50000000006 71.90000000000002 27.100000000000005 4.6266666666666678 1.1547619047619049 1227.5000000000002 18.527777777777782 23.290000000000003 0.5666666666666671 15.920000000000002
decision_type=10 2 2 2 2 8 10 10 10 2 10 10 10 10
left_child=2 3 -1 -2 -5 -4 -6 12 9 10 -3 13 -8 -9
right_child=1 8 5 4 6 -7 7 11 -10 -11 -12 -13 -14 -15
leaf_value=-0.0097977748531257302 -0.012125981686346654 0.012335693613100926 -0.00055702747487923292 0.015055295911224313 0.11713236299257319 0.030948247045935958 0.069422730398379734 -0.0028654813766479494 -0.0073407917611628785 0.0029609583978241019 0.11821424180046605 0.026111607456836307 0.020684841123124752 0.076244810427749499
leaf_weight=19155 558 160 3212 4991 59 637 151 56 2221 544 84 388 2241 400
leaf_count=19155 558 160 3212 4991 59 637 151 56 2221 544 84 388 2241 400
internal_value=1.08752e-05 0.014354 -0.00737861 0.01954 0.0216761 0.00465387 0.0316934 0.03011 -0.000880992 0.0172875 0.0490551 0.0479793 0.0237858 0.0664822
internal_weight=34857 11853 23004 8844 8286 3849 3295 3236 3009 788 244 844 2392 456
internal_count=34857 11853 23004 8844 8286 3849 3295 3236 3009 788 244 844 2392 456
is_linear=0
shrinkage=0.05


Tree=33
num_leaves=15
num_cat=0
split_feature=3 41 32 57 57 49 57 62 43 5 28 39 39 12
split_gain=1403.39 329.437 240.844 205.928 499.471 224.451 178.298 147.141 138.525 131.611 145.759 128.447 125.76 124.435
threshold=77.166666666666671 0.25277777777777782 1.7454050000000001 2.7500000000000004 2.2500000000000004 2.7750000000000004 2.7500000000000004 33595.500000000007 8.5500000000000025 74.316666666666677 0.038000000000000006 8.5416666666666696 33.516666666666673 9.1666666666666696
decision_type=10 8 10 2 2 10 2 2 10 10 10 8 10 10
left_child=1 -1 3 4 12 9 7 -3 -7 -5 -11 -9 -2 -12
right_child=2 6 -4 5 -6 8 -8 11 -10 10 13 -13 -14 -15
leaf_value=-0.010160421068412502 0.025627370449610665 -0.0022320666790223531 -0.0081115260578081064 -0.0042516843231249933 0.15876580220740916 0.023652306964575518 -0.0044879794949529124 0.0094876151955018331 0.088786471121785643 0.0044909509737789486 0.066150033891201027 0.034177643120501956 0.077249725404297295 0.021845966373570704
leaf_weight=15584 3016 2015 769 1111 74 184 6363 2247 149 1281 187 690 123 1064
leaf_count=15584 3016 2015 769 1111 74 184 6363 2247 149 1281 187 690 123 1064
internal_value=1.08023e-05 -0.00544545 0.0184559 0.0213017 0.0307214 0.0136804 0.00104636 0.00816241 0.0529608 0.0100762 0.0163725 0.0153015 0.0276701 0.0285123
internal_weight=34857 26899 7958 7189 3213 3976 11315 4952 333 3643 2532 2937 3139 1251
internal_count=34857 26899 7958 7189 3213 3976 11315 4952 333 3643 2532 2937 3139 1251
is_linear=0
shrinkage=0.05


Tree=34
num_leaves=15
num_cat=0
split_feature=3 61 60 57 39 61 50 60 58 5 14 61 31 56
split_gain=1266.81 335.921 294.201 231.076 207.504 199.699 189.527 131.822 129.173 124.256 153.774 123.969 109.096 191.396
threshold=77.166666666666671 40.500000000000007 1.5000000000000002 3.2500000000000004 6.0166666666666684 46.500000000000007 1.1055555555555558 1.5000000000000002 1111.2500000000002 36.550000000000004 12.816666666666668 55.500000000000007 1.26461 0.38750000000000007
decision_type=10 2 2 2 8 2 10 2 2 10 10 2 10 10
left_child=1 -1 6 5 7 8 -2 -3 -4 -9 -11 -8 13 -13
right_child=2 4 3 -5 -6 -7 11 9 -10 10 -12 12 -14 -15
leaf_value=-0.012481989517695798 0.0030416766855812655 -0.0043849114460547062 -0.010325328755278548 0.0031730757604655907 0.011898372991001211 0.13361194625677428 0.017707327318061277 0.0041050855579363695 0.087166535762986941 0.079137488344249413 -0.012690820774637668 0.10077113094420209 -0.0099643541233880185 0.032067996406131477
leaf_weight=9922 2211 13601 59 121 2668 122 4753 499 78 143 66 138 87 389
leaf_count=9922 2211 13601 59 121 2668 122 4753 499 78 143 66 138 87 389
internal_value=1.07505e-05 -0.00517316 0.0175353 0.0604631 -0.000899884 0.0870739 0.0153756 -0.00328828 0.0451143 0.0177315 0.0500587 0.0204513 0.0416199 0.0501844
internal_weight=34857 26899 7958 380 16977 259 7578 14309 137 708 209 5367 614 527
internal_count=34857 26899 7958 380 16977 259 7578 14309 137 708 209 5367 614 527
is_linear=0
shrinkage=0.05


Tree=35
num_leaves=15
num_cat=0
split_feature=0 57 60 46 58 61 61 59 56 2 61 5 14 59
split_gain=1121.96 321.16 300.017 228.613 199.607 182.443 165.866 141.919 184.413 190.574 137.875 133.512 111.747 269.212
threshold=0.58333333333333337 3.7500000000000004 1.5000000000000002 4.8450000000000015 1047.5000000000002 45.500000000000007 64.500000000000014 1067.5000000000002 0.23611111111111113 1.8166666666666669 42.500000000000007 80.050000000000011 20.527777777777782 1227.5000000000002
decision_type=10 2 2 10 2 2 2 2 10 10 2 8 10 2
left_child=5 2 4 -4 7 -1 10 8 9 -2 -6 -7 -3 -14
right_child=1 12 3 -5 6 11 -8 -9 -10 -11 -12 -13 13 -15
leaf_value=-0.0091015370105378499 0.039216739700120962 -0.0046245895995781928 0.039567534417953604 0.14398927898743216 -0.0065260337488859 0.0012018019842789988 0.05132478975856597 0.0090369930820483162 0.015679579288540243 0.10609683642853934 0.012072689378646556 0.039250401984204951 0.097921522740979455 -0.0082700872204419396
leaf_weight=18226 269 3236 537 58 1153 2470 244 412 308 179 7252 254 92 167
leaf_count=18226 269 3236 537 58 1153 2470 244 412 308 179 7252 254 92 167
internal_value=1.06596e-05 0.0110212 0.0154235 0.0499008 0.0133289 -0.00729724 0.0107033 0.032737 0.0456053 0.0660832 0.0095181 0.00476538 -0.00208696 0.0294701
internal_weight=34857 13907 10412 595 9817 20950 8649 1168 756 448 8405 2724 3495 259
internal_count=34857 13907 10412 595 9817 20950 8649 1168 756 448 8405 2724 3495 259
is_linear=0
shrinkage=0.05


Tree=36
num_leaves=15
num_cat=0
split_feature=3 61 60 59 59 41 60 50 59 32 45 53 16 40
split_gain=1062.58 281.468 243.9 204.411 280.038 170.711 173.2 166.879 137.825 115.037 115.91 191.191 126.321 111.774
threshold=77.166666666666671 40.500000000000007 1.5000000000000002 1162.5000000000002 1142.5000000000002 0.25277777777777782 1.5000000000000002 1.1055555555555558 1142.5000000000002 0.68807000000000007 1.9333333333333342 1.1055555555555558 0.36666666666666675 27.33666666666667
decision_type=10 2 2 2 2 8 2 10 2 10 8 8 10 10
left_child=1 -1 7 4 -4 -3 8 -2 9 10 12 -12 -7 -9
right_child=2 5 3 -5 -6 6 -8 13 -10 -11 11 -13 -14 -15
leaf_value=-0.011427213108871822 0.0025198278664272274 -0.0065061439575562199 0.054439300693094307 0.018041312281720557 0.19158558813692297 0.0098948833000033209 0.032478161251106238 0.01701936649107982 -0.0039501216489928291 -0.0055898285174438254 0.059046926700717851 0.012494768303442177 -0.037214268158938066 0.047398107844783453
leaf_weight=9922 2211 7435 140 189 51 2096 492 5044 4668 1099 320 715 152 323
leaf_count=9922 2211 7435 140 189 51 2096 492 5044 4668 1099 320 715 152 323
internal_value=1.07197e-05 -0.00473691 0.0160607 0.055149 0.0915947 -0.000825157 0.00359888 0.0140938 0.0020244 0.00839429 0.0130833 0.0269334 0.00669088 0.0188565
internal_weight=34857 26899 7958 380 191 16977 9542 7578 9050 4382 3283 1035 2248 5367
internal_count=34857 26899 7958 380 191 16977 9542 7578 9050 4382 3283 1035 2248 5367
is_linear=0
shrinkage=0.05


Tree=37
num_leaves=15
num_cat=0
split_feature=36 48 32 52 61 48 61 58 62 41 59 56 57 61
split_gain=926.108 261.784 208.421 229.511 176.305 155.129 150.466 148.502 144.042 132.193 129.331 135.628 127.635 118.699
threshold=7.4333333333333327 1.8333333333333337 0.53048500000000021 0.63333333333333341 58.500000000000007 2.8333333333333335 40.500000000000007 1297.5000000000002 26416.500000000004 18.805000000000003 1087.5000000000002 0.11805555555555557 2.2500000000000004 40.500000000000007
decision_type=10 10 10 10 2 10 2 2 2 8 2 10 2 2
left_child=6 4 3 5 7 -3 -1 13 -8 -10 11 -5 -7 -2
right_child=1 2 -4 10 -6 12 8 -9 9 -11 -12 -13 -14 -15
leaf_value=-0.010812931238106439 -0.012608686960329466 0.04592340346442373 0.011189230363892449 0.11420294119299745 0.05010664552585338 0.048624617746560884 -0.006350441463961666 -0.014475776839325209 0.002118160622353813 0.033369479781071042 0.015996081605766974 0.035067745263965687 0.15215242917432725 0.0092555705863461429
leaf_weight=9450 685 280 2193 69 220 50 8574 890 4178 368 1069 258 79 6494
leaf_count=9450 685 280 2193 69 220 50 8574 890 4178 368 1069 258 79 6494
internal_value=1.05998e-05 0.0110569 0.0215673 0.0341557 0.00598346 0.067114 -0.00600195 0.00477432 -0.00253454 0.00465685 0.0244611 0.0519912 0.112561 0.00716513
internal_weight=34857 12287 3998 1805 8289 409 22570 8069 13120 4546 1396 327 129 7179
internal_count=34857 12287 3998 1805 8289 409 22570 8069 13120 4546 1396 327 129 7179
is_linear=0
shrinkage=0.05


Tree=38
num_leaves=15
num_cat=0
split_feature=3 62 60 57 61 61 32 59 28 59 14 60 3 48
split_gain=891.541 232.207 218.534 189.613 168.629 166.829 157.551 166.464 161.09 126.043 116.031 188.896 128.672 115.517
threshold=77.166666666666671 82077.000000000015 1.5000000000000002 3.2500000000000004 46.500000000000007 43.500000000000007 1.7454050000000001 1112.5000000000002 0.060002000000000021 1157.5000000000002 13.950000000000001 1.5000000000000002 57.833333333333336 2.8333333333333335
decision_type=10 2 2 2 2 2 10 2 10 2 10 2 8 10
left_child=1 -1 6 4 -4 -3 7 -2 -9 10 11 12 -7 -14
right_child=2 5 3 -5 -6 9 -8 8 -10 -11 -12 -13 13 -15
leaf_value=-0.0068143337462461193 0.025354817068627002 -0.0067789883941114211 0.037266515005718578 0 0.11856855639085478 0.011994287996603629 -0.0087969092285774594 0.0012205105198020011 0.021034949526455821 0.00088063411910185635 -0.0032260380753550626 0.10021388668173588 0.034214611643951683 0.11114963906264939
leaf_weight=20949 2553 2142 137 121 122 1064 755 2552 1718 1770 450 80 388 56
leaf_count=20949 2553 2142 137 121 122 1064 755 2552 1718 1770 450 80 388 56
internal_value=1.06249e-05 -0.00433809 0.0147123 0.0517123 0.0758142 0.00437599 0.0128503 0.0152499 0.00920007 0.0106573 0.0191337 0.0254847 0.0214718 0.0440885
internal_weight=34857 26899 7958 380 259 5950 7578 6823 4270 3808 2038 1588 1508 444
internal_count=34857 26899 7958 380 259 5950 7578 6823 4270 3808 2038 1588 1508 444
is_linear=0
shrinkage=0.05


Tree=39
num_leaves=15
num_cat=0
split_feature=3 61 62 60 62 58 61 55 58 41 40 32 0 4
split_gain=804.682 216.346 213.959 197.359 160.108 149.592 146.698 142.208 172.691 133.486 139.233 127.12 125.709 115.562
threshold=77.166666666666671 40.500000000000007 14874.500000000002 1.5000000000000002 1471477.0000000002 1047.5000000000002 70.500000000000014 0.22500000000000003 1025.0000000000002 8.9950000000000028 1.0800000000000005 1.7454050000000001 5.8333333333333348 72.100000000000009
decision_type=10 2 2 2 2 2 2 10 2 10 10 10 8 10
left_child=1 -1 -3 5 -5 7 11 9 -9 10 -2 -7 13 -4
right_child=3 2 12 4 -6 6 -8 8 -10 -11 -12 -13 -14 -15
leaf_value=-0.0099863368654579052 0.095209403014440336 -0.0069181737075208073 0.0044566093720122719 0.036282815668117627 0.13230759908657264 0.011386152182391238 0.072548222046446162 -0.035710934207246109 0.042776867942731889 0.09485677807552606 0.013700277140061425 -0.011426101313402182 0.028935259744513633 -0.01935384054784127
leaf_weight=9922 69 7612 8330 330 50 6111 92 129 152 130 218 677 493 542
leaf_count=9922 69 7612 8330 330 50 6111 92 129 152 130 218 677 493 542
internal_value=1.05897e-05 -0.00412083 -0.000691134 0.0139778 0.0491406 0.0122081 0.00996381 0.034271 0.00665686 0.0527889 0.033515 0.00910662 0.00436772 0.00299818
internal_weight=34857 26899 16977 7958 380 7578 6880 698 281 417 287 6788 9365 8872
internal_count=34857 26899 16977 7958 380 7578 6880 698 281 417 287 6788 9365 8872
is_linear=0
shrinkage=0.05


Tree=40
num_leaves=15
num_cat=0
split_feature=3 62 60 59 10 59 50 31 62 57 36 45 49 59
split_gain=726.412 198.615 178.234 172.293 286.597 198.712 136.409 126.311 111.347 103.386 102.2 109.009 92.5069 98.2719
threshold=77.166666666666671 82077.000000000015 1.5000000000000002 1173.7500000000002 1.0000000180025095e-35 1122.5000000000002 1.1055555555555558 1.1825500000000002 711812.50000000012 2.7500000000000004 18.883333333333336 4.8416666666666677 2.7750000000000004 1137.5000000000002
decision_type=10 2 2 2 10 2 10 10 2 2 10 10 8 2
left_child=1 -1 6 4 5 -4 -2 -5 -8 -3 11 -10 -11 -14
right_child=2 9 3 7 -6 -7 8 -9 10 12 -12 -13 13 -15
leaf_value=-0.0062049691170661808 0.0011349023418600931 0.011471950552968136 -0.018287729076891138 -0.025227287205818457 0.17200588729070582 0.093903789162903484 0.011468137623549568 0.064575222824141396 0.035382235859514236 -0.004963137802999517 0.016968341841406765 0.099468464440395754 0.071125646810377793 0.0085195110562806854
leaf_weight=20949 2211 2661 74 104 57 83 3897 62 501 2876 892 77 77 336
leaf_count=20949 2211 2661 74 104 57 83 3897 62 501 2876 892 77 77 336
internal_value=1.05256e-05 -0.00391479 0.0132811 0.0466979 0.0763117 0.0409748 0.0115991 0.00825646 0.0159049 0.00414422 0.0276418 0.0440415 -0.0017776 0.0203242
internal_weight=34857 26899 7958 380 214 157 7578 166 5367 5950 1470 578 3289 413
internal_count=34857 26899 7958 380 214 157 7578 166 5367 5950 1470 578 3289 413
is_linear=0
shrinkage=0.05


Tree=41
num_leaves=15
num_cat=0
split_feature=42 61 62 58 1 57 4 39 60 49 49 50 37 56
split_gain=672.354 188.29 203.179 182.59 150.896 148.808 192.229 165.646 139.217 117.113 118.939 132.286 109.769 108.528
threshold=1.8333333333333337 40.500000000000007 27154.000000000004 1287.5000000000002 3.3666666666666671 2.7500000000000004 68.500000000000014 0.43333333333333351 1.5000000000000002 3.1000000000000005 3.3666666666666671 2.9500000000000006 11.645000000000001 0.11805555555555557
decision_type=10 2 2 2 10 2 8 8 2 10 10 10 10 8
left_child=1 -1 -3 4 -2 6 8 -8 12 -6 -11 -12 -4 -9
right_child=3 2 5 -5 9 -7 7 13 -10 10 11 -13 -14 -15
leaf_value=-0.009773225936667105 0.0090437204438543004 -0.0054927807789459313 0.0066783437370777805 -0.0081214935259606401 0.019978651872545841 -0.0010583303740643042 0.11805583128521034 0.063550010688581571 0.066441399204796844 0.10727039415175749 0.074331460165322868 -0.015468335651582288 -0.036858590449185553 0.018912861999371866
leaf_weight=9755 6014 9300 1662 1099 2501 3169 55 174 90 78 86 77 158 639
leaf_count=9755 6014 9300 1662 1099 2501 3169 55 174 90 78 86 77 158 639
internal_value=1.05957e-05 -0.00434847 -0.000875883 0.0110717 0.0134839 0.00633974 0.0147867 0.0342963 0.00590087 0.0232099 0.0565284 0.0318402 0.00287595 0.0285301
internal_weight=34857 25002 15247 9855 8756 5947 2778 868 1910 2742 241 163 1820 813
internal_count=34857 25002 15247 9855 8756 5947 2778 868 1910 2742 241 163 1820 813
is_linear=0
shrinkage=0.05


Tree=42
num_leaves=15
num_cat=0
split_feature=42 40 60 58 53 61 62 59 1 59 17 3 53 53
split_gain=607.726 190.978 211.207 140.407 134.054 133.843 116.982 116.875 115.672 112.162 131.309 105.573 129.084 105.077
threshold=1.1666666666666667 13.670000000000002 1.5000000000000002 1287.5000000000002 0.43650793650793657 40.500000000000007 32812.500000000007 1117.5000000000002 5.4500000000000011 1025.0000000000002 0.2678571428571429 87.833333333333357 1.7638888888888891 1.9500000000000002
decision_type=10 10 2 2 10 2 2 2 8 2 10 10 10 8
left_child=5 3 9 4 -2 -1 -7 8 -8 -3 -11 -6 -13 -10
right_child=1 2 -4 -5 11 6 7 -9 13 10 -12 12 -14 -15
leaf_value=-0.009138101602257925 0.063963022210081599 0.088627931009168215 0.092298778791872552 -0.010572185611702941 0.002760354302218714 -0.0047028236222492322 0.011081124227922535 -0.0013729715245396007 0.088162438339828841 0.0060049922239843265 0.033600307724101684 0.020435671431322897 0.00077187604368037302 0.00058468854345312905
leaf_weight=9581 108 57 106 1062 4471 9241 1677 2803 96 1037 741 2587 1236 54
leaf_count=9581 108 57 106 1062 4471 9241 1677 2803 96 1037 741 2587 1236 54
internal_value=1.04299e-05 0.0094781 0.0237681 0.00654358 0.00871046 -0.00459285 -0.00145133 0.00503272 0.0148718 0.0197717 0.0175259 0.00798416 0.0140857 0.0569072
internal_weight=34857 11405 1941 9464 8402 23452 13871 4630 1827 1835 1778 8294 3823 150
internal_count=34857 11405 1941 9464 8402 23452 13871 4630 1827 1835 1778 8294 3823 150
is_linear=0
shrinkage=0.05


Tree=43
num_leaves=15
num_cat=0
split_feature=42 53 60 59 59 61 62 41 13 57 60 50 26 47
split_gain=550.17 160.276 167.319 176.96 368.58 153.869 169.013 146.331 128.359 126.301 142.802 157.488 153.552 138.528
threshold=1.8333333333333337 1.5634920634920637 1.5000000000000002 1173.7500000000002 1132.5000000000002 40.500000000000007 27154.000000000004 34.675000000000004 27.100000000000005 2.7500000000000004 1.5000000000000002 0.95000000000000007 0.0010000000000000033 1.5211111111111113
decision_type=10 10 2 2 2 2 2 10 10 2 2 8 8 10
left_child=5 2 7 4 -4 -1 -7 8 -2 10 11 12 -8 -12
right_child=1 -3 3 -5 -6 6 9 -9 -10 -11 13 -13 -14 -15
leaf_value=-0.0088366027550924129 0.013615575451933244 0.0029088721740739621 0.023319338200892804 0.0076299076262896634 0.17095003087908545 -0.0050043204651479996 0.084813160643091509 0.068805149108805558 -0.036216064463545271 -0.0010276140953585451 0.01071281643692127 0.0073138635863201117 0.0021271415752096056 0.11686385846877284
leaf_weight=9755 4899 4400 103 132 72 9300 135 117 132 3169 60 2422 97 64
leaf_count=9755 4899 4400 103 132 72 9300 135 117 132 3169 60 2422 97 64
internal_value=1.0398e-05 0.0100162 0.0157435 0.0516045 0.0845153 -0.00393268 -0.00079334 0.0135953 0.0122997 0.00578751 0.0135696 0.0111009 0.0504283 0.0659506
internal_weight=34857 9855 5455 307 175 25002 15247 5148 5031 5947 2778 2654 232 124
internal_count=34857 9855 5455 307 175 25002 15247 5148 5031 5947 2778 2654 232 124
is_linear=0
shrinkage=0.05


Tree=44
num_leaves=15
num_cat=0
split_feature=3 32 60 59 59 62 59 53 29 48 30 51 31 54
split_gain=504.418 153.482 147.177 152.119 199.474 139.991 130.513 112.075 109.221 116.437 108.775 129.074 91.6222 90.9161
threshold=77.166666666666671 1.7454050000000001 1.5000000000000002 1162.5000000000002 1142.5000000000002 146467.50000000003 1112.5000000000002 0.38750000000000007 0.036990000000000009 1.8333333333333337 1.8166666666666671 3.1666666666666674 1.1825500000000002 0.41666666666666669
decision_type=10 10 2 2 2 2 2 8 10 10 10 10 10 10
left_child=5 2 6 4 -4 -1 10 -7 9 -8 11 13 -5 -2
right_child=1 -3 3 12 -6 7 8 -9 -10 -11 -12 -13 -14 -15
leaf_value=-0.0048274340052708265 0.031904647071823583 -0.01013830746374262 0.043488729642669512 -0.01472120797221965 0.15997975559778585 0.068040440144459549 -0.009333628766876224 0.0039931062900501512 0.014194663080999037 0.016569988554319213 -0.010006898567570609 -0.040543545507544639 0.059362901181213616 0.0080151142384130326
leaf_weight=22631 1695 769 134 117 51 69 1491 4199 2168 611 259 74 64 525
leaf_count=22631 1695 769 134 117 51 69 1491 4199 2168 611 259 74 64 525
internal_value=1.04216e-05 0.011069 0.0133415 0.0442356 0.0760819 -0.00326044 0.0116775 0.00504225 0.0063207 -0.00179004 0.0206242 0.0240949 0.0114279 0.0262694
internal_weight=34857 7958 7189 366 185 26899 6823 4268 4270 2102 2553 2294 181 2220
internal_count=34857 7958 7189 366 185 26899 6823 4268 4270 2102 2553 2294 181 2220
is_linear=0
shrinkage=0.05


Tree=45
num_leaves=15
num_cat=0
split_feature=62 61 4 59 60 62 43 61 2 4 57 58 27 48
split_gain=460.956 388.593 200.479 158.367 181.303 156.856 117.451 155.836 119.097 110.536 106.032 123.403 95.1809 180.987
threshold=31964.000000000004 42.500000000000007 84.63333333333334 1183.7500000000002 1.5000000000000002 440036.00000000006 5.7083333333333348 62.500000000000007 3.5634920634920637 85.225000000000009 3.2500000000000004 1147.5000000000002 0.109865 2.1666666666666674
decision_type=2 2 8 2 2 2 10 2 10 8 2 2 10 10
left_child=12 -2 3 4 6 -6 -3 8 -8 -4 11 -11 -1 -14
right_child=1 2 9 -5 5 -7 7 -9 -10 10 -12 -13 13 -15
leaf_value=-0.0058660533041796541 -0.0065484803684079697 0.0041411879785304096 0.073187130762113112 -0.0044930231521084557 0.028882729678613241 0.12456121660330265 0.027453377569505125 0.090647359972573671 -0.012687230692005037 0.016831450847766754 0.0048327268210473437 0.038806636092998031 0.0047934329535160788 0.096913137111237391
leaf_weight=18351 4333 3211 92 2494 152 60 768 79 242 2585 1169 853 407 61
leaf_count=18351 4333 3211 92 2494 152 60 768 79 242 2585 1169 853 407 61
internal_value=1.01989e-05 0.00623923 0.0109752 0.00561049 0.0112006 0.0563086 0.00896458 0.0231553 0.0178093 0.0189671 0.0178711 0.0222958 -0.00529703 0.0169445
internal_weight=34857 16038 11705 7006 4512 212 4300 1089 1010 4699 4607 3438 18819 468
internal_count=34857 16038 11705 7006 4512 212 4300 1089 1010 4699 4607 3438 18819 468
is_linear=0
shrinkage=0.05


Tree=46
num_leaves=15
num_cat=0
split_feature=12 60 58 39 59 57 62 49 52 32 4 36 40 5
split_gain=420.686 193.053 157.056 128.367 119.322 118.294 112.343 113.596 110.654 239.326 221.89 129.94 106.101 139.05
threshold=1.5833333333333337 1.5000000000000002 1047.5000000000002 5.3166666666666691 1087.5000000000002 4.7500000000000009 1471477.0000000002 0.77500000000000013 0.70833333333333337 0.27211111111111114 81.63333333333334 19.966666666666672 2.6200000000000014 62.95000000000001
decision_type=10 2 2 10 2 2 2 10 10 10 10 10 10 10
left_child=-1 2 3 12 -5 8 7 -3 9 10 -4 -12 13 -2
right_child=1 6 5 4 -6 -7 -8 -9 -10 -11 11 -13 -14 -15
leaf_value=-0.0049763630261633442 -0.00046172283220723457 0.082747743752421138 0.015152549208858675 0.052016171819026638 -0.0017834351560772573 -0.011348059963064686 0.095108226813921115 0.01784806136611148 0.0031635246494417357 -0.0089960436200430035 0.10259544020072341 0.032858795600004216 -0.017227417217914022 0.05598928887754271
leaf_weight=19106 269 75 438 433 134 1266 61 663 11229 454 156 120 271 182
leaf_count=19106 269 75 438 433 134 1266 61 663 11229 454 156 120 271 182
internal_value=1.02494e-05 0.00606058 0.00477842 0.0214622 0.0392672 0.00320188 0.0300048 0.024529 0.00469015 0.0193379 0.0373829 0.0724798 0.0074275 0.0223004
internal_weight=34857 15751 14952 1289 567 13663 799 738 12397 1168 714 276 722 451
internal_count=34857 15751 14952 1289 567 13663 799 738 12397 1168 714 276 722 451
is_linear=0
shrinkage=0.05


Tree=47
num_leaves=15
num_cat=0
split_feature=62 61 5 61 43 57 44 5 43 7 62 12 58 23
split_gain=393.113 337.713 173.361 128.708 114.939 104.641 91.1282 122.49 98.4281 108.741 88.1524 104.129 104.431 98.6682
threshold=31964.000000000004 42.500000000000007 78.950000000000017 64.500000000000014 8.5500000000000025 2.7500000000000004 6.9500000000000011 82.414285714285725 11.100000000000001 1.0000000180025095e-35 778172.00000000012 23.166666666666668 1157.5000000000002 0.019335000000000005
decision_type=2 2 8 2 10 2 10 10 10 10 2 10 2 10
left_child=-1 -2 3 5 -5 -3 10 8 -8 -10 11 -4 -13 -12
right_child=1 2 6 4 -6 -7 7 -9 9 -11 13 12 -14 -15
leaf_value=-0.0048909724880715558 -0.0061583830584178018 0.010703962852986082 0.021905029596534897 0.017706709295885335 0.10232928189320295 -0.0018531482036463548 0.0088668845251493149 0.003362920944617881 0.10034862527860462 0.022974070878058833 0.05774702426851748 -0.03701607563336657 0.045436195468584316 0.017213540085167737
leaf_weight=18819 4333 3070 2036 119 61 3603 179 1638 90 94 344 149 51 271
leaf_count=18819 4333 3070 2036 119 61 3603 179 1638 90 94 344 149 51 271
internal_value=1.01046e-05 0.00576256 0.0101777 0.00505186 0.0467269 0.00392054 0.0174111 0.00920777 0.0354724 0.0611252 0.0231573 0.0185181 -0.0158052 0.039955
internal_weight=34857 16038 11705 6853 180 6673 4852 2001 363 184 2851 2236 200 615
internal_count=34857 16038 11705 6853 180 6673 4852 2001 363 184 2851 2236 200 615
is_linear=0
shrinkage=0.05


Tree=48
num_leaves=15
num_cat=0
split_feature=42 53 59 53 36 61 60 58 62 40 60 0 62 27
split_gain=360.673 131.814 126.146 121.31 120.213 114.704 115.206 121.311 179.732 114.248 116.678 93.2705 86.4298 102.879
threshold=1.8333333333333337 2.4142857142857146 1325.0000000000002 0.55000000000000016 20.63333333333334 40.500000000000007 1.5000000000000002 1118.7500000000002 107486.00000000001 13.670000000000002 1.5000000000000002 3.8333333333333335 27154.000000000004 0.10666666666666674
decision_type=10 10 2 10 10 2 2 2 2 10 2 10 2 8
left_child=5 2 3 4 11 -1 12 8 -8 -5 -11 -2 -7 -14
right_child=1 -3 -4 9 -6 6 7 -9 -10 10 -12 -13 13 -15
leaf_value=-0.0074164003893841578 0.022964772324364887 -0.014594525294405587 -0.0080624412358761468 0.0076246392741841614 -0.0062555296309042309 -0.0045053728127543782 0.023898949307355262 0.0048220071484105535 0.12747396027988142 0.019308426848200524 0.07740941087337766 0.10010791312664601 0.0014731042560719239 0.027080759450516835
leaf_weight=9755 66 599 911 6597 74 8903 176 485 55 1415 92 101 5204 424
leaf_count=9755 66 599 911 6597 74 8903 176 485 55 1415 92 101 5204 424
internal_value=1.00717e-05 0.00811159 0.00958442 0.0115142 0.0464682 -0.00318239 -0.000471683 0.0190985 0.0488897 0.0104689 0.0228965 0.069929 -0.00143833 0.003409
internal_weight=34857 9855 9256 8345 241 25002 15247 716 231 8104 1507 167 14531 5628
internal_count=34857 9855 9256 8345 241 25002 15247 716 231 8104 1507 167 14531 5628
is_linear=0
shrinkage=0.05


Tree=49
num_leaves=15
num_cat=0
split_feature=42 58 53 60 38 5 38 61 60 58 44 49 53 31
split_gain=325.523 120.328 106.885 110.874 112.871 155.093 112.241 103.54 104.067 109.577 139.875 96.8124 129.733 82.9187
threshold=1.8333333333333337 1287.5000000000002 2.4142857142857146 1.5000000000000002 16.545000000000005 87.422222222222231 13.10555555555556 40.500000000000007 1.5000000000000002 1118.7500000000002 0.89444444444444449 1.1000000000000003 0.35416666666666669 0.44086000000000009
decision_type=10 2 10 2 10 10 10 2 2 2 10 10 10 10
left_child=7 2 3 11 6 -6 -5 -1 -9 10 -10 -2 -13 -11
right_child=1 -3 -4 4 5 -7 -8 8 9 13 -12 12 -14 -15
leaf_value=-0.0070455989947674396 0.00029285798401294713 -0.0078728884984607846 -0.012023926328150601 0.034031039201716587 0.11321751910873822 0.024047439305792822 -0.037760371005077377 -0.001366196097336873 0.01304414904222834 -0.0040154075425708306 0.092078638604054089 0.087141459365176352 0.012214018956371191 0.053924440926518935
leaf_weight=9755 2043 1099 532 187 87 113 76 14531 134 413 97 58 5660 72
leaf_count=9755 2043 1099 532 187 87 113 76 14531 134 413 97 58 5660 72
internal_value=9.97802e-06 0.00770664 0.00966528 0.011072 0.0348502 0.0631467 0.0131581 -0.0030229 -0.000447393 0.0181525 0.046467 0.00964809 0.012986 0.00458116
internal_weight=34857 9855 8756 8224 463 200 263 25002 15247 716 231 7761 5718 485
internal_count=34857 9855 8756 8224 463 200 263 25002 15247 716 231 7761 5718 485
is_linear=0
shrinkage=0.05


Tree=50
num_leaves=15
num_cat=0
split_feature=62 61 49 60 59 62 5 14 39 28 27 0 1 57
split_gain=307.413 212.931 158.803 130.866 167.924 149.396 103.826 135.492 98.8649 102.358 128.968 93.9453 89.1229 88.7896
threshold=92310.500000000015 42.500000000000007 0.29166666666666669 1.5000000000000002 1173.7500000000002 1144827.5000000002 75.422222222222231 14.050000000000002 0.93333333333333346 0.060002000000000021 0.056666666666666671 1.0000000180025095e-35 2.1000000000000005 2.7500000000000004
decision_type=2 2 8 2 2 2 8 10 8 8 8 10 10 2
left_child=11 -2 -3 6 5 12 -4 8 13 -10 -11 -1 -5 -8
right_child=1 2 3 4 -6 -7 7 -9 9 10 -12 -13 -14 -15
leaf_value=-0.0053554650928136806 -0.0063604957587577813 0.084062628584856899 0.0026125052379880262 0.082725039612710105 0.0061820070648114459 0.13739709689005003 0.12252021526346113 0.0085651296289024834 0.0010576648894083122 0.10210690988220616 0.027719313335488861 0.0011834386001350894 0.012243758475309924 0.036391413287751993
leaf_weight=15869 2294 73 3746 80 245 55 50 2911 330 65 565 8392 104 78
leaf_count=15869 2294 73 3746 80 245 55 50 2911 330 65 565 8392 104 78
internal_value=9.80897e-06 0.00711541 0.0108422 0.0101846 0.0354119 0.0651957 0.00860267 0.0142066 0.0292667 0.0236989 0.0355088 -0.00309262 0.0431644 0.0705759
internal_weight=34857 10596 8302 8229 484 239 7745 3999 1088 960 630 24261 184 128
internal_count=34857 10596 8302 8229 484 239 7745 3999 1088 960 630 24261 184 128
is_linear=0
shrinkage=0.05


Tree=51
num_leaves=15
num_cat=0
split_feature=62 61 5 61 26 59 14 53 59 55 44 38 45 38
split_gain=280.379 243.394 137.044 111.061 109.057 98.6567 98.5078 103.739 122.42 115.114 104.613 93.0948 171.263 101.919
threshold=31964.000000000004 42.500000000000007 78.950000000000017 64.500000000000014 0.0069999999999999949 1157.5000000000002 14.105555555555556 1.7638888888888891 1082.5000000000002 0.22500000000000003 2.8166666666666669 8.6422222222222249 3.2333333333333343 11.447222222222225
decision_type=2 2 8 2 10 2 10 8 2 10 8 10 10 10
left_child=-1 -2 3 5 -5 11 7 8 9 -4 -10 12 -3 -13
right_child=1 2 6 4 -6 -7 -8 -9 10 -11 -12 13 -14 -15
leaf_value=-0.0041288661845025427 -0.0052513814746729739 0.01402956022872219 0.096860273575240921 0.087109727854988772 0.0083601198218217713 -0.0034642166838090372 0.010225630291156246 0.0094255471790665422 -0.0092468773109994074 0.020514169522801287 0.03653980582482954 -0.014495771804289653 0.088201772931850331 0.0094479274066018061
leaf_weight=18819 4333 1436 137 78 102 3125 3334 602 161 79 539 656 82 1374
leaf_count=18819 4333 1436 137 78 102 3125 3334 602 161 79 539 656 82 1374
internal_value=1.01167e-05 0.00486834 0.00861669 0.00405886 0.0427702 0.00300778 0.015048 0.025616 0.0362182 0.0691647 0.0259741 0.0087149 0.0180804 0.00169648
internal_weight=34857 16038 11705 6853 180 6673 4852 1518 916 216 700 3548 1518 2030
internal_count=34857 16038 11705 6853 180 6673 4852 1518 916 216 700 3548 1518 2030
is_linear=0
shrinkage=0.05


Tree=52
num_leaves=15
num_cat=0
split_feature=62 61 49 60 58 62 31 53 5 3 58 16 48 12
split_gain=253.261 175.671 143.724 119.489 152.783 205.662 128.927 93.9371 144.201 98.6438 104.626 108.571 116.133 92.7631
threshold=92310.500000000015 42.500000000000007 0.29166666666666669 1.5000000000000002 1122.5000000000002 557140.00000000012 1.1344100000000004 0.43650793650793657 39.707142857142863 57.500000000000007 1047.5000000000002 0.36666666666666675 2.5833333333333335 9.1666666666666696
decision_type=2 2 8 2 2 2 10 8 10 8 2 10 10 10
left_child=-1 -2 -3 7 5 -5 -6 8 -4 -9 11 -11 -13 -12
right_child=1 2 3 4 6 -7 -8 9 -10 10 13 12 -14 -15
leaf_value=-0.0028058827802327872 -0.005780028383071803 0.079501743270654457 0.11274632694362437 0.021590841848423137 -0.0044319235050648666 0.13319795227159334 0.071796860806383464 -0.0023898821334178387 0.0181002584238368 0.048752574080770668 0.024418771076549866 -0.01935117208785183 0.064328878854228333 0.0050397730244103912
leaf_weight=24261 2294 73 51 93 245 75 71 2127 190 335 728 155 56 4103
leaf_count=24261 2294 73 51 93 245 75 71 2127 190 335 728 155 56 4103
internal_value=1.00011e-05 0.00645954 0.00984472 0.00921896 0.0333243 0.0718112 0.0127028 0.00770729 0.0384246 0.00671494 0.0103211 0.031074 0.00283912 0.00796746
internal_weight=34857 10596 8302 8229 484 168 316 7745 241 7504 5377 546 211 4831
internal_count=34857 10596 8302 8229 484 168 316 7745 241 7504 5377 546 211 4831
is_linear=0
shrinkage=0.05


Tree=53
num_leaves=15
num_cat=0
split_feature=36 58 60 58 59 16 0 31 53 61 50 49 46 62
split_gain=236.356 147.657 136.697 125.388 109.928 105.011 200.261 108.186 98.5168 94.3306 93.9266 100.805 93.0882 89.2489
threshold=1.0000000180025095e-35 1270.0000000000002 1.5000000000000002 1047.5000000000002 1067.5000000000002 0.36666666666666675 2.8333333333333335 0.76439000000000012 0.35416666666666669 69.500000000000014 2.8500000000000001 0.77500000000000013 2.8225000000000011 778172.00000000012
decision_type=10 2 2 2 2 10 10 10 10 2 10 10 10 2
left_child=13 2 3 4 5 6 -2 -7 12 -10 11 -4 -5 -1
right_child=1 -3 10 8 -6 7 -8 -9 9 -11 -12 -13 -14 -15
leaf_value=-0.0044865865330438858 0.02621958436624194 -0.0088389448416845793 0.073739191336397295 0.099061803447390073 1.9285214420874118e-05 0.042090628157363627 0.098951703684212383 -0.034715959902996668 0.0022151468749458821 0.041781165653564892 0.089825839417003034 0.014779643843018195 0.0094105244117931725 0.031539029110845725
leaf_weight=17177 647 1954 81 51 523 75 111 116 12989 152 53 687 68 173
leaf_count=17177 647 1954 81 51 523 75 111 116 12989 152 53 687 68 173
internal_value=1.00352e-05 0.00410945 0.00573805 0.00462891 0.0184746 0.0286137 0.0369615 -0.00439461 0.00308937 0.00267628 0.0255952 0.0210745 0.0482954 -0.00412503
internal_weight=34857 17507 15553 14732 1472 949 758 191 13260 13141 821 768 119 17350
internal_count=34857 17507 15553 14732 1472 949 758 191 13260 13141 821 768 119 17350
is_linear=0
shrinkage=0.05


Tree=54
num_leaves=15
num_cat=0
split_feature=3 32 57 57 49 56 50 44 5 58 58 59 48 62
split_gain=223.04 119.822 93.7627 237.398 127.091 126.521 174.321 173.252 135.74 123.927 122.257 121.605 129.791 117.868
threshold=77.166666666666671 1.7454050000000001 2.7500000000000004 2.2500000000000004 2.9000000000000004 0.21111111111111114 1.1339285714285716 3.6125000000000003 88.316666666666677 1111.2500000000002 1025.0000000000002 1148.7500000000002 1.1666666666666667 1247571.5000000002
decision_type=10 10 2 2 10 10 10 10 10 2 2 2 10 2
left_child=-1 2 3 5 9 7 -7 8 -2 -4 -8 12 -11 -6
right_child=1 -3 4 -5 13 6 10 -9 -10 11 -12 -13 -14 -15
leaf_value=-0.0021645905781179061 0.027209768471608484 -0.011375009846317452 -0.016297518073797906 0.10399825288320348 0.010247342805012605 -0.027159536541979203 -0.040456655666009707 0.0099470597711338107 0.077098426233270415 -0.007321101008587844 0.01684528132564064 0.0029359734567611256 0.058413370619801924 0.081089832534049486
leaf_weight=26899 387 769 745 74 146 349 100 859 213 115 1231 2659 212 99
leaf_count=26899 387 769 745 74 146 349 100 859 213 115 1231 2659 212 99
internal_value=1.01658e-05 0.00736392 0.00937253 0.0157269 0.00422994 0.0136218 0.00424684 0.0243945 0.0450113 0.0019297 0.0125078 0.00648769 0.0352435 0.0390822
internal_weight=34857 7958 7189 3213 3976 3139 1680 1459 600 3731 1331 2986 327 245
internal_count=34857 7958 7189 3213 3976 3139 1680 1459 600 3731 1331 2986 327 245
is_linear=0
shrinkage=0.05


Tree=55
num_leaves=15
num_cat=0
split_feature=62 5 32 59 17 39 37 21 39 47 42 38 60 57
split_gain=212.989 155.452 118.263 94.0236 115.242 93.9752 81.4867 97.1601 102.392 72.6058 72.202 105.126 91.1294 183.62
threshold=31964.000000000004 78.950000000000017 1.6905000000000003 1025.0000000000002 0.21111111111111114 0.20000000000000021 19.780000000000005 0.073633333333333356 5.2333333333333352 6.3100000000000014 1.1666666666666667 15.790000000000003 1.5000000000000002 3.2500000000000004
decision_type=2 8 10 2 8 8 8 10 10 10 8 10 2 2
left_child=6 9 3 4 -3 -5 7 -1 -9 -2 11 -7 -12 -14
right_child=1 2 -4 5 -6 10 -8 8 -10 -11 12 -13 13 -15
leaf_value=-0.0031908672561261099 0.00048865979123528444 0.10721143984994969 -0.0093243039641393369 0.069647218356026219 0.015025020349610802 0.028061249497130056 -0.016078830390465822 0.0067038756707993646 0.074347585189786763 0.059439216859283911 0.012604667401465479 -0.017528440112872534 0.083153025596308328 -0.02618846849681021
leaf_weight=17329 10678 59 616 71 81 178 1223 187 80 52 3693 432 123 55
leaf_count=17329 10678 59 616 71 81 178 1223 187 80 52 3693 432 123 55
internal_value=9.93214e-06 0.00424434 0.0112431 0.0139494 0.0542962 0.0126972 -0.00359742 -0.00272805 0.0271662 0.000779434 0.0117816 -0.00417218 0.0143023 0.049249
internal_weight=34857 16038 5308 4692 140 4552 18819 17596 267 10730 4481 610 3871 178
internal_count=34857 16038 5308 4692 140 4552 18819 17596 267 10730 4481 610 3871 178
is_linear=0
shrinkage=0.05


Tree=56
num_leaves=15
num_cat=0
split_feature=61 62 4 59 60 23 4 42 32 30 58 13 39 48
split_gain=193.46 202.948 118.663 108.358 124.552 120.288 94.1198 82.459 72.8048 93.8696 83.351 96.4042 73.7934 91.7174
threshold=42.500000000000007 35867.000000000007 84.63333333333334 1183.7500000000002 1.5000000000000002 0.011833333333333336 85.225000000000009 24.166666666666668 0.68807000000000007 1.6383333333333334 1103.7500000000002 4.7750000000000012 2.7166666666666672 1.5833333333333337
decision_type=2 2 8 2 2 10 8 10 10 10 2 10 10 10
left_child=-1 -2 3 4 7 -6 -4 8 12 10 11 -10 -3 -14
right_child=1 2 6 -5 5 -7 -8 -9 9 -11 -12 -13 13 -15
leaf_value=-0.0050024809185558712 -0.002013366949265689 0.003059725218470559 0.063951820884245988 -0.0052940082616609457 0.021456934301073816 0.10682622235045475 0.012645722384166214 0.069617369298887719 0.019195637089155972 0.026588465812952423 0.0060703409069717152 -0.031200098257765447 0.0023290017260982373 0.031350327489508008
leaf_weight=12399 11134 1651 91 2389 145 58 4518 50 115 203 448 521 459 676
leaf_count=12399 11134 1651 91 2389 145 58 4518 50 115 203 448 521 459 676
internal_value=9.85466e-06 0.00277831 0.00749169 0.00324597 0.00796795 0.0461736 0.013671 0.00607543 0.0052808 -0.00454016 -0.0104022 -0.0220405 0.0098266 0.0196422
internal_weight=34857 22458 11324 6715 4326 203 4609 4123 4073 1287 1084 636 2786 1135
internal_count=34857 22458 11324 6715 4326 203 4609 4123 4073 1287 1084 636 2786 1135
is_linear=0
shrinkage=0.05


Tree=57
num_leaves=15
num_cat=0
split_feature=62 61 59 4 58 43 42 62 42 23 28 2 42 60
split_gain=174.825 169.789 102.115 88.2812 121.932 145.27 101.219 81.0132 154.66 130.545 130.738 120.216 110.156 77.0413
threshold=27154.000000000004 42.500000000000007 1315.0000000000002 84.63333333333334 1141.2500000000002 13.450000000000001 24.166666666666668 778172.00000000012 9.1666666666666696 0.008470714285714288 0.012699 5.1339285714285721 14.500000000000002 1.5000000000000002
decision_type=2 2 2 8 2 10 10 2 10 10 10 10 10 2
left_child=-1 -2 3 6 7 -6 -3 13 9 10 -9 12 -10 -5
right_child=1 2 -4 4 5 -7 -8 8 11 -11 -12 -13 -14 -15
leaf_value=-0.0034155704802876666 -0.0045281879647998662 0.0039847577979368531 -0.0070922257516041311 0.00094674743815263056 0.0327330751573238 -0.010544205039190109 0.062234348191922861 0.045684721769843895 -0.021557362892167989 0.017311868447184364 0.13856895765633259 -0.053330050416724395 0.048039282197173024 0.056060497326250291
leaf_weight=18003 4591 6637 1201 2030 1201 230 75 153 111 300 51 94 115 65
leaf_count=18003 4591 6637 1201 2030 1201 230 75 153 111 300 51 94 115 65
internal_value=9.80631e-06 0.00367018 0.00674157 0.00824601 0.013797 0.0257585 0.00464395 0.0079211 0.0212023 0.0384561 0.0693101 -0.00591201 0.0137744 0.00268162
internal_weight=34857 16854 12263 11062 4350 1431 6712 2919 824 504 204 320 226 2095
internal_count=34857 16854 12263 11062 4350 1431 6712 2919 824 504 204 320 226 2095
is_linear=0
shrinkage=0.05


Tree=58
num_leaves=15
num_cat=0
split_feature=61 62 49 60 59 59 13 58 59 30 37 59 39 16
split_gain=162.053 146.53 86.3417 79.8244 123.158 126.81 105.599 89.143 88.1127 78.8815 77.6505 72.2662 105.312 86.1913
threshold=40.500000000000007 104677.00000000001 0.29166666666666669 1.5000000000000002 1173.7500000000002 1132.5000000000002 10.900000000000002 1047.5000000000002 1035.0000000000002 1.230216666666667 10.420000000000003 1047.5000000000002 4.5500000000000025 0.36666666666666675
decision_type=2 2 8 2 2 2 10 2 2 10 8 2 10 10
left_child=10 -2 -3 7 5 6 -5 11 -9 -6 -1 12 -4 -14
right_child=1 2 3 4 9 -7 -8 8 -10 -11 -12 -13 13 -15
leaf_value=-0.0037535940220860507 -0.0005649469318889617 0.059487857930245081 0.011427165823458117 0.076975136735570548 -0.012147731521869438 0.096235403479673923 -0.010978370567382371 -0.057526154310806946 0.0045946365291169543 0.057789127240971766 -0.01798824850086022 0.0065374540247874497 0.08663203860151357 0.013565229088806911
leaf_weight=9320 16066 79 197 54 199 97 90 57 7005 50 1069 384 130 60
leaf_count=9320 16066 79 197 54 199 97 90 57 7005 50 1069 384 130 60
internal_value=9.60651e-06 0.00223179 0.00758231 0.00708309 0.0266655 0.05211 0.0219834 0.00585328 0.00408566 0.00188328 -0.0052215 0.0219983 0.0372466 0.0637857
internal_weight=34857 24468 8402 8323 490 241 144 7833 7062 249 10389 771 387 190
internal_count=34857 24468 8402 8323 490 241 144 7833 7062 249 10389 771 387 190
is_linear=0
shrinkage=0.05


Tree=59
num_leaves=15
num_cat=0
split_feature=36 58 60 58 59 58 4 32 27 16 48 47 53 37
split_gain=150.747 122.068 98.7434 104.581 95.7627 90.9868 120.425 112.328 115.376 116.248 115.295 209.646 134.746 97.9272
threshold=1.0000000180025095e-35 1270.0000000000002 1.5000000000000002 1047.5000000000002 1087.5000000000002 1147.5000000000002 84.63333333333334 0.53048500000000021 0.065050000000000011 0.36666666666666675 2.5833333333333335 3.4837500000000006 0.95000000000000007 26.940000000000001
decision_type=10 2 2 2 2 2 10 10 10 10 10 10 10 10
left_child=-1 2 3 4 -2 7 -7 8 10 -10 13 -12 -13 -5
right_child=1 -3 -4 5 -6 6 -8 -9 9 -11 11 12 -14 -15
leaf_value=-0.0032927868173817775 0.023230819149439481 -0.0084895506339068127 0.021642009463621506 0.00056780894635178236 -0.007519746261866191 0.0023036023187106552 0.019378862038279043 -0.0064954320555887972 0.017589122395761932 0.08785132102820338 0.0069323604162034305 0.13225687977259723 0.030938171732182409 -0.043260437126429574
leaf_weight=17350 1149 1954 821 3323 323 3061 1561 4185 306 73 485 61 73 132
leaf_count=17350 1149 1954 821 3323 323 3061 1561 4185 306 73 485 61 73 132
internal_value=9.42046e-06 0.00328344 0.00476437 0.0038214 0.016466 0.00241526 0.00807735 -0.000611793 0.00491224 0.0312863 0.00244902 0.0223138 0.0775669 -0.00110545
internal_weight=34857 17507 15553 14732 1472 13260 4622 8638 4453 379 4074 619 134 3455
internal_count=34857 17507 15553 14732 1472 13260 4622 8638 4453 379 4074 619 134 3455
is_linear=0
shrinkage=0.05


Tree=60
num_leaves=15
num_cat=0
split_feature=61 62 49 59 40 49 59 13 53 49 49 40 40 4
split_gain=139.893 146.279 102.188 116.328 96.2565 113.566 106.502 86.9666 91.8842 95.1381 125.487 77.6341 76.3537 75.104
threshold=42.500000000000007 35867.000000000007 0.29166666666666669 1187.5000000000002 13.430000000000003 3.1000000000000005 1025.0000000000002 26.633333333333336 0.43650793650793657 1.5500000000000003 2.3666666666666671 13.845000000000004 8.0450000000000035 99.90000000000002
decision_type=2 2 8 2 8 10 2 10 10 10 10 8 8 10
left_child=12 -2 3 -3 7 6 -6 8 9 -4 -11 -8 -1 -10
right_child=1 2 4 -5 5 -7 11 -9 13 10 -12 -13 -14 -15
leaf_value=-0.0032472168674030875 -0.0017042115946323999 0.10432806766336472 -0.017446380816087001 0 0.075106232549793039 0.052768910920931569 0.060115624180215654 -0.040828467872045283 0.0023694067460763761 0.11402981782159885 0.021597024334135968 0.0076260806834219921 -0.01960901948548734 0.024544632476469624
leaf_weight=11639 11134 56 59 51 64 186 73 108 8356 59 99 1813 760 400
leaf_count=11639 11134 56 59 51 64 186 73 108 8356 59 99 1813 760 400
internal_value=9.28908e-06 0.00236358 0.00636522 0.0549119 0.00589748 0.0154501 0.011865 0.00364706 0.00418741 0.0363017 0.0565216 0.0096864 -0.00425288 0.00338664
internal_weight=34857 22458 11324 107 11217 2136 1950 9081 8973 217 158 1886 12399 8756
internal_count=34857 22458 11324 107 11217 2136 1950 9081 8973 217 158 1886 12399 8756
is_linear=0
shrinkage=0.05


Tree=61
num_leaves=15
num_cat=0
split_feature=42 48 30 62 52 5 8 52 62 47 31 12 24 0
split_gain=129.358 92.3818 142.127 157.328 138.953 133.169 160.644 127.432 146.891 113.961 103.096 100.434 96.2215 92.9312
threshold=1.8333333333333337 1.8333333333333337 0.56890000000000029 327202.00000000006 1.7750000000000001 44.527777777777786 0.13392857142857145 0.63333333333333341 1349001.5000000002 5.2633333333333345 2.0650000000000004 22.833333333333339 0.013333333333333329 4.8333333333333348
decision_type=10 10 10 2 10 10 10 10 2 10 10 10 10 10
left_child=-1 11 3 -3 -4 -5 7 8 -7 12 -6 13 -9 -2
right_child=1 2 4 5 10 6 -8 9 -10 -11 -12 -13 -14 -15
leaf_value=-0.0019023932898619455 0.0015258420786945052 0.0082239426883554661 -0.0069470876554884936 0.10456681350360111 0.031993910067544748 0.13990057328233013 -0.016816293889401004 0.0011311830218491417 0.034032685206712862 0.090841212047366657 -0.029776237142764651 -0.020935690268483124 0.071416475641727456 0.026962604598631548
leaf_weight=25002 5698 819 1257 73 472 67 127 224 66 63 78 466 62 383
leaf_count=25002 5698 819 1257 73 472 67 127 224 66 63 78 466 62 383
internal_value=9.2167e-06 0.00486133 0.0116721 0.0230426 0.00220953 0.0407823 0.033016 0.0462018 0.0878761 0.0301456 0.0231693 0.0014156 0.0165532 0.00313412
internal_weight=34857 9855 3308 1501 1807 682 609 482 133 349 550 6547 286 6081
internal_count=34857 9855 3308 1501 1807 682 609 482 133 349 550 6547 286 6081
is_linear=0
shrinkage=0.05


Tree=62
num_leaves=15
num_cat=0
split_feature=61 62 57 48 4 60 59 59 62 61 59 48 54 14
split_gain=123.485 116.842 130.393 136.204 125.365 95.0821 136.995 133.062 94.2931 89.9681 126.379 273.895 85.0564 84.5743
threshold=40.500000000000007 14874.500000000002 2.7500000000000004 1.0000000180025095e-35 103.10000000000001 1.5000000000000002 1142.5000000000002 1072.5000000000002 92310.500000000015 54.500000000000007 1157.5000000000002 2.8333333333333335 0.58333333333333337 19.414285714285715
decision_type=2 2 2 8 10 2 2 2 2 2 2 8 10 8
left_child=-1 -2 3 8 9 -5 7 -7 -3 -4 11 -11 -9 -12
right_child=1 2 4 5 -6 6 -8 12 -10 10 13 -13 -14 -15
leaf_value=-0.0045570724490201072 -0.0028730635754233959 0.020034826651585003 -0.0025261065281329603 0.0072435756179340689 0.030201176173181622 0.08360039640580659 0.090595015418348898 0.0212423522638748 0.11215172185797558 0.0060154700674572778 -0.0074598060670560563 0.13240749948006822 -0.047462462390779607 0.031563721139040268
leaf_weight=10389 8296 60 7702 6841 338 56 82 124 53 122 460 66 70 198
leaf_count=10389 8296 60 7702 6841 338 56 82 124 53 122 460 66 70 198
internal_value=9.2108e-06 0.00194911 0.00442437 0.00938245 0.000355924 0.00851788 0.0346499 0.0160559 0.0637641 -0.000822973 0.0146452 0.0507533 -0.00347779 0.00425992
internal_weight=34857 24468 16172 7286 8886 7173 332 250 113 8548 846 188 194 658
internal_count=34857 24468 16172 7286 8886 7173 332 250 113 8548 846 188 194 658
is_linear=0
shrinkage=0.05


Tree=63
num_leaves=15
num_cat=0
split_feature=61 62 57 48 4 26 24 49 45 36 54 62 52 61
split_gain=111.472 105.488 117.702 123.099 113.154 94.1489 115.301 124.102 117.149 111.602 127.186 85.1254 83.3604 81.2595
threshold=40.500000000000007 14874.500000000002 2.7500000000000004 1.0000000180025095e-35 103.10000000000001 0.19707142857142859 0.13159333333333337 2.4500000000000006 4.9416666666666682 17.166666666666675 1.0000000180025095e-35 92310.500000000015 3.3666666666666671 54.500000000000007
decision_type=2 2 2 8 10 10 8 8 10 10 10 2 10 2
left_child=-1 -2 3 11 13 6 12 8 9 10 -8 -3 -5 -4
right_child=1 2 4 5 -6 -7 7 -9 -10 -11 -12 -13 -14 -15
leaf_value=-0.0043292297626125005 -0.0027294190560925276 0.019041364264389703 -0.0023998094209101376 0.0076099335651467273 0.028693347849691925 -0.045295978527219019 0.0024072361535996015 -0.0079179374756588664 0.099233466050045641 -0.033594206641021286 0.088115025262037919 0.1065965418547183 -0.049908152193300366 0.013919205445628746
leaf_weight=10389 8296 60 7702 6586 338 81 79 128 88 51 97 53 63 846
leaf_count=10389 8296 60 7702 6586 338 81 79 128 88 51 97 53 63 846
internal_value=9.2309e-06 0.00185239 0.00420435 0.008915 0.000338803 0.00809287 0.00870932 0.0334097 0.0502683 0.0309999 0.0499014 0.060616 0.00705747 -0.000781064
internal_weight=34857 24468 16172 7286 8886 7173 7092 443 315 227 176 113 6649 8548
internal_count=34857 24468 16172 7286 8886 7173 7092 443 315 227 176 113 6649 8548
is_linear=0
shrinkage=0.05


Tree=64
num_leaves=15
num_cat=0
split_feature=61 60 26 3 4 5 61 50 36 40 38 50 41 50
split_gain=101.285 91.9946 90.5402 77.9564 75.4964 74.8717 94.0928 78.2534 129.394 70.7632 65.189 72.3577 64.7674 65.6816
threshold=42.500000000000007 1.5000000000000002 0.080043500000000004 77.166666666666671 72.100000000000009 98.050000000000011 54.500000000000007 1.2928571428571431 19.633333333333344 8.0450000000000035 6.8675000000000006 1.1055555555555558 1.3837500000000003 1.5777777777777782
decision_type=2 2 10 8 10 8 2 10 10 8 8 8 10 10
left_child=9 3 5 4 -2 6 7 8 -3 -1 12 -12 -5 -14
right_child=1 2 -4 10 -6 -7 -8 -9 -10 -11 11 -13 13 -15
leaf_value=-0.0026494656903172354 -0.00015454523863182358 0.016442519400654169 0.077476389563601963 -0.011154565773513012 -0.018730976596930925 -0.041965053545740934 0.067323953798322969 -0.00035246300387633856 0.10102001043258731 -0.018400084924131612 -0.0040454767447157224 0.007474775212937209 0.076163000680187498 0.0078446210449577402
leaf_weight=11639 13324 275 57 59 570 58 82 539 54 760 1811 5478 93 58
leaf_count=11639 13324 275 57 59 570 58 82 539 54 760 1811 5478 93 58
internal_value=8.9267e-06 0.00201228 0.0163534 0.00129681 -0.000919087 0.0128355 0.0162279 0.011336 0.0305326 -0.00361762 0.00540551 0.00460898 0.0328573 0.050199
internal_weight=34857 22458 1065 21393 13894 1008 950 868 329 12399 7499 7289 210 151
internal_count=34857 22458 1065 21393 13894 1008 950 868 329 12399 7499 7289 210 151
is_linear=0
shrinkage=0.05


Tree=65
num_leaves=15
num_cat=0
split_feature=62 60 55 13 17 59 59 62 13 54 49 49 13 57
split_gain=97.4497 92.6953 77.7372 85.982 93.2443 110.659 280.985 101.169 100.856 85.8284 115.865 85.5914 76.8904 70.559
threshold=7681.5000000000009 1.5000000000000002 1.0000000180025095e-35 0.55000000000000016 0.13392857142857145 1132.5000000000002 1162.5000000000002 282582.00000000006 12.775000000000002 1.0000000180025095e-35 1.5500000000000003 2.1000000000000005 9.1000000000000014 2.7500000000000004
decision_type=2 2 10 10 10 2 2 2 10 10 10 10 8 2
left_child=12 13 -3 -4 9 7 -7 -6 -8 -5 -11 -12 -1 -2
right_child=1 2 3 4 5 6 8 -9 -10 10 11 -13 -14 -15
leaf_value=-0.0029224689739816047 0.0040617764756574262 -0.012469612318618992 -0.0032024825640452866 0.0075376824647852576 -0.063746998400975627 0.11121410282723831 0.045651593508931707 0.02311162828929781 -0.020887435430295739 0.11323984838809287 -0.011686325557891605 0.074523188785989167 -0.019936368802814877 -0.001445248780967194
leaf_weight=9381 10468 209 268 78 70 82 91 63 150 87 51 64 715 13080
leaf_count=9381 10468 209 268 78 70 82 91 63 150 87 51 64 715 13080
internal_value=8.59242e-06 0.00169744 0.0151751 0.0209581 0.0297858 0.0157331 0.0315571 -0.0224837 0.00417624 0.0525137 0.0696957 0.0361896 -0.0041308 0.00100181
internal_weight=34857 24761 1213 1004 736 456 323 133 241 280 202 115 10096 23548
internal_count=34857 24761 1213 1004 736 456 323 133 241 280 202 115 10096 23548
is_linear=0
shrinkage=0.05


Tree=66
num_leaves=15
num_cat=0
split_feature=36 58 32 53 32 36 30 30 30 28 50 62 58 5
split_gain=91.2048 99.127 73.5062 97.527 96.6087 85.1444 87.0994 186.579 171.806 94.7503 98.4732 93.9558 94.1418 86.7154
threshold=1.0000000180025095e-35 1270.0000000000002 0.68807000000000007 0.95000000000000007 0.6731666666666668 13.883333333333336 1.0216666666666672 0.9141666666666669 1.1633333333333338 0.039722000000000007 1.9500000000000002 34346.500000000007 1187.5000000000002 54.95000000000001
decision_type=10 2 10 10 10 10 10 10 10 10 10 2 2 10
left_child=-1 2 4 -4 -2 -5 7 -7 -8 -9 -11 -10 13 -13
right_child=1 -3 3 5 -6 6 8 9 11 10 -12 12 -14 -15
leaf_value=-0.0025601301925704356 0.006261158943318499 -0.0080540607571516695 -0.024339949217858092 -0.0058665384429651682 0.060011991564206474 0.0039190744672611341 -0.031317277116687005 -0.00032597201839458235 -0.011236269688091993 0.10268209902959327 0.020464867162048272 -0.026777451086174294 0.044028187132556074 0.011697790643058835
leaf_weight=17350 9080 1954 393 2426 84 453 332 50 558 119 54 160 205 1639
leaf_count=17350 9080 1954 393 2426 84 453 332 50 558 119 54 160 205 1639
internal_value=8.26547e-06 0.00255506 0.00388976 -0.000223203 0.00675983 0.00135523 0.00626993 0.0224267 0.00248405 0.0598183 0.0772959 0.00687925 0.0119374 0.00825549
internal_weight=34857 17507 15553 6389 9164 5996 3570 676 2894 223 173 2562 2004 1799
internal_count=34857 17507 15553 6389 9164 5996 3570 676 2894 223 173 2562 2004 1799
is_linear=0
shrinkage=0.05


Tree=67
num_leaves=15
num_cat=0
split_feature=61 62 49 59 37 40 49 59 37 40 14 42 47 40
split_gain=85.6177 92.3833 85.5113 95.2372 76.0052 74.8933 96.9161 92.1236 72.071 71.0946 70.0508 67.9884 65.5705 62.5394
threshold=42.500000000000007 35867.000000000007 0.29166666666666669 1187.5000000000002 19.890000000000004 13.430000000000003 3.1000000000000005 1025.0000000000002 25.380000000000006 13.845000000000004 24.112500000000004 8.1666666666666696 3.1950000000000007 8.0450000000000035
decision_type=2 2 8 2 10 8 10 2 10 8 10 10 10 8
left_child=13 4 3 -3 -2 10 7 -7 -6 -9 -4 -8 -10 -1
right_child=1 2 5 -5 8 6 11 9 12 -11 -12 -13 -14 -15
leaf_value=-0.0024160480569605861 -0.00045790276745779365 0.094149654655329956 0.0031369119934098128 0 -0.03179968065897644 0.068527362489885141 0.021048181207720625 0.055937589935603597 0.055550566492694443 0.0057176270647098211 -0.034614312861967519 0.082655809327678867 -0.013646628493134161 -0.017223463726779055
leaf_weight=11639 10606 56 8957 51 373 64 107 73 50 1813 124 79 105 760
leaf_count=11639 10606 56 8957 51 373 64 107 73 50 1813 124 79 105 760
internal_value=7.87976e-06 0.00184984 0.00503007 0.049437 -0.00138249 0.00460206 0.0130279 0.00971563 -0.0198895 0.00768902 0.00261679 0.0475004 0.00862112 -0.00332635
internal_weight=34857 22458 11324 107 11134 11217 2136 1950 528 1886 9081 186 155 12399
internal_count=34857 22458 11324 107 11134 11217 2136 1950 528 1886 9081 186 155 12399
is_linear=0
shrinkage=0.05


Tree=68
num_leaves=15
num_cat=0
split_feature=62 60 55 42 23 1 36 16 14 58 13 58 39 39
split_gain=79.7253 82.5228 70.0617 90.2905 76.1329 118.849 100.275 88.4106 85.5036 66.7626 66.2936 64.4384 99.4199 81.3603
threshold=7681.5000000000009 1.5000000000000002 1.0000000180025095e-35 5.166666666666667 0.011833333333333336 2.5500000000000003 23.066666666666674 1.0000000180025095e-35 14.950000000000001 1161.2500000000002 9.1000000000000014 1047.5000000000002 5.3166666666666691 10.641666666666669
decision_type=2 2 10 10 10 10 10 10 10 2 8 2 8 8
left_child=10 11 3 -3 6 7 8 -6 -4 -7 -1 12 -2 -14
right_child=1 2 4 -5 5 9 -8 -9 -10 -11 -12 -13 13 -15
leaf_value=-0.0026141033675101443 0.0021753473319128598 0.006826932075477782 0.012166736380637441 -0.068799045511654444 0.035719595436288533 0.039640654434013919 0.069222002052260145 0.12330115550518538 -0.042994267151415723 -0.030131803738134628 -0.018412560185038514 4.9017941234584605e-05 0.045276090271912019 0.0091359080393603655
leaf_weight=9381 1517 157 597 52 59 86 68 59 79 56 715 21400 290 341
leaf_count=9381 1517 157 597 52 59 86 68 59 79 56 715 21400 290 341
internal_value=7.72005e-06 0.00153535 0.014252 -0.0119891 0.0197427 0.0430449 0.0115424 0.0800568 0.00565644 0.0119401 -0.00373628 0.00087894 0.00913368 0.0258078
internal_weight=34857 24761 1213 209 1004 260 744 118 676 142 10096 23548 2148 631
internal_count=34857 24761 1213 209 1004 260 744 118 676 142 10096 23548 2148 631
is_linear=0
shrinkage=0.05


Tree=69
num_leaves=15
num_cat=0
split_feature=42 48 30 62 52 12 31 8 12 59 57 52 0 42
split_gain=76.1925 72.0594 122.339 130.961 127.43 97.182 91.674 89.014 103.255 84.6243 81.6639 84.1129 79.6807 84.0354
threshold=1.8333333333333337 1.8333333333333337 0.56890000000000029 230503.50000000003 1.7750000000000001 22.833333333333339 2.0650000000000004 0.13392857142857145 19.583333333333339 1295.0000000000002 3.2500000000000004 1.4500000000000002 4.8333333333333348 3.1666666666666674
decision_type=10 10 10 2 10 10 10 10 10 2 2 8 10 10
left_child=-1 5 3 10 -4 12 -6 9 -9 -5 11 -3 13 -2
right_child=1 2 4 7 6 -7 -8 8 -10 -11 -12 -13 -14 -15
leaf_value=-0.0014593241262181519 0.010680962617983698 0.029099507185113102 -0.0078012588104926549 0.047114299517623956 0.029365740184864354 -0.021299699160778479 -0.028877340164035561 0.057364768734072695 -0.030412172342664634 -0.020057328203969663 -0.025779420463780386 -0.012396593294118647 0.024442092779746967 -0.0028720058021994427
leaf_weight=25002 1583 337 1257 606 472 466 78 50 99 50 169 190 383 4115
leaf_count=25002 1583 337 1257 606 472 466 78 50 99 50 169 190 383 4115
internal_value=7.60703e-06 0.00373161 0.00974645 0.0202949 0.00096728 0.000688171 0.0210417 0.0340259 -0.000696256 0.0419451 0.00436457 0.0140939 0.00237887 0.000889456
internal_weight=34857 9855 3308 1501 1807 6547 550 805 149 656 696 527 6081 5698
internal_count=34857 9855 3308 1501 1807 6547 550 805 149 656 696 527 6081 5698
is_linear=0
shrinkage=0.05


Tree=70
num_leaves=15
num_cat=0
split_feature=3 32 51 41 12 37 4 39 43 62 40 13 62 59
split_gain=73.25 83.5616 103.1 89.255 134.65 102.197 69.449 65.8622 70.9376 95.0357 87.1646 72.8392 92.2342 134.844
threshold=80.416666666666671 1.7454050000000001 1.8333333333333337 34.675000000000004 25.833333333333339 38.100000000000001 72.100000000000009 5.3166666666666691 5.5500000000000007 1247571.5000000002 6.3675000000000015 11.900000000000002 174332.00000000003 1127.5000000000002
decision_type=10 10 10 10 10 10 10 10 10 2 10 10 2 2
left_child=6 3 -3 5 -5 -2 7 -1 10 -10 11 12 -9 -14
right_child=1 2 -4 4 -6 -7 -8 8 9 -11 -12 -13 13 -15
leaf_value=-0.0014978605483175146 0.0058390360951614956 -0.037697511169680224 0.0016223768151048515 0 0.099376595771218851 -0.058364001068472865 -0.01494047433051089 0.010608338166817374 0.030474918242419248 -0.024993767222976158 -0.0073592097661948257 -0.036039554897476643 0.11619910063343529 0.015275675728222969
leaf_weight=24125 6691 250 495 74 63 62 890 435 513 90 973 59 57 80
leaf_count=24125 6691 250 495 74 63 62 890 435 513 90 973 59 57 80
internal_value=7.11706e-06 0.00433564 -0.0115551 0.00605821 0.0459631 0.0052416 -0.00120605 -0.000740612 0.00752411 0.0221407 0.00200843 0.0164873 0.0219757 0.0577174
internal_weight=34857 7635 745 6890 137 6753 27222 26332 2207 603 1604 631 572 137
internal_count=34857 7635 745 6890 137 6753 27222 26332 2207 603 1604 631 572 137
is_linear=0
shrinkage=0.05


Tree=71
num_leaves=15
num_cat=0
split_feature=61 60 49 0 44 29 61 27 32 1 31 27 59 23
split_gain=71.0177 82.5758 87.9591 89.191 122.171 165.193 81.15 78.4669 93.1625 140.272 102.016 87.5739 86.5758 89.9537
threshold=40.500000000000007 1.5000000000000002 0.77500000000000013 5.5833333333333348 5.2111111111111121 0.072016500000000025 52.500000000000007 0.080318333333333367 0.53645833333333337 3.9000000000000004 0.57896000000000014 0.079855000000000023 1025.0000000000002 0.046905000000000009
decision_type=2 2 10 10 8 10 2 8 8 10 10 10 2 8
left_child=-1 7 -3 4 5 6 -4 11 9 -9 -11 -2 13 -10
right_child=1 2 3 -5 -6 -7 -8 8 12 10 -12 -13 -14 -15
leaf_value=-0.0034559155589835989 -0.00025440026457486468 0.056229116232647251 0.0042839339034000494 0.066929784226556155 -0.024216359493208366 0.10264791597440406 0.061209207192974562 0.013286207632706496 -0.0034586408168730078 0.11815508749541336 0.021702296710988084 -0.047053076635434558 0.0024076756763023225 0.071759847011715977
leaf_weight=10389 19188 113 648 64 248 51 69 426 68 63 50 100 3287 93
leaf_count=10389 19188 113 648 64 248 51 69 426 68 63 50 100 3287 93
internal_value=6.80958e-06 0.00147813 0.0143065 0.00987297 0.00622309 0.0160944 0.00983578 0.000819224 0.00720458 0.0265345 0.0759807 -0.000499541 0.00417221 0.0399234
internal_weight=34857 24468 1193 1080 1016 768 717 23275 3987 539 113 19288 3448 161
internal_count=34857 24468 1193 1080 1016 768 717 23275 3987 539 113 19288 3448 161
is_linear=0
shrinkage=0.05


Tree=72
num_leaves=15
num_cat=0
split_feature=62 58 61 49 44 44 44 1 43 42 56 14 46 12
split_gain=64.573 61.6593 73.32 83.4633 95.4782 67.6741 97.5978 117.803 147.419 155.057 80.7359 96.7599 70.6061 60.7673
threshold=6802.0000000000009 1270.0000000000002 40.500000000000007 0.22500000000000003 2.2111111111111117 12.050000000000002 17.225000000000005 3.3666666666666671 13.225000000000001 22.833333333333339 0.2678571428571429 15.105555555555556 4.5900000000000007 25.416666666666668
decision_type=2 2 2 8 10 8 10 10 10 10 8 10 10 10
left_child=-1 2 -2 4 -4 13 7 10 12 -10 11 -7 -9 -5
right_child=1 -3 3 5 -6 6 -8 8 9 -11 -12 -13 -14 -15
leaf_value=-0.0035309299315397762 -0.0030318504487252254 -0.0056521976931875667 0.080576118145952169 0.0029893067738195394 0.0037982186937298859 0.0038913020797021465 -0.011319728593391497 0.053386331802747891 -0.0032090169447668753 0.087602909237850371 0.023139958317389565 -0.063458093446288402 0.13002451637440973 -0.014971377955697838
leaf_weight=9411 5184 2820 75 15302 89 284 310 72 179 63 463 65 55 485
leaf_count=9411 5184 2820 75 15302 89 284 310 72 179 63 463 65 55 485
internal_value=6.92827e-06 0.0013164 0.00218615 0.00373848 0.0392002 0.00339931 0.0135835 0.0201435 0.0435687 0.0204609 0.00944731 -0.00865359 0.0871519 0.00243549
internal_weight=34857 25446 22626 17442 164 17278 1491 1181 369 242 812 349 127 15787
internal_count=34857 25446 22626 17442 164 17278 1491 1181 369 242 812 349 127 15787
is_linear=0
shrinkage=0.05


Tree=73
num_leaves=15
num_cat=0
split_feature=40 49 5 39 49 37 38 62 14 16 26 4 40 43
split_gain=60.3176 80.3155 83.666 104.467 140.903 105.499 103.159 85.047 65.2836 62.728 61.6938 91.783 58.117 78.1666
threshold=13.670000000000002 3.1000000000000005 75.050000000000011 16.983333333333338 2.1000000000000005 21.355000000000008 7.5200000000000005 38376.000000000007 24.112500000000004 0.36666666666666675 0.056333333333333346 87.63333333333334 44.855000000000011 18.100000000000005
decision_type=10 10 10 10 10 10 10 2 10 10 10 10 10 10
left_child=8 2 6 4 5 10 -2 -5 -1 -3 -4 -12 13 -9
right_child=1 9 3 7 -6 -7 -8 12 -10 -11 11 -13 -14 -15
leaf_value=-0.00037980875311773932 0.047337568804524305 0.0024493319929138691 0.0047310811265007316 -0.049643856890017185 -0.032116178059040157 0.090474555389353298 -0.013859287148011707 0.0088332542839574396 -0.035160524914955298 0.068284188583493236 0.097087039792440766 0.0057568750931944667 0.053553827837571621 -0.052996717642590001
leaf_weight=32581 76 60 126 69 66 100 680 639 135 94 61 51 64 55
leaf_count=32581 76 60 126 69 66 100 680 639 135 94 61 51 64 55
internal_value=6.78283e-06 0.00813702 0.00542107 0.0134668 0.0342961 0.0473663 -0.00764695 0.00324655 -0.000524628 0.042887 0.0289971 0.0559318 0.00812363 0.00386256
internal_weight=34857 2141 1987 1231 404 338 756 827 32716 154 238 112 758 694
internal_count=34857 2141 1987 1231 404 338 756 827 32716 154 238 112 758 694
is_linear=0
shrinkage=0.05


Tree=74
num_leaves=15
num_cat=0
split_feature=61 22 27 8 39 49 47 24 47 45 60 58 59 1
split_gain=59.5136 120.226 85.1127 92.5743 77.8608 85.3869 113.173 84.8909 81.6643 77.4376 69.9035 85.517 76.9844 67.9361
threshold=54.500000000000007 0.080100000000000032 0.1001716666666667 0.18333333333333338 3.4333333333333362 1.1000000000000003 1.6050000000000002 0.070000000000000048 4.2211111111111128 2.3416666666666677 1.5000000000000002 1138.7500000000002 1047.5000000000002 2.2916666666666674
decision_type=2 10 10 10 10 10 10 10 10 10 2 2 2 10
left_child=2 10 3 -1 -4 -6 9 8 -8 -7 12 -12 -2 -5
right_child=1 -3 4 13 5 6 7 -9 -10 -11 11 -13 -14 -15
leaf_value=-0.00085367552627156227 0.04916285086535227 -0.028928977566036754 -0.0097643425423109068 0.010199219621543035 -0.0052762430109281333 0.012022092207291417 0.021347744212286943 0.0048150046180200114 0.075359825946782769 0.088693345826668823 0.10009089785047097 0.0071862466891508305 0.0073124506578834351 -0.035752057509488115
leaf_weight=30253 120 184 473 106 493 53 407 878 85 91 50 50 1293 321
leaf_count=30253 120 184 473 106 493 53 407 878 85 91 50 50 1293 321
internal_value=6.65478e-06 0.00913866 -0.000460063 -0.00118103 0.00844742 0.0127533 0.0186405 0.0141718 0.0307969 0.0607863 0.0137927 0.0541542 0.0109004 -0.0242879
internal_weight=34857 1697 33160 30680 2480 2007 1514 1370 492 144 1513 100 1413 427
internal_count=34857 1697 33160 30680 2480 2007 1514 1370 492 144 1513 100 1413 427
is_linear=0
shrinkage=0.05


Tree=75
num_leaves=15
num_cat=0
split_feature=61 62 59 53 61 58 2 28 26 53 51 54 22 52
split_gain=56.5504 63.589 64.0062 68.0494 108.202 96.7109 69.3413 80.3972 111.643 99.6673 92.0353 126.498 81.872 74.9939
threshold=42.500000000000007 27154.000000000004 1315.0000000000002 0.55000000000000016 60.500000000000007 1088.7500000000002 6.3166666666666673 0.25100000000000006 0.16450000000000004 1.9500000000000002 1.8333333333333337 1.0000000180025095e-35 0.16450000000000004 2.9000000000000004
decision_type=2 2 2 8 2 2 10 8 10 8 10 10 10 10
left_child=-1 -2 3 4 5 -3 7 8 12 10 11 -9 13 -5
right_child=1 2 -4 6 -6 -7 -8 9 -10 -11 -12 -13 -14 -15
leaf_value=-0.0027029501852370835 -0.0014123335383717198 0.09842634694916863 -0.0070219864999263694 0.0041587555374146528 -0.039935492703674039 0.024376389921168456 -0.032562495788338551 -0.036343643483810854 -0.051500433405542251 -0.0068522296154361756 0.082664032970781384 0.042055345453189188 -0.037557259894649447 0.036535576345679693
leaf_weight=12399 10195 52 1201 9589 54 293 125 66 90 184 88 224 115 182
leaf_count=12399 10195 52 1201 9589 54 293 125 66 90 184 88 224 115 182
internal_value=6.67751e-06 0.0015038 0.00393015 0.00512175 0.0253952 0.0357362 0.00435964 0.0048015 0.00376129 0.023202 0.0378873 0.0240949 0.00426949 0.00476622
internal_weight=34857 22458 12263 11062 399 345 10663 10538 9976 562 378 290 9886 9771
internal_count=34857 22458 12263 11062 399 345 10663 10538 9976 562 378 290 9886 9771
is_linear=0
shrinkage=0.05


Tree=76
num_leaves=15
num_cat=0
split_feature=3 4 32 51 54 49 16 30 17 59 50 50 50 48
split_gain=54.9714 92.8547 70.5322 85.3169 65.2206 110.259 103.145 111.581 124.825 107.889 90.8951 100.502 108.104 118.322
threshold=77.166666666666671 72.100000000000009 1.7454050000000001 1.8333333333333337 0.41666666666666669 2.1000000000000005 0.45000000000000007 1.3408500000000005 0.43650793650793657 1117.5000000000002 3.2500000000000004 1.788888888888889 2.0500000000000003 3.5000000000000004
decision_type=10 10 10 10 10 10 10 10 10 2 10 10 10 10
left_child=1 -1 4 -4 6 -6 -2 8 -8 -10 11 -7 -13 -14
right_child=2 -3 3 -5 5 10 7 -9 9 -11 -12 12 13 -15
leaf_value=-0.00060452407780722491 0.0062286534626164276 -0.019532609383167074 -0.034062876647090637 0.001107585804795082 -0.013872918649402417 -0.04554150151430604 0.10412816866388862 -0.025071023726785508 0.079139943748985961 -0.011579593024188026 -0.049221749478411458 0.074451537846642379 -0.0017200629880179221 0.057365767643489746
leaf_weight=26235 5300 664 259 510 1002 54 79 55 54 81 53 93 301 117
leaf_count=26235 5300 664 259 510 1002 54 79 55 54 81 53 93 301 117
internal_value=6.25209e-06 -0.00107305 0.00365739 -0.0107198 0.00519942 -0.00361918 0.0077693 0.0379634 0.0543011 0.0246818 0.0129632 0.018879 0.0257734 0.0148074
internal_weight=34857 26899 7958 769 7189 1620 5569 269 214 135 618 565 511 418
internal_count=34857 26899 7958 769 7189 1620 5569 269 214 135 618 565 511 418
is_linear=0
shrinkage=0.05


Tree=77
num_leaves=15
num_cat=0
split_feature=62 37 59 50 44 44 23 1 43 14 44 54 47 50
split_gain=51.7569 63.5775 55.222 125.771 78.4053 117.01 95.1896 86.0041 144.284 127.714 89.682 74.6818 73.6939 67.8489
threshold=6802.0000000000009 9.3466666666666693 1148.7500000000002 0.23611111111111113 12.105555555555556 16.112500000000004 0.043810000000000009 3.3666666666666671 12.900000000000002 18.633333333333336 14.050000000000002 1.0000000180025095e-35 3.9414285714285722 2.0500000000000003
decision_type=2 8 2 8 8 8 8 10 10 10 10 10 10 10
left_child=1 -1 3 -2 -5 7 -7 10 -9 -10 12 -8 -6 -13
right_child=2 -3 -4 4 5 6 11 8 9 -11 -12 13 -14 -15
leaf_value=-0.0019395796035960641 0.074351274973154066 -0.017026128239603928 -0.0010755808370434702 0.0020637344077708312 0.024409457424483381 -0.027886688182836246 -0.002752426608788724 0.12987110493457424 0.088765504774839993 -0.011151515112838128 0.055368568784100305 0.072017105482518676 -0.056330818272082611 0.0086672512913596716
leaf_weight=8651 62 760 13133 11309 59 175 220 56 57 71 80 87 53 84
leaf_count=8651 62 760 13133 11309 59 175 220 56 57 71 80 87 53 84
internal_value=5.88294e-06 -0.00316141 0.0011783 0.00358427 0.00322107 0.0170802 0.0026617 0.0386859 0.0631133 0.0333205 0.0150433 0.0164163 -0.0136563 0.0411596
internal_weight=34857 9411 25446 12313 12251 942 566 376 184 128 192 391 112 171
internal_count=34857 9411 25446 12313 12251 942 566 376 184 128 192 391 112 171
is_linear=0
shrinkage=0.05


Tree=78
num_leaves=15
num_cat=0
split_feature=23 60 26 5 12 1 62 4 1 1 13 5 62 58
split_gain=49.0154 47.0973 63.2879 50.4393 76.6119 77.8964 85.182 75.8417 52.7014 114.787 67.9198 78.8621 60.0744 47.1842
threshold=0.21750000000000003 1.5000000000000002 0.080043500000000004 98.050000000000011 21.583333333333339 2.9000000000000004 652782.50000000012 84.63333333333334 0.90000000000000013 1.3666666666666669 13.366666666666669 35.95000000000001 60276.500000000007 1047.5000000000002
decision_type=10 2 10 8 10 10 2 10 10 10 10 10 2 2
left_child=1 13 3 4 5 6 8 -7 -3 -10 11 -11 -13 -1
right_child=-2 2 -4 -5 -6 7 -8 -9 9 10 -12 12 -14 -15
leaf_value=0.0055535149240280614 0.048282286382856823 0.00049379849276254403 0.057889723874689117 -0.035467032262747243 0.055249331493867682 -0.063598758030950636 0.062175046720288021 0.011816044667592417 0.086045600849488549 -0.021772567429239068 -0.038489748939223911 0.0065212501893362517 0.079296118140052593 -0.0010749673518756192
leaf_weight=2946 52 992 61 69 81 76 71 58 60 61 57 51 66 30156
leaf_count=2946 52 992 61 69 81 76 71 58 60 61 57 51 66 30156
internal_value=5.83073e-06 -6.62704e-05 0.00804065 0.00615649 0.00800889 0.00540983 0.009016 -0.0308481 0.00604094 0.0245774 0.00862787 0.0239217 0.0479492 -0.000484218
internal_weight=34857 34805 1703 1642 1573 1492 1358 134 1287 295 235 178 117 33102
internal_count=34857 34805 1703 1642 1573 1492 1358 134 1287 295 235 178 117 33102
is_linear=0
shrinkage=0.05


Tree=79
num_leaves=15
num_cat=0
split_feature=61 22 27 8 31 4 62 49 58 58 50 49 48 43
split_gain=48.0658 109.102 72.4253 85.273 82.1946 144.314 100.31 91.3791 69.7315 126.503 108.186 77.8232 93.7175 128.015
threshold=54.500000000000007 0.080100000000000032 0.1001716666666667 0.18333333333333338 0.8045000000000001 80.63333333333334 23636.500000000004 1.1000000000000003 1037.5000000000002 1062.5000000000002 2.5777777777777779 2.9000000000000004 3.8333333333333335 1.9000000000000001
decision_type=2 10 10 10 10 10 2 10 2 2 10 8 8 8
left_child=2 8 3 -1 5 6 7 -4 -2 10 -10 -11 13 -13
right_child=1 -3 4 -5 -6 -7 -8 -9 9 11 -12 12 -14 -15
leaf_value=-0.00076440653970780256 -0.034769643959747694 -0.028050194078990759 0.0036143575449075018 -0.023255482308337825 0.0026548493952246277 0.08218041719117547 0.0012035543609424835 0.092647776212123112 0.086812611893220454 0.00306780292548962 -0.0021150534529939739 -0.0066767835795879362 -0.0058238063484289072 0.079655926744711364
leaf_weight=30253 73 184 52 427 1882 90 390 66 104 984 50 62 105 135
leaf_count=30253 73 184 52 427 1882 90 390 66 104 984 50 62 105 135
internal_value=5.86405e-06 0.00821278 -0.000413498 -0.00107862 0.00780323 0.0239484 0.0135119 0.0538045 0.0126471 0.0150795 0.0578648 0.00991599 0.0321047 0.0524105
internal_weight=34857 1697 33160 30680 2480 598 508 118 1513 1440 154 1286 302 197
internal_count=34857 1697 33160 30680 2480 598 508 118 1513 1440 154 1286 302 197
is_linear=0
shrinkage=0.05


Tree=80
num_leaves=15
num_cat=0
split_feature=61 57 43 5 0 13 38 2 28 42 53 4 39 42
split_gain=46.5464 60.0657 65.1872 75.2136 59.0686 99.7862 134.467 129.498 89.4398 76.9354 74.6706 70.3448 76.2374 76.489
threshold=42.500000000000007 3.7500000000000004 13.366666666666669 98.050000000000011 0.83333333333333337 6.6333333333333337 12.126666666666669 1.8452380952380956 0.15219000000000005 1.1666666666666667 2.1714285714285722 54.500000000000007 1.9666666666666675 6.166666666666667
decision_type=2 2 10 10 8 8 10 10 10 8 10 10 10 10
left_child=-1 4 3 -3 8 6 11 -8 -2 10 -7 12 -6 -14
right_child=1 2 -4 -5 5 9 7 -9 -10 -11 -12 -13 13 -15
leaf_value=-0.0024524810391102431 0.00053308030197931277 -0.002709511410603372 -0.026237913243056778 0.040123758112575021 0.002742198749286529 -0.01057815927384813 0.020332804140723817 0.11481832516171951 -0.043393048376162008 0.0062552449970587403 0.034241122764011665 -0.026459877753658646 0.025498128156593622 0.092251083500755657
leaf_weight=12399 8418 5192 289 104 363 1205 78 69 117 6096 100 98 278 51
leaf_count=12399 8418 5192 289 104 363 1205 78 69 117 6096 100 98 278 51
internal_value=5.75044e-06 0.00136407 -0.00312811 -0.00185995 0.00285252 0.00584554 0.0212199 0.0650915 -6.86482e-05 0.00389439 -0.00711278 0.0129888 0.0186266 0.036046
internal_weight=34857 22458 5585 5296 16873 8338 937 147 8535 7401 1305 790 692 329
internal_count=34857 22458 5585 5296 16873 8338 937 147 8535 7401 1305 790 692 329
is_linear=0
shrinkage=0.05


Tree=81
num_leaves=15
num_cat=0
split_feature=62 60 53 50 12 58 58 62 61 53 13 58 39 39
split_gain=43.6859 61.0471 57.8942 59.6352 113.821 150.96 86.338 109.656 71.2185 64.8173 52.5477 52.4619 78.3919 81.0585
threshold=6210.5000000000009 1.5000000000000002 2.2928571428571431 1.2928571428571431 4.166666666666667 1108.7500000000002 1161.2500000000002 778172.00000000012 49.500000000000007 1.3666666666666669 9.1000000000000014 1047.5000000000002 5.3166666666666691 10.641666666666669
decision_type=2 2 10 10 10 2 2 2 2 10 8 2 8 8
left_child=10 11 3 4 -3 -6 7 -5 -8 -7 -1 12 -2 -14
right_child=1 2 -4 6 5 9 8 -9 -10 -11 -12 -13 13 -15
leaf_value=-0.0020081375684572965 0.0018680986934777823 0.0011474082729529579 -0.032490328785112439 0.0097416946205798483 0.0009358184278206108 0.13429181289076986 0.0010672791167806619 0.073713627999479128 -0.05042198384659631 0.059005032174032315 -0.017654564786618098 -0.00023485795312946732 0.041869811606174416 0.0060462443683668432
leaf_weight=8286 1607 173 69 365 76 51 285 82 87 72 574 22491 294 345
leaf_count=8286 1607 173 69 365 76 51 285 82 87 72 574 22491 294 345
internal_value=5.69598e-06 0.00103977 0.0117741 0.0143721 0.0309787 0.0567192 0.00678432 0.0216022 -0.010959 0.0908412 -0.00302556 0.000491776 0.0077777 0.0225874
internal_weight=34857 25997 1260 1191 372 199 819 447 372 123 8860 24737 2246 639
internal_count=34857 25997 1260 1191 372 199 819 447 372 123 8860 24737 2246 639
is_linear=0
shrinkage=0.05


Tree=82
num_leaves=15
num_cat=0
split_feature=40 13 38 38 50 41 25 4 12 39 53 37 17 50
split_gain=42.4646 79.074 71.4407 91.6777 75.8172 66.7987 108.768 69.1509 68.7834 62.7352 59.9823 75.5116 88.2657 87.4254
threshold=13.670000000000002 26.900000000000002 14.560000000000002 7.5200000000000005 3.0500000000000003 22.414285714285715 0.049999999999999996 96.100000000000009 32.166666666666679 21.083333333333339 0.70714285714285718 22.380000000000006 0.31666666666666671 1.8875000000000002
decision_type=10 10 10 10 10 10 10 10 10 10 10 10 10 10
left_child=1 -1 3 -2 5 6 -4 -8 10 -5 -7 12 -12 -13
right_child=2 -3 4 9 -6 8 7 -9 -10 -11 11 13 -14 -15
leaf_value=-0.00030147015930619538 0.044036152806156172 -0.04428909976307939 -0.0013785896748356617 0.00040663798355872693 0.071745828072601395 -0.058634571717419759 0.028231690786967925 0.089326385357195434 0.048619834785552131 -0.031688971472667159 -3.6385522671337205e-05 0.0061899755781554197 0.07420335308750077 -0.063576022014452546
leaf_weight=32614 80 102 356 373 53 54 443 52 57 255 190 92 50 86
leaf_count=32614 80 102 356 373 53 54 443 52 57 255 190 92 50 86
internal_value=5.71733e-06 -0.000440051 0.00682756 -0.00613937 0.0132515 0.0109617 0.0196347 0.0347838 -0.00294874 -0.0126009 -0.00927407 -0.00277519 0.0154484 -0.0274608
internal_weight=34857 32716 2141 708 1433 1380 851 495 529 628 472 418 240 178
internal_count=34857 32716 2141 708 1433 1380 851 495 529 628 472 418 240 178
is_linear=0
shrinkage=0.05


Tree=83
num_leaves=15
num_cat=0
split_feature=23 61 22 58 59 44 44 51 38 16 44 14 61 38
split_gain=43.7615 41.0287 106.297 63.3007 114.531 58.9441 63.3535 110.673 84.5468 64.2136 159.227 61.3939 130.113 66.4401
threshold=0.21750000000000003 54.500000000000007 0.080100000000000032 1037.5000000000002 1047.5000000000002 19.225000000000005 12.105555555555556 1.5833333333333337 19.850000000000005 0.55000000000000016 5.8944444444444457 12.816666666666668 55.500000000000007 20.410000000000004
decision_type=10 2 10 2 2 10 8 10 8 10 10 10 2 10
left_child=1 -1 3 -3 -5 6 9 8 -8 11 -11 12 -6 -13
right_child=-2 2 -4 4 5 -7 7 -9 -10 10 -12 13 -14 -15
leaf_value=-0.0004511142506962041 0.045621340785707752 -0.033336360705699647 -0.029034784923137075 0.071786303521116826 0.067421579822092445 -0.04169259683310407 0.06993494303984063 0.095060534208637332 -0.004024387413805181 0.07821414143310311 -0.016886361363280266 -0.026947974014742859 0.0011356662300362013 0.014664279122645608
leaf_weight=33115 52 73 177 81 92 51 53 59 137 96 80 268 375 148
leaf_count=33115 52 73 177 81 92 51 53 59 137 96 80 268 375 148
internal_value=5.54826e-06 -6.25396e-05 0.00753455 0.0118373 0.0141555 0.0106771 0.0127533 0.035448 0.0166045 0.0073793 0.0349196 0.001845 0.0143058 -0.0120838
internal_weight=34857 34805 1690 1513 1440 1359 1308 249 190 1059 176 883 467 416
internal_count=34857 34805 1690 1513 1440 1359 1308 249 190 1059 176 883 467 416
is_linear=0
shrinkage=0.05


Tree=84
num_leaves=15
num_cat=0
split_feature=57 3 4 3 1 30 59 48 12 32 14 2 14 6
split_gain=42.0544 54.5786 70.8486 114.067 93.0511 121.079 81.4406 72.0094 123.182 107.179 124.252 112.255 111.69 141.532
threshold=4.7500000000000009 1.0000000180025095e-35 27.675000000000004 40.500000000000007 1.2916666666666667 0.10936666666666654 1157.5000000000002 1.8333333333333337 23.166666666666668 0.53048500000000021 18.211111111111112 3.1055555555555561 19.707142857142859 1.0000000180025095e-35
decision_type=2 10 10 10 10 10 2 10 10 10 10 10 10 10
left_child=1 -1 4 -4 -3 6 -6 8 -5 10 11 -9 -12 -14
right_child=-2 2 3 7 5 -7 -8 9 -10 -11 12 -13 13 -15
leaf_value=-0.0016056255637700294 -0.0057747885756589731 0.0059005439034418563 -0.011143543204629399 0.0015055602431936924 0.09161062558959937 0.0083571500285599103 0.01599492502555383 0.016779208804597216 -0.025423319744109153 0.00082543998920076099 0.081888720086240707 -0.024588904337166907 0.044502834795948569 -0.024573593448590617
leaf_weight=15463 2885 3298 1736 7144 103 229 56 838 451 1961 117 203 272 101
leaf_count=15463 2885 3298 1736 7144 103 229 56 838 451 1961 117 203 272 101
internal_value=5.4799e-06 0.000527928 0.0025278 0.000769403 0.00863728 0.0317976 0.065269 0.0026374 -9.17851e-05 0.00857963 0.0184918 0.00868029 0.0392553 0.0257237
internal_weight=34857 31972 16509 12823 3686 388 159 11087 7595 3492 1531 1041 490 373
internal_count=34857 31972 16509 12823 3686 388 159 11087 7595 3492 1531 1041 490 373
is_linear=0
shrinkage=0.05


Tree=85
num_leaves=15
num_cat=0
split_feature=57 26 28 4 3 4 48 30 5 38 4 2 61 44
split_gain=39.6647 76.1601 96.975 74.7685 68.0618 115.248 102.174 126.768 110.077 99.9324 162.392 95.6287 85.9475 104.964
threshold=2.7500000000000004 0.19707142857142859 0.27100000000000007 103.10000000000001 16.833333333333339 27.675000000000004 0.83333333333333337 1.5701666666666672 72.050000000000011 6.0633333333333344 36.100000000000009 1.9500000000000002 48.500000000000007 4.0500000000000007
decision_type=2 10 10 10 8 8 8 8 10 10 10 10 2 10
left_child=1 2 4 -2 -1 11 7 8 9 10 -7 -6 13 -10
right_child=3 -3 -4 -5 5 6 -8 -9 12 -11 -12 -13 -14 -15
leaf_value=-0.0012367677234625101 -0.0019313625284683314 -0.046293254482325602 0.056563674928220509 0.020653190468643685 0.018891539328776272 -0.015809587939633978 8.3634705126798834e-05 -0.013754065079803774 0.063465122797741344 -0.0027815183419399635 0.098354074377434486 0.086263482000516811 0.092929862137441033 0.01048613529660654
leaf_weight=8185 19064 81 81 373 677 55 5060 280 162 417 70 57 71 224
leaf_count=8185 19064 81 81 373 677 55 5060 280 162 417 70 57 71 224
internal_value=5.40257e-06 0.00189973 0.00215735 -0.00149615 0.00186504 0.00545788 0.00328057 0.0159038 0.0242441 0.00893133 0.04806 0.0242126 0.0423207 0.0328389
internal_weight=34857 15420 15339 19437 15258 7073 6339 1279 999 542 125 734 457 386
internal_count=34857 15420 15339 19437 15258 7073 6339 1279 999 542 125 734 457 386
is_linear=0
shrinkage=0.05


Tree=86
num_leaves=15
num_cat=0
split_feature=23 32 5 39 58 43 52 28 23 4 58 24 41 30
split_gain=38.2407 40.722 67.7599 85.8033 87.853 87.2374 152.989 87.0852 121.979 115.574 98.8224 117.616 144.445 79.7768
threshold=0.21750000000000003 1.6905000000000003 74.850000000000009 0.8000000000000006 1047.5000000000002 8.5500000000000025 0.70833333333333337 0.068417000000000019 0.013090000000000003 88.63333333333334 1157.5000000000002 0.24833333333333332 23.330000000000005 0.53003333333333358
decision_type=10 10 10 10 2 10 10 10 10 10 2 10 10 10
left_child=1 2 -1 4 -4 6 -6 -5 9 -9 11 12 13 -10
right_child=-2 -3 3 7 5 -7 -8 8 10 -11 -12 -13 -14 -15
leaf_value=-0.00075711777212906638 0.042646996265365972 -0.0096410640938213651 0.070605223611661591 -0.0022616224494364477 0.10273353580748086 -0.015123727719669473 0.01578990339450427 0.097199201856563291 0.061333504230669238 0.017032352921035554 0.025738823993754007 0.070515982544693712 -0.068098534454630141 -0.003353365918176364
leaf_weight=28090 52 1074 78 3118 56 182 503 76 50 112 482 53 84 847
leaf_count=28090 52 1074 78 3118 56 182 503 76 50 112 482 53 84 847
internal_value=5.46663e-06 -5.81349e-05 0.000246384 0.00524749 0.02021 0.0148275 0.0246285 0.00269915 0.0117891 0.0497447 0.00705086 -0.00164462 -0.00560261 0.000256673
internal_weight=34857 34805 33731 5641 819 741 559 4822 1704 188 1516 1034 981 897
internal_count=34857 34805 33731 5641 819 741 559 4822 1704 188 1516 1034 981 897
is_linear=0
shrinkage=0.05


Tree=87
num_leaves=15
num_cat=0
split_feature=60 40 39 39 38 4 31 45 1 13 2 58 32 41
split_gain=36.5953 59.7877 97.1273 91.9754 87.7139 64.2388 44.2003 67.1921 54.0245 134.085 55.2055 42.1343 78.2942 85.1992
threshold=1.5000000000000002 13.670000000000002 8.4500000000000011 7.0333333333333377 12.905555555555557 85.225000000000009 0.022250000000000048 2.9833333333333343 1.3666666666666669 4.5500000000000007 2.0500000000000003 1097.5000000000002 0.48112500000000008 3.2500000000000009
decision_type=2 10 8 10 10 10 10 10 10 10 10 2 10 10
left_child=-1 2 3 6 -4 -3 8 11 9 -2 -10 -8 -13 -14
right_child=1 5 4 -5 -6 -7 7 -9 10 -11 -12 12 13 -15
leaf_value=-0.00036095150759932844 0.0004707394719758503 0.080035162189629236 -4.9327132654582676e-05 0.069430972986361569 -0.078424950648011194 0.0060860314135124365 -0.0051407965304431065 -0.031285179145995851 -0.063521297736381141 0.083639014758241995 -0.0011690164587831911 0.0092945773559053573 0.10949964376726772 0.025515353304892782
leaf_weight=33154 833 56 83 59 63 63 64 51 61 51 86 110 61 62
leaf_count=33154 833 56 83 59 63 63 64 51 61 51 86 110 61 62
internal_value=5.55501e-06 0.00715339 0.00456128 0.00852378 -0.0341918 0.0412841 0.00587554 0.0212718 0.000646719 0.00534174 -0.0273402 0.0304182 0.0402826 0.0676432
internal_weight=34857 1703 1584 1438 146 119 1379 348 1031 884 147 297 233 123
internal_count=34857 1703 1584 1438 146 119 1379 348 1031 884 147 297 233 123
is_linear=0
shrinkage=0.05


Tree=88
num_leaves=15
num_cat=0
split_feature=57 44 44 44 17 14 43 37 37 53 56 48 8 44
split_gain=37.1428 53.0958 49.7796 95.7869 98.4125 119.548 78.3839 198.014 81.9957 75 68.7947 61.8297 71.7781 54.5243
threshold=4.7500000000000009 9.8166666666666682 12.211111111111112 17.366666666666671 0.29285714285714287 16.950000000000003 13.225000000000001 17.935000000000006 19.65333333333334 1.3166666666666669 0.47222222222222227 1.8333333333333337 0.15476190476190479 20.414285714285715
decision_type=2 10 10 10 10 10 10 10 10 10 10 10 10 10
left_child=2 -2 -1 4 5 9 7 -6 -8 -4 -10 13 -13 -5
right_child=1 -3 3 11 6 -7 8 -9 10 -11 -12 12 -14 -15
leaf_value=0.00013110445567749533 -0.0038359096900409256 -0.034566786921009271 0.068606324371795688 -0.056498758487289941 -0.0011929163047351128 -0.04905114564493563 0.064297401397786252 0.11659852883030225 0.029104785529791184 0.0054284386158249221 -0.040986657524108891 0.038820216414474307 -0.028311390119747527 0.0018606765825945632
leaf_weight=30917 2737 148 59 98 60 84 70 86 79 229 62 94 68 66
leaf_count=30917 2737 148 59 98 60 84 70 86 79 229 62 94 68 66
internal_value=5.42358e-06 -0.00542678 0.000496459 0.0111744 0.0212568 0.00317606 0.0399965 0.0681816 0.0202607 0.0185543 -0.00157481 -0.0112931 0.0104873 -0.0329264
internal_weight=34857 2885 31972 1055 729 372 357 146 211 288 141 326 162 164
internal_count=34857 2885 31972 1055 729 372 357 146 211 288 141 326 162 164
is_linear=0
shrinkage=0.05


Tree=89
num_leaves=15
num_cat=0
split_feature=23 32 4 5 13 11 12 30 53 61 47 2 5 44
split_gain=35.9151 36.1819 63.0275 60.2166 78.804 136.66 72.2054 65.1725 63.3826 61.5118 114.463 104.305 60.732 68.368
threshold=0.21750000000000003 1.6905000000000003 65.90000000000002 74.850000000000009 9.2250000000000014 1.0000000180025095e-35 4.5833333333333348 1.361666666666667 1.8944444444444446 64.500000000000014 4.6050000000000013 4.0500000000000007 66.950000000000017 9.2111111111111121
decision_type=10 10 10 10 10 10 10 10 10 2 10 8 10 10
left_child=1 3 -3 9 5 6 -5 -7 -8 10 12 -11 13 -1
right_child=-2 2 -4 4 -6 7 8 -9 -10 11 -12 -13 -14 -15
leaf_value=-0.00042949102047564228 0.041329794185502193 0.033970438565608045 -0.012501960678404124 -0.027676841868134929 0.0030592381427537903 0.034577012320203104 0.037754272921218843 0.10973995485367766 -0.010727085194212213 0.0032312275929768201 -0.044098822839680266 0.089579757955386363 -0.011289652580185676 0.022488541599138386
leaf_weight=26162 52 78 996 98 5123 63 201 56 100 116 152 50 1281 329
leaf_count=26162 52 78 996 98 5123 63 201 56 100 116 152 50 1281 329
internal_value=5.2316e-06 -5.63834e-05 -0.00908937 0.000230617 0.00494517 0.0235279 0.00939486 0.0704682 0.0215735 -0.000715335 -0.000896859 0.0295809 -0.000658719 -0.000143502
internal_weight=34857 34805 1074 33731 5641 518 399 119 301 28090 27924 166 27772 26491
internal_count=34857 34805 1074 33731 5641 518 399 119 301 28090 27924 166 27772 26491
is_linear=0
shrinkage=0.05


Tree=90
num_leaves=15
num_cat=0
split_feature=27 27 32 2 8 44 44 47 59 59 12 3 59 59
split_gain=34.5083 81.0749 75.9418 131.38 73.6932 104.469 111.017 117.244 97.283 105.953 72.6602 92.785 68.452 59.6847
threshold=0.080318333333333367 0.079855000000000023 0.53645833333333337 3.8944444444444448 0.18333333333333338 12.211111111111112 16.112500000000004 4.6633333333333349 1177.5000000000002 1108.7500000000002 20.833333333333339 66.500000000000014 1148.7500000000002 1025.0000000000002
decision_type=10 10 10 10 10 10 10 10 2 2 10 10 2 2
left_child=1 4 3 10 5 -1 7 8 9 -7 11 -2 -13 -4
right_child=2 -3 13 -5 -6 6 -8 -9 -10 -11 -12 12 -14 -15
leaf_value=-0.00047021909669067415 0.0053144917551577507 -0.043289678083623162 0.032521448739559582 0.080696266374708919 -0.019649274752283719 0.0063921643588593403 -0.0044984464019314566 0.090961141897398123 -0.030476830543319539 0.086578075782764677 -0.042932130066558313 0.090040805095568638 0.011834836935642924 -0.00017265676196925788
leaf_weight=30021 361 110 146 79 488 94 234 85 63 74 54 66 50 2932
leaf_count=30021 361 110 146 79 488 94 234 85 63 74 54 66 50 2932
internal_value=5.23464e-06 -0.000535226 0.00457915 0.0206914 -0.000382305 -7.36157e-05 0.0215098 0.0408247 0.0221117 0.0420126 0.0116496 0.0179195 0.0567414 0.00137505
internal_weight=34857 31169 3688 610 31059 30571 550 316 231 168 531 477 116 3078
internal_count=34857 31169 3688 610 31059 30571 550 316 231 168 531 477 116 3078
is_linear=0
shrinkage=0.05


Tree=91
num_leaves=15
num_cat=0
split_feature=57 46 13 12 26 26 12 16 17 48 22 52 12 0
split_gain=34.5191 55.9852 92.6224 129.735 71.4729 81.9123 63.8319 90.1404 101.374 89.1914 70.8959 67.0966 62.7035 61.7602
threshold=3.7500000000000004 6.8450000000000015 22.633333333333336 27.583333333333339 0.15837500000000002 0.13864600000000002 25.416666666666668 0.63333333333333341 0.5634920634920636 1.8333333333333337 0.031870000000000016 0.90000000000000013 28.166666666666668 6.166666666666667
decision_type=2 10 10 10 10 10 10 10 10 10 10 10 10 10
left_child=1 4 -3 -4 5 6 7 8 13 10 -8 -11 -13 -1
right_child=-2 2 3 -5 -6 -7 9 -9 -10 11 -12 12 -14 -15
leaf_value=0.00080907620917423137 -0.0027100331431283626 0.063175136685439656 -0.059759225511709146 0.036013862170357867 -0.032884511605259924 0.046179856476958978 -0.071892976739677775 0.040285131237645641 -0.052601950274685685 0.031430630092256766 -0.0029720392297295966 0.010135176580473288 -0.055023983829504963 0.033264465127771689
leaf_weight=24806 8759 95 56 94 157 99 105 145 88 101 59 75 71 147
leaf_count=24806 8759 95 56 94 157 99 105 145 88 101 59 75 71 147
internal_value=5.16145e-06 0.000917426 0.0246849 1.27158e-05 0.00069075 0.000897501 0.000720489 0.00104056 0.000811516 -0.0188101 -0.0473346 8.56563e-05 -0.0214608 0.00100194
internal_weight=34857 26098 245 150 25853 25696 25597 25186 25041 411 164 247 146 24953
internal_count=34857 26098 245 150 25853 25696 25597 25186 25041 411 164 247 146 24953
is_linear=0
shrinkage=0.05


Tree=92
num_leaves=15
num_cat=0
split_feature=37 1 13 3 4 45 40 59 57 37 58 45 25 17
split_gain=34.0295 42.5622 59.5691 77.1255 68.8155 87.3817 80.4345 100.597 70.1679 74.8579 68.0508 67.3044 54.5426 46.7836
threshold=38.100000000000001 7.6333333333333337 26.633333333333336 94.500000000000014 105.7 8.8833333333333346 3.9200000000000013 1132.5000000000002 3.2500000000000004 23.490000000000006 1072.5000000000002 8.0166666666666693 0.0059999999999999923 0.29285714285714287
decision_type=10 10 10 10 10 10 10 2 2 10 2 10 10 10
left_child=1 2 4 -4 5 11 12 10 9 -9 -8 -1 -6 -12
right_child=-2 -3 3 -5 6 -7 7 8 -10 -11 13 -13 -14 -15
leaf_value=-0.00014102719690923927 -0.030785663286484157 0.034715239829936267 -0.001130416875250602 -0.068569700070496273 -0.035598874798151839 0.063127762256959166 0.047262532206682056 0.12561314023676373 0.022599324086945302 0.039894885451437156 0.010696392019433301 -0.054283891438466049 0.027712292614437285 -0.051646455779539802
leaf_weight=33872 89 88 104 72 95 54 58 52 92 53 63 57 52 56
leaf_count=33872 89 88 104 72 95 54 58 52 92 53 63 57 52 56
internal_value=4.89153e-06 8.48706e-05 -2.78184e-06 -0.028977 0.000144704 -0.000131176 0.0181702 0.0304955 0.0550355 0.0829769 0.00296369 -0.000233521 -0.0130156 -0.0185256
internal_weight=34857 34768 34680 176 34504 33983 521 374 197 105 177 33929 147 119
internal_count=34857 34768 34680 176 34504 33983 521 374 197 105 177 33929 147 119
is_linear=0
shrinkage=0.05


Tree=93
num_leaves=15
num_cat=0
split_feature=3 37 46 5 12 26 44 44 10 62 14 36 59 62
split_gain=34.0356 41.0414 40.1009 108.669 75.253 59.3566 48.3715 88.2447 105.243 137.943 82.5739 68.1604 63.4957 73.0813
threshold=148.16666666666669 38.100000000000001 6.8450000000000015 88.816666666666677 27.583333333333339 0.16725000000000004 17.366666666666671 12.211111111111112 1.0000000180025095e-35 743546.50000000012 23.450000000000003 17.683333333333341 1148.7500000000002 51050.500000000007
decision_type=10 10 10 10 10 10 10 10 10 2 10 10 2 2
left_child=1 2 5 4 -4 6 7 10 12 -10 -1 -12 13 -9
right_child=-2 -3 3 -5 -6 -7 -8 8 9 -11 11 -13 -14 -15
leaf_value=7.9235191661623456e-07 0.039129460690257786 -0.03465621126761214 0.020477072118285172 -0.013844784401891477 0.097641134950376698 -0.02912355620371565 -0.022085423860509261 -0.032237476945882387 0.092922315640962705 0.0058536934733226156 0.012669408972402221 -0.056084988827401018 -0.013685870575531903 0.034070074173501601
leaf_weight=33184 55 85 83 125 52 175 245 50 93 90 51 117 224 228
leaf_count=33184 55 85 83 125 52 175 245 50 93 90 51 117 224 228
internal_value=4.73979e-06 -5.69346e-05 2.75549e-05 0.0195719 0.0506347 -0.000119476 2.82753e-05 0.000188507 0.0179468 0.0503705 -0.000175735 -0.0350891 0.00603889 0.022018
internal_weight=34857 34802 34717 260 135 34457 34282 34037 685 183 33352 168 502 278
internal_count=34857 34802 34717 260 135 34457 34282 34037 685 183 33352 168 502 278
is_linear=0
shrinkage=0.05


Tree=94
num_leaves=15
num_cat=0
split_feature=61 37 17 29 59 24 55 62 32 43 55 24 32 37
split_gain=32.463 57.0209 54.8611 48.898 48.5683 99.6762 78.8927 88.201 46.4549 42.3989 90.5562 40.4844 77.2754 37.6626
threshold=40.500000000000007 10.420000000000003 0.11805555555555557 0.04698900000000001 1025.0000000000002 0.12694333333333338 0.55000000000000016 603064.00000000012 1.5405000000000002 3.3666666666666671 1.0000000180025095e-35 0.031996666666666673 1.1195000000000004 38.100000000000001
decision_type=2 8 10 10 2 8 10 2 10 10 10 10 10 10
left_child=1 2 -1 9 5 6 7 8 11 -3 -11 12 -2 -6
right_child=4 3 -4 -5 13 -7 -8 -9 -10 10 -12 -13 -14 -15
leaf_value=-0.0014254428410040961 0.0098518504228697554 -0.013014393607862718 0.041645281644375531 -0.032686307485810744 0.0007202927405202741 0.077377799502779954 -0.039972420757180022 0.066815575682525094 -0.03730176927078338 0.0477131477293165 -0.027228539168887528 -0.023323185343576747 0.074644771530514673 -0.032327470929507232
leaf_weight=9246 389 657 74 249 23619 56 75 70 52 93 70 69 52 86
leaf_count=9246 389 657 74 249 23619 56 75 70 52 93 70 69 52 86
internal_value=4.57526e-06 -0.00233634 -0.00107857 -0.0132731 0.000999567 0.0134136 0.00826067 0.0140511 0.00738105 -0.00733138 0.0153918 0.012018 0.0176243 0.000598664
internal_weight=34857 10389 9320 1069 24468 763 707 632 562 820 163 510 441 23705
internal_count=34857 10389 9320 1069 24468 763 707 632 562 820 163 510 441 23705
is_linear=0
shrinkage=0.05


Tree=95
num_leaves=15
num_cat=0
split_feature=60 38 26 38 38 31 42 5 5 8 2 46 5 59
split_gain=32.2283 56.4998 90.7885 46.3763 118.364 95.6364 88.569 115.789 180.625 64.453 39.8553 63.3275 86.6428 107.179
threshold=1.5000000000000002 24.170000000000005 0.080043500000000004 16.436666666666671 18.094444444444449 0.95020000000000004 7.5833333333333348 36.550000000000004 52.414285714285718 1.0000000180025095e-35 1.3875000000000002 0.079999999999999918 22.950000000000003 1132.5000000000002
decision_type=2 8 10 10 10 10 10 10 10 10 10 10 10 2
left_child=-1 2 3 5 -5 6 7 10 -9 -6 11 -2 13 -13
right_child=1 -3 -4 4 9 -7 -8 8 -10 -11 -12 12 -14 -15
leaf_value=-0.00033954523926445814 -0.0020399370050983453 -0.037378934325931742 0.073336007367996947 0.086020927190780638 -0.032471037673180984 -0.046495887344878029 -0.048198007980341483 0.095281342679963396 0.0055600362695884288 0.035885508258833541 -0.040968615772884964 0.1062337918224138 -0.020380559006408484 0.015439318680388484
leaf_weight=33154 743 69 52 62 66 90 69 93 142 71 50 54 59 83
leaf_count=33154 743 69 52 62 66 90 69 93 142 71 50 54 59 83
internal_value=4.35471e-06 0.00671221 0.00860023 0.00643409 0.0289865 0.00316165 0.00665406 0.00978504 0.0412998 0.00277447 0.00225434 0.00460307 0.0298538 0.0516649
internal_weight=34857 1703 1634 1582 199 1383 1293 1224 235 137 989 939 196 137
internal_count=34857 1703 1634 1582 199 1383 1293 1224 235 137 989 939 196 137
is_linear=0
shrinkage=0.05


Tree=96
num_leaves=15
num_cat=0
split_feature=62 37 12 60 38 37 59 21 42 13 36 14 13 47
split_gain=31.1708 48.7277 62.8679 44.5239 58.3024 77.8584 73.9881 84.4891 104.512 61.8709 189.605 92.0164 62.9245 58.0781
threshold=6210.5000000000009 9.3466666666666693 8.8333333333333339 1.5000000000000002 24.170000000000005 23.645000000000003 1072.5000000000002 0.05666666666666665 6.166666666666667 14.366666666666669 13.633333333333336 11.211111111111112 5.7750000000000012 3.0225000000000004
decision_type=2 8 10 2 10 10 2 10 10 10 10 10 10 10
left_child=1 2 -1 -2 5 6 -5 8 9 10 11 12 -8 -10
right_child=3 -3 -4 4 -6 -7 7 -9 13 -11 -12 -13 -14 -15
leaf_value=-0.0018597382535011555 0.00040965045071596418 -0.015477565047037742 0.050594388147330152 0.055231708904558967 -0.039967583831366116 0.070838338608315232 0.0059985751372120776 0.05528968095964526 -0.073673920560884107 -0.025137226735030917 0.09526730125351239 0.055795413372540695 -0.037458668214891425 -0.0015766124987956322
leaf_weight=8129 24737 674 57 82 55 54 510 80 65 121 64 80 99 50
leaf_count=8129 24737 674 57 82 55 54 510 80 65 121 64 80 99 50
internal_value=4.20118e-06 -0.0025562 -0.00148837 0.000877801 0.0100451 0.0123642 0.00956961 0.00601944 0.00198279 0.00790993 0.0132666 0.00554991 -0.00104982 -0.0426862
internal_weight=34857 8860 8186 25997 1260 1205 1151 1069 989 874 753 689 609 115
internal_count=34857 8860 8186 25997 1260 1205 1151 1069 989 874 753 689 609 115
is_linear=0
shrinkage=0.05


Tree=97
num_leaves=15
num_cat=0
split_feature=23 22 27 43 1 28 7 27 0 1 10 13 4 31
split_gain=31.9083 34.3623 46.6675 81.3197 123.66 85.9139 54.486 50.4328 53.9573 66.4865 73.7312 70.219 61.3471 74.0832
threshold=0.21750000000000003 0.17637000000000003 0.2738600000000001 8.5500000000000025 3.9000000000000004 0.23200000000000004 0.22500000000000003 0.24500000000000002 8.4166666666666696 6.366666666666668 1.0000000180025095e-35 26.633333333333336 107.50000000000001 1.1583300000000003
decision_type=10 10 10 10 10 10 10 10 10 10 10 10 10 10
left_child=1 2 6 5 -5 -4 7 8 9 11 -11 12 -1 -14
right_child=-2 -3 3 4 -6 -7 -8 -9 -10 10 -12 -13 13 -15
leaf_value=-2.0702908395055357e-05 0.038955484940892182 -0.018732783684396549 0.040297123728785668 0.0026815777375576969 0.087349536850979903 -0.033372200885029554 -0.022930083256161027 -0.031695674521377289 -0.041756670576295042 -0.0079797084098095668 0.057722094811891257 -0.053256218438226033 0.0020027004844262813 0.045132903004618918
leaf_weight=33106 52 244 62 93 81 107 259 124 76 71 104 61 251 166
leaf_count=33106 52 244 62 93 81 107 259 124 76 71 104 61 251 166
internal_value=4.13043e-06 -5.39049e-05 7.75134e-05 0.0184156 0.0423766 -0.00615895 -0.000105843 6.78326e-05 0.000185446 0.000281226 0.0309767 0.000120075 0.000218739 0.0192654
internal_weight=34857 34805 34561 343 174 169 34218 33959 33835 33759 175 33584 33523 417
internal_count=34857 34805 34561 343 174 169 34218 33959 33835 33759 175 33584 33523 417
is_linear=0
shrinkage=0.05


Tree=98
num_leaves=15
num_cat=0
split_feature=57 26 28 50 4 40 41 24 39 32 27 50 13 41
split_gain=31.5673 65.3709 80.6287 58.7068 58.2958 53.0912 75.1725 61.5207 100.98 114.32 77.459 68.7509 51.0095 109.455
threshold=2.7500000000000004 0.19707142857142859 0.27100000000000007 0.21111111111111114 103.10000000000001 30.600000000000005 25.746666666666673 0.10059166666666669 19.683333333333337 0.58050000000000013 0.14020500000000005 1.788888888888889 26.225000000000005 10.73666666666667
decision_type=2 10 10 8 10 10 10 10 10 10 10 10 10 10
left_child=1 2 3 -1 -2 6 7 -5 9 -9 -11 -12 13 -6
right_child=4 -3 -4 5 12 -7 -8 8 -10 10 11 -13 -14 -15
leaf_value=0.042052180474030906 -0.0017200005441324229 -0.042954578627746536 0.051542851054595301 0.00089028662957532352 0.0092283760782696771 0.037837577210598855 -0.054428006622416918 0.057740212493457357 0.061792784039628561 0.038546086788767642 -0.0073198955295573674 -0.078433182752021005 -0.024931575228338658 0.077794891277388228
leaf_weight=89 19064 81 81 14628 239 99 60 74 109 50 96 53 57 77
leaf_count=89 19064 81 81 14628 239 99 60 74 109 50 96 53 57 77
internal_value=3.89841e-06 0.00169392 0.00193272 0.00166603 -0.00133557 0.00142605 0.00118395 0.00140972 0.0212078 0.0048288 -0.0148169 -0.0329602 0.0182215 0.0261115
internal_weight=34857 15420 15339 15258 19437 15169 15070 15010 382 273 199 149 373 316
internal_count=34857 15420 15339 15258 19437 15169 15070 15010 382 273 199 149 373 316
is_linear=0
shrinkage=0.05


Tree=99
num_leaves=15
num_cat=0
split_feature=3 37 1 26 28 13 39 16 17 36 53 61 22 51
split_gain=29.6646 32.5682 35.0072 52.4232 62.5697 47.8038 96.0689 39.0604 85.0683 49.2406 58.0192 43.2637 116.313 94.3065
threshold=148.16666666666669 38.100000000000001 7.6333333333333337 0.25150000000000006 0.34500000000000003 26.633333333333336 18.516666666666669 0.63333333333333341 0.5634920634920636 18.833333333333339 0.68333333333333346 64.500000000000014 0.0039999999999999992 1.1666666666666667
decision_type=10 10 10 10 10 10 10 10 10 10 10 2 10 8
left_child=1 2 3 4 5 7 -7 8 11 10 -9 -1 13 -13
right_child=-2 -3 -4 -5 -6 6 -8 9 -10 -11 -12 12 -14 -15
leaf_value=-5.8916881642229088e-05 0.036530087525780137 -0.030875034190235087 0.031608240450067181 -0.040613233839284703 0.054578867490802499 -0.060398969493928506 0.020637313251899297 0.067874500408671254 -0.037449796115457033 -0.010591522562345105 0.0069097112796523349 0.013391800868814275 -0.018170909459934485 0.092116585526153122
leaf_weight=33685 55 85 87 79 52 91 60 76 151 84 82 88 114 68
leaf_count=33685 55 85 87 79 52 91 60 76 151 84 82 88 114 68
internal_value=3.89543e-06 -5.36351e-05 2.15505e-05 -5.75372e-05 3.50553e-05 -4.72233e-05 -0.0280723 7.56589e-05 -6.5785e-05 0.020072 0.0365139 0.000100277 0.020017 0.0480521
internal_weight=34857 34802 34717 34630 34551 34499 151 34348 34106 242 158 33955 270 156
internal_count=34857 34802 34717 34630 34551 34499 151 34348 34106 242 158 33955 270 156
is_linear=0
shrinkage=0.05


Tree=100
num_leaves=15
num_cat=0
split_feature=27 27 32 14 8 44 44 42 53 4 44 32 22 47
split_gain=28.142 73.4926 65.1697 93.5833 63.8133 83.3789 92.8228 108.18 107.915 90.9545 58.1321 57.8212 56.7825 63.8503
threshold=0.080318333333333367 0.079855000000000023 0.53645833333333337 15.612500000000002 0.18333333333333338 12.211111111111112 16.112500000000004 6.166666666666667 1.3166666666666669 85.100000000000009 13.850000000000003 0.72550000000000014 0.12402000000000001 3.4683333333333342
decision_type=10 10 10 10 10 10 10 10 10 10 10 10 10 10
left_child=1 4 3 -2 5 -1 7 -7 9 -9 -10 12 13 -4
right_child=2 -3 11 -5 -6 6 -8 8 10 -11 -12 -13 -14 -15
leaf_value=-0.00040566986541546476 0.011199460319547928 -0.041190313958305851 -0.012988461776937793 0.068305784053431295 -0.018267502750583687 -0.017092488432576606 -0.0045430580420153478 0.13068324789150149 -0.019464463938598162 0.044925941833367587 0.0506722815155983 0.0036760390338576375 0.029818041553007109 -0.066613282090952616
leaf_weight=30021 527 110 236 83 488 71 234 58 55 70 62 2716 53 73
leaf_count=30021 527 110 236 83 488 71 234 58 55 70 62 2716 53 73
internal_value=3.79064e-06 -0.000484207 0.00413437 0.0190602 -0.000338575 -5.12663e-05 0.0192308 0.0368938 0.0526435 0.0843366 0.0175467 0.00116563 -0.0175795 -0.025825
internal_weight=34857 31169 3688 610 31059 30571 550 316 245 128 117 3078 362 309
internal_count=34857 31169 3688 610 31059 30571 550 316 245 128 117 3078 362 309
is_linear=0
shrinkage=0.05


Tree=101
num_leaves=15
num_cat=0
split_feature=57 44 3 37 45 14 44 37 36 44 47 41 49 30
split_gain=29.0771 48.306 40.4014 52.1202 70.8702 57.2463 79.0208 86.2167 62.5854 54.7858 74.2313 103.241 95.9565 69.925
threshold=4.7500000000000009 9.8166666666666682 86.833333333333357 12.120000000000005 3.0416666666666674 7.3166666666666673 3.7888888888888892 10.045000000000002 12.883333333333335 20.050000000000004 4.4133928571428571 6.2550000000000017 3.1000000000000005 1.1479833333333336
decision_type=2 10 10 10 10 10 10 10 10 10 10 10 10 10
left_child=2 -2 -1 4 5 -4 8 -8 -7 10 11 -5 13 -12
right_child=1 -3 3 9 -6 6 7 -9 -10 -11 12 -13 -14 -15
leaf_value=-0.00042583800079649259 -0.003284909188560291 -0.032595862599516211 -0.018901862698752776 0.0061017899400872501 0.049773474398577391 0.018760526931215181 0.043353789321856927 -0.038116249696927874 0.07807543596371691 -0.031496884082786711 -0.0014310054850927192 -0.00986383627123898 0.072628839387961316 0.028169056152032652
leaf_weight=25851 2737 148 133 2998 136 126 50 90 70 115 448 1528 70 357
leaf_count=25851 2737 148 133 2998 136 126 50 90 70 115 448 1528 70 357
internal_value=3.64323e-06 -0.00480261 0.000438187 0.00409107 0.0180232 0.00871986 0.0197396 -0.00879113 0.0402164 0.00255695 0.00328951 0.000705698 0.0166179 0.0116743
internal_weight=34857 2885 31972 6121 605 469 336 140 196 5516 5401 4526 875 805
internal_count=34857 2885 31972 6121 605 469 336 140 196 5516 5401 4526 875 805
is_linear=0
shrinkage=0.05


Tree=102
num_leaves=15
num_cat=0
split_feature=57 30 51 3 56 3 44 62 7 2 39 46 4 46
split_gain=27.6748 56.8827 83.4544 81.8652 119.101 104.083 105.061 92.6384 82.3182 113.875 82.3196 77.0994 92.5729 82.4561
threshold=2.7500000000000004 1.8883333333333334 1.8333333333333337 87.833333333333357 0.41428571428571431 89.833333333333357 2.0500000000000003 496885.00000000006 1.0000000180025095e-35 3.5857142857142863 5.4333333333333371 4.9450000000000012 79.100000000000009 3.8600000000000008
decision_type=2 10 8 10 10 10 10 2 10 10 8 10 10 10
left_child=1 3 -3 11 5 -5 7 -7 9 -6 -11 13 -13 -1
right_child=-2 2 -4 4 8 6 -8 -9 -10 10 -12 12 -14 -15
leaf_value=0.00066863623361767914 -0.001250620644893969 -0.045824063533883262 -0.0020345494998880633 0.065878839868352509 -0.048546313787268466 0.025888655649699999 0.0069647472001658954 0.095141609092201818 -0.052747146935019668 0.047641082928569306 -0.0083528746703103139 -0.00026180826571603488 0.080764627593164232 -0.02860290176954022
leaf_weight=12009 19437 151 391 98 94 357 1513 56 99 113 154 75 65 245
leaf_count=12009 19437 151 391 98 94 357 1513 56 99 113 154 75 65 245
internal_value=3.50462e-06 0.00158595 -0.0143113 0.00216722 0.0104515 0.0156759 0.0130921 0.035443 -0.0124739 -0.00130258 0.0152962 0.000504521 0.0373332 8.02133e-05
internal_weight=34857 15420 542 14878 2484 2024 1926 413 460 361 267 12394 140 12254
internal_count=34857 15420 542 14878 2484 2024 1926 413 460 361 267 12394 140 12254
is_linear=0
shrinkage=0.05


Tree=103
num_leaves=15
num_cat=0
split_feature=26 37 32 41 13 28 58 16 4 40 0 59 37 41
split_gain=29.3318 74.5185 55.125 49.6951 91.3432 68.7035 124.702 64.9374 46.4752 75.3795 99.1535 113.313 71.5079 50.9519
threshold=0.16725000000000004 30.120000000000005 0.93788000000000016 34.675000000000004 27.100000000000005 0.27100000000000007 1108.7500000000002 0.29166666666666669 105.7 3.9200000000000013 5.8333333333333348 1132.5000000000002 22.540000000000006 25.746666666666673
decision_type=10 10 10 10 10 10 2 10 10 10 10 2 10 10
left_child=3 2 -2 4 5 8 -7 -5 13 -10 11 -11 -13 -1
right_child=1 -3 -4 7 -6 6 -8 -9 9 10 -12 12 -14 -15
leaf_value=-4.0740143616712021e-05 -0.066365573756451163 0.037146914462958064 -0.012115711365633533 -0.0053672617319786911 -0.036369264184472859 0.094327849532486102 6.6495466217472783e-05 0.073770736991649585 -0.01468204853025455 0.0083526389419290841 -0.032482422619056303 0.10818864459754857 0.038832965295862512 -0.02939442505539467
leaf_weight=33474 68 52 154 50 171 54 100 52 154 164 59 65 92 148
leaf_count=33474 68 52 154 50 171 54 100 52 154 164 59 65 92 148
internal_value=3.35476e-06 -0.0162758 -0.0289569 0.00013329 2.92252e-05 0.00021189 0.0334793 0.0348968 6.06768e-05 0.0146891 0.0266615 0.0376436 0.0679581 -0.00017113
internal_weight=34857 274 222 34583 34481 34310 154 102 34156 534 380 321 157 33622
internal_count=34857 274 222 34583 34481 34310 154 102 34156 534 380 321 157 33622
is_linear=0
shrinkage=0.05


Tree=104
num_leaves=15
num_cat=0
split_feature=32 16 21 36 47 28 58 41 50 29 32 29 43 32
split_gain=28.8843 89.2199 47.6754 84.747 78.7469 38.5373 100.731 67.355 68.5296 45.9017 86.6991 52.8992 93.3555 107.527
threshold=1.8695000000000004 1.0000000180025095e-35 0.068333333333333343 15.533333333333337 3.2300000000000004 0.25100000000000006 1083.7500000000002 21.525000000000002 2.0500000000000003 0.18633333333333335 1.323166666666667 0.15816666666666671 10.366666666666669 1.2463333333333335
decision_type=10 10 10 10 10 10 2 10 10 10 10 10 10 10
left_child=5 2 3 -2 -5 9 -7 -8 -9 11 -11 -1 13 -13
right_child=1 -3 -4 4 -6 6 7 8 -10 10 -12 12 -14 -15
leaf_value=2.4796902715601784e-05 -0.015064765390047094 -0.036706258812940866 -0.026573539383527713 0.0039050619006156927 0.073093320157542926 0.061451339818335872 -0.019668970532088638 -0.010658085606630566 0.068184067751479963 -0.036437892608634392 0.020365007489031771 0.031659472289001227 0.069034706509605151 -0.046062093753394463
leaf_weight=33286 145 215 102 87 79 92 160 51 58 218 96 123 76 69
leaf_count=33286 145 215 102 87 79 92 160 51 58 218 96 123 76 69
internal_value=3.23281e-06 -0.0106178 0.00293084 0.0127149 0.0371028 0.00019898 0.0164378 0.000864589 0.0311861 2.49119e-05 -0.0189871 0.000203853 0.0223083 0.00355132
internal_weight=34857 628 413 311 166 34229 361 269 109 33868 314 33554 268 192
internal_count=34857 628 413 311 166 34229 361 269 109 33868 314 33554 268 192
is_linear=0
shrinkage=0.05


Tree=105
num_leaves=15
num_cat=0
split_feature=26 36 32 26 38 49 62 32 29 27 39 39 57 45
split_gain=28.5431 67.1415 54.7264 44.7132 62.3854 87.8843 75.905 72.1596 71.3639 122.323 78.0582 120.12 86.882 107.39
threshold=0.16725000000000004 30.900000000000009 0.93788000000000016 0.050051000000000012 13.90714285714286 2.3666666666666671 17236.500000000004 1.0710555555555559 0.10211111111111114 0.026365000000000003 2.2666666666666688 8.8416666666666686 2.7500000000000004 4.9416666666666682
decision_type=10 10 10 10 10 10 2 10 10 10 10 10 2 10
left_child=3 2 -2 -1 -5 6 -6 -7 9 -8 -10 -12 13 -13
right_child=1 -3 -4 4 5 7 8 -9 10 -11 11 12 -14 -15
leaf_value=-0.00036471259854437455 -0.066272955895574012 0.031836141091973885 -0.011723701243731271 -0.0036506470074710094 -0.028686771516061429 0.014842942054472664 -0.026013655339678129 -0.0357297939242276 0.062899792113110128 0.055238166210365904 -0.022352282197900791 0.017447460913508506 0.0066511303707110616 0.092648933707557113
leaf_weight=32130 67 57 150 918 79 130 55 152 74 273 216 119 357 80
leaf_count=32130 67 57 150 918 79 130 55 152 74 273 216 119 357 80
internal_value=3.1691e-06 -0.0160556 -0.0287947 0.000131355 0.00663792 0.0128064 0.0184891 -0.0123426 0.0216957 0.0415187 0.0139607 0.00919964 0.0215112 0.047961
internal_weight=34857 274 217 34583 2453 1535 1253 282 1174 328 846 772 556 199
internal_count=34857 274 217 34583 2453 1535 1253 282 1174 328 846 772 556 199
is_linear=0
shrinkage=0.05


Tree=106
num_leaves=15
num_cat=0
split_feature=32 16 51 21 36 27 21 16 38 38 44 46 13 44
split_gain=26.3916 81.2342 44.9281 65.7669 92.608 93.5734 36.9043 66.5992 78.2961 108.817 75.3592 91.7709 70.6039 66.3871
threshold=1.8695000000000004 1.0000000180025095e-35 1.8333333333333337 0.068333333333333343 15.533333333333337 0.059999999999999998 0.05666666666666665 1.0000000180025095e-35 21.545000000000005 19.715555555555561 4.7071428571428582 5.1675000000000013 18.366666666666671 2.1055555555555561
decision_type=10 10 10 10 10 10 10 10 10 10 10 10 10 10
left_child=6 2 -2 4 -4 -6 -1 -8 9 10 13 -12 -11 -9
right_child=1 -3 3 -5 5 -7 7 8 -10 12 11 -13 -14 -15
leaf_value=-0.00024875594334682169 -0.029916560299092246 -0.035043261018246757 -0.0091025469965996895 -0.027770855675445745 0.019341827364780056 0.10589716314974398 -0.0047643844320687124 -0.010536620423749643 -0.0046889260235381345 0.09515343049928647 -0.0038068383294695887 0.065679381120772581 0.02106427854600073 0.045074836036495321
leaf_weight=31939 83 215 114 81 85 50 849 67 439 74 497 52 59 253
leaf_count=31939 83 215 114 81 85 50 849 67 439 74 497 52 59 253
internal_value=3.00115e-06 -0.0101494 0.00277614 0.0111073 0.0238849 0.0518563 0.000190143 0.00632117 0.0128692 0.0205853 0.0140822 0.00278301 0.0626761 0.0333549
internal_weight=34857 628 413 330 249 135 34229 2290 1441 1002 869 549 133 320
internal_count=34857 628 413 330 249 135 34229 2290 1441 1002 869 549 133 320
is_linear=0
shrinkage=0.05


Tree=107
num_leaves=15
num_cat=0
split_feature=3 4 59 57 45 30 30 44 24 3 50 32 14 42
split_gain=26.2819 30.8167 77.0251 28.0517 54.0021 79.0029 91.9159 71.0734 76.5208 95.2978 95.4233 80.6379 70.5812 68.6805
threshold=148.16666666666669 108.10000000000001 1108.7500000000002 2.7500000000000004 0.066666666666666444 1.0216666666666672 1.1633333333333338 19.366666666666671 0.10059166666666669 50.416666666666679 2.183333333333334 0.91569714285714299 13.050000000000002 24.166666666666668
decision_type=10 10 2 2 8 10 10 10 10 10 10 10 10 10
left_child=1 3 -3 4 -1 7 12 8 13 -10 11 -11 -7 -6
right_child=-2 2 -4 -5 5 6 -8 -9 9 10 -12 -13 -14 -15
leaf_value=-0.0014401771966260427 0.034383540936149995 -0.064313421052271932 0.0093706664377413464 -0.0012211453067467049 0.0064865951325405336 -0.0086731968577991956 0.0010568382637663202 -0.038699536912280362 -0.014363557948989976 0.041814272815936082 0.0086209776146071292 0.1316289920913111 -0.053527879881250406 0.062962666235932524
leaf_weight=7361 55 63 79 19349 5355 228 1853 81 66 53 66 50 144 54
leaf_count=7361 55 63 79 19349 5355 228 1853 81 66 53 66 50 144 54
internal_value=2.87002e-06 -5.1239e-05 -0.0232557 4.34411e-05 0.00164316 0.00450111 -0.00348585 0.00760962 0.00828202 0.03621 0.0560922 0.0860805 -0.026152 0.00706081
internal_weight=34857 34802 142 34660 15311 7950 2225 5725 5644 235 169 103 372 5409
internal_count=34857 34802 142 34660 15311 7950 2225 5725 5644 235 169 103 372 5409
is_linear=0
shrinkage=0.05


Tree=108
num_leaves=15
num_cat=0
split_feature=26 26 28 52 37 43 13 23 13 52 28 3 4 40
split_gain=26.4191 53.4618 52.4556 61.3017 35.6518 74.1034 33.4029 94.6555 66.8629 65.2046 36.5133 95.6278 35.19 79.8993
threshold=0.15837500000000002 0.14050000000000004 0.25100000000000006 1.5500000000000003 18.645000000000007 8.9000000000000021 26.633333333333336 0.042045000000000013 25.900000000000002 0.77500000000000013 0.27100000000000007 88.166666666666671 105.7 3.9200000000000013
decision_type=10 10 10 10 10 10 10 10 10 10 10 10 10 10
left_child=1 6 3 -2 -4 -6 8 9 10 -8 12 -12 -1 -14
right_child=2 -3 4 -5 5 -7 7 -9 -10 -11 11 -13 13 -15
leaf_value=-0.00024588550914337508 -0.065304253794298592 0.032453399340019506 0.03691558940587817 0.001194980721764204 -0.044213654383503165 0.033258002105160299 0.02643247437171975 -0.077162771748605183 0.051009998856069043 -0.030791000336708136 0.076469447195261456 -0.0084532171122135551 -0.017657461225884765 0.026323980452697106
leaf_weight=33467 81 127 55 59 72 53 99 53 64 99 55 81 146 346
leaf_count=33467 81 127 55 59 72 53 99 53 64 99 55 81 146 346
internal_value=2.80828e-06 0.000136126 -0.0142857 -0.0371971 0.00344946 -0.0111648 1.56536e-05 -0.0181387 0.000150047 -0.00205881 5.30975e-05 0.0258617 -4.99045e-05 0.0132171
internal_weight=34857 34537 320 140 180 125 34410 251 34159 198 34095 136 33959 492
internal_count=34857 34537 320 140 180 125 34410 251 34159 198 34095 136 33959 492
is_linear=0
shrinkage=0.05


Tree=109
num_leaves=15
num_cat=0
split_feature=23 22 3 37 61 22 51 61 25 59 10 62 53 43
split_gain=25.355 36.5387 35.5753 30.5407 28.9913 75.4523 76.8914 213.583 81.5444 77.3542 147.788 107.011 80.1837 95.1025
threshold=0.21750000000000003 0.17637000000000003 148.16666666666669 38.100000000000001 54.500000000000007 0.013999999999999999 1.4166666666666667 63.500000000000007 0.070040000000000033 1082.5000000000002 1.0000000180025095e-35 313905.50000000006 0.81666666666666676 5.4500000000000011
decision_type=10 10 10 10 2 10 8 2 10 2 8 2 10 8
left_child=1 2 3 4 -1 6 8 -8 9 10 11 -6 -11 -14
right_child=-2 -3 -4 -5 5 -7 7 -9 -10 12 -12 -13 13 -15
leaf_value=-0.00023137940681101579 0.034724553809279489 -0.019310310666576971 0.042022319145426895 -0.032849907388923863 -0.0014886761934143826 -0.0088292560556692649 0.014792689681053163 0.129229710113655 0.059613322626661372 0.0079699017202381327 -0.031077202656990169 0.087726447262913385 -0.0063865044163509063 -0.073991971546841895
leaf_weight=32799 52 244 50 70 51 534 200 51 67 343 71 95 150 80
leaf_count=32799 52 244 50 70 51 534 200 51 67 343 71 95 150 80
internal_value=2.69674e-06 -4.89589e-05 8.658e-05 2.44906e-05 9.25083e-05 0.0065755 0.014023 0.0383549 0.00684924 0.00230781 0.0277204 0.0564929 -0.00728834 -0.0301194
internal_weight=34857 34805 34561 34511 34441 1642 1108 251 857 790 217 146 573 230
internal_count=34857 34805 34561 34511 34441 1642 1108 251 857 790 217 146 573 230
is_linear=0
shrinkage=0.05


Tree=110
num_leaves=15
num_cat=0
split_feature=60 49 50 3 38 46 44 22 61 0 54 0 37 46
split_gain=25.1367 47.3833 95.5457 107.966 62.2518 113.023 55.3786 116.201 96.7096 74.4967 45.0593 62.1951 42.69 53.8554
threshold=1.5000000000000002 0.77500000000000013 0.68333333333333346 1.4166666666666667 23.72666666666667 4.8450000000000015 5.0500000000000007 0.033520000000000001 52.500000000000007 3.1666666666666674 0.58333333333333337 2.1666666666666674 10.653333333333334 1.2100000000000006
decision_type=2 10 10 10 10 10 8 10 2 10 10 10 10 10
left_child=-1 2 -2 -4 5 6 7 8 9 12 11 -8 13 -3
right_child=1 4 3 -5 -6 -7 10 -9 -10 -11 -12 -13 -14 -15
leaf_value=-0.00030099683425328927 -0.017843541608551356 0.0026131472324441921 0.012550672835537367 0.11281180352267653 -0.047435796356354004 0.07865586144351723 -0.01027777577754841 0.080252187775032041 0.05975556572918761 -0.056181124322511981 0.017011758748792176 -0.074782175220110839 0.032762507394725728 -0.045105922233137329
leaf_weight=33154 63 855 59 50 58 50 104 51 71 56 58 59 106 63
leaf_count=33154 63 855 59 50 58 50 104 51 71 56 58 59 106 63
internal_value=2.63501e-06 0.00592677 0.0307866 0.0590754 0.00310843 0.00513101 0.00250329 0.00674994 0.00343797 -0.000267196 -0.0204441 -0.0339362 0.00279212 -0.000657244
internal_weight=34857 1703 172 109 1531 1473 1423 1202 1151 1080 221 163 1024 918
internal_count=34857 1703 172 109 1531 1473 1423 1202 1151 1080 221 163 1024 918
is_linear=0
shrinkage=0.05


Tree=111
num_leaves=15
num_cat=0
split_feature=26 36 41 13 16 28 58 23 23 11 41 40 5 39
split_gain=24.5657 62.8668 42.932 77.4261 58.9261 54.6183 103.038 41.6992 42.3022 40.5069 38.0484 49.9668 71.9538 133.439
threshold=0.16725000000000004 30.900000000000009 34.675000000000004 27.100000000000005 0.29166666666666669 0.27100000000000007 1108.7500000000002 0.082250000000000018 0.043810000000000009 1.0000000180025095e-35 25.746666666666673 16.330000000000002 79.316666666666677 15.900000000000006
decision_type=10 10 10 10 10 10 2 10 10 10 10 10 10 10
left_child=2 7 3 5 -4 10 -7 8 -2 -5 11 -1 -13 -14
right_child=1 -3 4 9 -6 6 -8 -9 -10 -11 -12 12 13 -15
leaf_value=-0.00014975995642792841 -0.032616488099098208 0.03144225765829501 -0.0058980956231013387 -0.063764328967641906 0.069471281688837788 0.085166167652388242 -3.9451228297171903e-05 -0.067203255425585376 0.020566260109882099 -0.013529184874165002 -0.024459276736255676 -0.0018165380406598066 0.077731760469002598 0.011581635274826647
leaf_weight=33061 112 57 50 67 52 54 100 50 55 104 157 484 97 357
leaf_count=33061 112 57 50 67 52 54 100 50 55 104 157 484 97 357
internal_value=2.60688e-06 -0.0148953 0.000121579 2.4803e-05 0.0324331 0.000193035 0.029855 -0.0272262 -0.0149429 -0.0334863 5.81308e-05 0.00017244 0.0115495 0.02584
internal_weight=34857 274 34583 34481 102 34310 154 217 167 171 34156 33999 938 454
internal_count=34857 274 34583 34481 102 34310 154 217 167 171 34156 33999 938 454
is_linear=0
shrinkage=0.05


Tree=112
num_leaves=15
num_cat=0
split_feature=57 44 31 22 21 4 0 53 5 3 58 42 58 48
split_gain=24.1345 43.6969 35.3247 40.4059 57.8313 53.3515 35.1716 32.3912 30.2746 30.2494 60.4214 75.9785 73.9086 89.9198
threshold=4.7500000000000009 9.8166666666666682 1.7080000000000002 0.021910000000000002 0.046666666666666655 79.100000000000009 1.4166666666666667 1.2928571428571431 75.422222222222231 86.833333333333357 1147.5000000000002 18.166666666666668 1047.5000000000002 1.8333333333333337
decision_type=2 10 10 10 10 10 10 10 10 10 2 10 2 10
left_child=9 2 3 6 5 -5 8 -3 -2 -1 12 -12 13 -11
right_child=1 7 -4 4 -6 -7 -8 -9 -10 10 11 -13 -14 -15
leaf_value=-0.00034915645127368443 -0.0022751897602925927 -0.059891396896260933 -0.028229062227880186 0.011673485470669612 -0.0058562924420622773 0.072456363383240588 -0.017837096775997902 -0.011565156395737474 0.034546308336050616 0.0028125666330861584 0.013058592293791844 -0.022672791955441331 -0.0029385896453299788 0.044373379945973852
leaf_weight=25851 1865 58 131 87 155 63 379 90 57 411 1970 160 3389 191
leaf_count=25851 1865 58 131 87 155 63 379 90 57 411 1970 160 3389 191
internal_value=2.3951e-06 -0.00437629 -0.00293242 -0.00164603 0.0154231 0.0375243 -0.00392228 -0.0308101 -0.00116148 0.000398351 0.00355918 0.0103581 -6.40051e-05 0.0160662
internal_weight=34857 2885 2737 2606 305 150 2301 148 1922 31972 6121 2130 3991 602
internal_count=34857 2885 2737 2606 305 150 2301 148 1922 31972 6121 2130 3991 602
is_linear=0
shrinkage=0.05


Tree=113
num_leaves=15
num_cat=0
split_feature=32 4 51 53 48 5 54 58 55 58 58 2 59 53
split_gain=23.8001 63.1748 56.9422 58.8948 49.1817 38.7493 90.211 87.864 118.139 119.423 91.3164 86.6554 94.0433 81.4677
threshold=1.6905000000000003 65.90000000000002 1.8333333333333337 1.6833333333333336 1.8333333333333337 78.950000000000017 0.41666666666666669 1047.5000000000002 0.45000000000000007 1138.7500000000002 1081.2500000000002 1.267857142857143 1167.5000000000002 0.61250000000000016
decision_type=10 10 10 10 10 10 10 2 10 2 2 10 2 10
left_child=5 -2 4 -4 -3 -1 7 -7 10 -10 11 -9 -13 -8
right_child=1 2 3 -5 -6 6 13 8 9 -11 -12 12 -14 -15
leaf_value=-0.00047127047314156155 0.035528512725477704 -0.03799061416417062 0.043748662504917525 -0.0069188883130797867 0.0047993313208971608 0.032940085520723132 0.019821661204856761 0.038058640521501201 0.00024209837655763371 0.077477429123102556 0.0075772654202335898 -0.026910599585796335 0.033037592296882363 -0.014107311386435284
leaf_weight=28747 79 260 63 588 89 323 216 73 92 111 2662 522 74 958
leaf_count=28747 79 260 63 588 89 323 216 73 92 111 2662 522 74 958
internal_value=2.15152e-06 -0.00730544 -0.0107304 -0.00194739 -0.0270158 0.000236429 0.00428482 0.00798173 0.00568918 0.0426837 0.00342107 -0.0130727 -0.019404 -0.00783778
internal_weight=34857 1079 1000 651 349 33778 5031 3857 3534 203 3331 669 596 1174
internal_count=34857 1079 1000 651 349 33778 5031 3857 3534 203 3331 669 596 1174
is_linear=0
shrinkage=0.05


Tree=114
num_leaves=15
num_cat=0
split_feature=62 37 12 49 56 44 59 28 16 0 8 44 44 22
split_gain=22.5566 45.2548 55.7597 36.2651 106.556 83.3597 38.1344 74.5425 41.6175 82.6855 41.5681 92.516 122.061 79.1699
threshold=6210.5000000000009 9.3466666666666693 8.8333333333333339 0.22500000000000003 0.29285714285714287 2.5857142857142863 1025.0000000000002 0.18026800000000004 0.36666666666666675 2.8333333333333335 1.0000000180025095e-35 14.414285714285716 16.275000000000002 0.033290000000000007
decision_type=2 8 10 10 10 10 2 8 10 10 10 10 10 10
left_child=1 2 -1 4 5 -2 7 8 9 -5 11 13 -13 -8
right_child=3 -3 -4 6 -6 -7 10 -9 -10 -11 -12 12 -14 -15
leaf_value=-0.0014964587401292357 0.014399168658148213 -0.014627338678619548 0.047904832505661514 0.0055311391889036584 0.061834182649377789 -0.039471296714978982 -0.00041218987981378881 0.060506900726891258 -0.027122711331555339 0.071400218160407064 -0.0049082064339126159 0.090464041165950651 0.0087212212721313864 0.0098602409261165508
leaf_weight=8129 346 674 57 660 94 90 18773 69 82 51 3530 65 154 2083
leaf_count=8129 346 674 57 660 94 90 18773 69 82 51 3530 65 154 2083
internal_value=2.33571e-06 -0.00217562 -0.00114651 0.000745591 0.0136861 0.00318937 0.000475037 0.0108093 0.00641815 0.0103379 0.000111762 0.000953875 0.0332475 0.000612786
internal_weight=34857 8860 8186 25997 530 436 25467 862 793 711 24605 21075 219 20856
internal_count=34857 8860 8186 25997 530 436 25467 862 793 711 24605 21075 219 20856
is_linear=0
shrinkage=0.05


Tree=115
num_leaves=15
num_cat=0
split_feature=60 50 11 41 43 27 14 36 42 12 43 58 1 12
split_gain=22.6177 45.1893 83.392 89.1806 52.9024 56.8014 49.3435 98.9819 105.33 61.7307 54.3059 45.6155 42.4547 28.5236
threshold=1.5000000000000002 2.8500000000000001 0.13392857142857145 14.905000000000003 10.550000000000002 0.05622333333333334 12.950000000000001 11.266666666666671 2.8333333333333335 7.8333333333333348 4.1000000000000005 1163.7500000000002 0.90000000000000013 3.1666666666666674
decision_type=2 10 10 8 10 10 10 10 10 10 10 2 10 10
left_child=-1 2 3 4 5 6 7 9 -9 12 -8 -7 13 -2
right_child=1 -3 -4 -5 -6 11 10 8 -10 -11 -12 -13 -14 -15
leaf_value=-0.00028548674628587294 0.0037336685858491074 0.038345824142019432 -0.045040539281810829 0.069697404611054989 -0.035178252686660715 0.010619009800672116 -0.054057353989989967 0.098997491908020679 0 -0.049256972075992195 0.011735638711497048 0.071115468325822259 0.041588473679510865 -0.034570794834673985
leaf_weight=33154 847 99 83 53 81 71 74 56 51 56 53 57 71 51
leaf_count=33154 847 99 83 53 81 71 74 56 51 56 53 57 71 51
internal_value=2.49333e-06 0.005622 0.00357536 0.00625866 0.00392833 0.006242 0.0029872 0.00632388 0.0519753 0.00151092 -0.026466 0.0379253 0.00449455 0.0015124
internal_weight=34857 1703 1604 1521 1468 1387 1259 1132 107 1025 127 128 969 898
internal_count=34857 1703 1604 1521 1468 1387 1259 1132 107 1025 127 128 969 898
is_linear=0
shrinkage=0.05


Tree=116
num_leaves=15
num_cat=0
split_feature=26 36 32 41 13 28 58 0 23 4 31 61 0 40
split_gain=22.8453 56.8867 49.4005 38.0524 69.2883 48.8101 91.685 39.4056 37.6814 36.7347 62.419 103.29 56.305 72.473
threshold=0.16725000000000004 30.900000000000009 0.86550000000000005 34.675000000000004 27.100000000000005 0.27100000000000007 1108.7500000000002 5.166666666666667 0.029405000000000004 105.7 1.1583300000000003 50.500000000000007 5.5833333333333348 3.9200000000000013
decision_type=10 10 10 10 10 10 2 10 10 10 10 2 10 10
left_child=3 2 -2 4 5 9 -7 -5 -6 -1 12 -12 13 -11
right_child=1 -3 -4 7 8 6 -8 -9 -10 10 11 -13 -14 -15
leaf_value=-0.00014830168706342001 -0.064579190369233611 0.029703787072845128 -0.011072492266576443 0 -0.015540356056976923 0.080400578499933997 0 0.061995990404693203 -0.066649011055999838 -0.030069446888836948 0.013184436574385042 0.090832740845887563 -0.047856543961604804 0.027067129152657007
leaf_weight=33622 60 57 157 52 118 54 100 50 53 82 173 57 54 168
leaf_count=33622 60 57 157 52 118 54 100 50 53 82 173 57 54 168
internal_value=2.48731e-06 -0.0143643 -0.0260964 0.000117244 2.60905e-05 0.000185275 0.0282258 0.0305371 -0.031675 5.77052e-05 0.0130632 0.0326915 -0.00173432 0.00820392
internal_weight=34857 274 217 34583 34481 34310 154 102 171 34156 534 230 304 250
internal_count=34857 274 217 34583 34481 34310 154 102 171 34156 534 230 304 250
is_linear=0
shrinkage=0.05


Tree=117
num_leaves=15
num_cat=0
split_feature=57 42 42 16 62 48 52 13 37 59 42 31 59 46
split_gain=22.1842 43.1716 40.344 103.907 120.148 83.8179 36.959 60.0509 101.649 94.4569 56.879 108.791 157.184 55.3625
threshold=3.7500000000000004 20.166666666666668 24.166666666666668 0.22500000000000003 212523.50000000003 2.1666666666666674 0.70833333333333337 13.900000000000002 18.645000000000007 1157.5000000000002 1.8333333333333337 0.47236000000000006 1287.5000000000002 2.7450000000000006
decision_type=2 10 10 10 2 10 10 8 10 2 8 8 2 10
left_child=2 6 -1 4 -4 -5 10 8 -8 -9 -2 12 -12 -13
right_child=1 -3 3 5 -6 -7 7 9 -10 -11 11 13 -14 -15
leaf_value=0.00055173072168398704 -0.0018738746270005699 -0.030840948175164265 0.0045232724854993881 -0.048305895901465605 0.11390357256525814 0.035829720365891764 -0.0021940591218019448 0.04014657537845321 0.028266709073922921 -0.016024489870361643 0.10256342676245363 0.020667385230327791 -0.009527704769763912 -0.035889887602792846
leaf_weight=25879 525 129 51 64 50 54 6194 79 286 1228 81 120 50 67
leaf_count=25879 525 129 51 64 50 54 6194 79 286 1228 81 120 50 67
internal_value=2.30832e-06 -0.00217422 0.000733781 0.0220823 0.0592126 -0.00960346 -0.00174106 -0.00282018 -0.000843714 -0.0125961 0.00819313 0.0248685 0.0597169 0.000228547
internal_weight=34857 8759 26098 219 101 118 8630 7787 6480 1307 843 318 131 187
internal_count=34857 8759 26098 219 101 118 8630 7787 6480 1307 843 318 131 187
is_linear=0
shrinkage=0.05


Tree=118
num_leaves=15
num_cat=0
split_feature=32 16 32 38 42 12 36 21 16 12 44 45 58 4
split_gain=22.5616 70.059 42.8089 71.3966 48.4906 32.8312 30.6391 29.7101 60.6166 68.3481 57.9857 74.1983 73.8588 70.0864
threshold=1.8695000000000004 1.0000000180025095e-35 2.0090000000000008 20.410000000000004 2.1666666666666674 9.1666666666666696 15.133333333333338 0.05666666666666665 1.0000000180025095e-35 23.833333333333339 5.6833333333333345 2.3833333333333346 1141.2500000000002 80.63333333333334
decision_type=10 10 10 10 10 8 10 10 10 10 10 10 2 10
left_child=7 2 -2 4 -4 -6 -3 -1 -9 10 11 -10 13 -13
right_child=1 6 3 -5 5 -7 -8 8 9 -11 -12 12 -14 -15
leaf_value=-0.00021830151696243007 -0.017728862211354994 -0.0027236546851753252 0.033310101731963783 0.051656404527504064 0.0056856360828992231 -0.048543660837311708 -0.044633099182707366 -0.0048989031146751336 0.00038042794116755402 -0.011428887775843168 0.0085141106222171112 -0.0039409379223509441 0.0796762482377876 0.055312076510424829
leaf_weight=31939 158 63 57 88 51 59 152 849 134 256 750 94 103 104
leaf_count=31939 158 63 57 88 51 59 152 849 134 256 750 94 103 104
internal_value=2.33764e-06 -0.00938447 0.00261514 0.0153283 -0.00376243 -0.0232628 -0.0325035 0.000175422 0.00567652 0.0119242 0.016993 0.0315278 0.0452875 0.0271168
internal_weight=34857 628 413 255 167 110 215 34229 2290 1441 1185 435 301 198
internal_count=34857 628 413 255 167 110 215 34229 2290 1441 1185 435 301 198
is_linear=0
shrinkage=0.05


Tree=119
num_leaves=15
num_cat=0
split_feature=43 44 44 57 17 14 62 48 61 47 62 0 49 44
split_gain=22.3214 43.1117 47.341 59.9607 80.3712 107.679 77.4026 71.1339 69.1045 77.6236 63.0487 85.5093 65.5305 44.0444
threshold=31.800000000000004 17.366666666666671 12.211111111111112 4.2500000000000009 0.29285714285714287 16.950000000000003 1588009.0000000002 2.5833333333333335 46.500000000000007 4.0050000000000017 51050.500000000007 1.4166666666666667 1.7333333333333336 11.612500000000002
decision_type=10 10 10 2 10 10 2 10 2 10 2 10 10 10
left_child=1 2 13 4 5 10 8 -8 -6 -10 -4 -12 -13 -1
right_child=-2 -3 3 -5 6 -7 7 -9 9 -11 11 12 -14 -15
leaf_value=-3.0488499051086399e-05 0.033220672643383839 -0.018808094907534361 -0.025322029994464909 -0.035902016487817809 0.0091844948176051083 -0.0497006343754791 -0.037486305529993727 0.041345265925487623 0.025385166280461054 0.095682053507168588 0.072443269958783849 0.03499817813466663 -0.033313692759389314 -0.024934251343502717
leaf_weight=33540 50 303 73 59 76 84 61 53 68 98 72 81 61 178
leaf_count=33540 50 303 73 59 76 84 61 53 68 98 72 81 61 178
internal_value=2.22108e-06 -4.52553e-05 0.000119058 0.0122459 0.0162097 -1.39336e-05 0.0331634 -0.000597695 0.0491389 0.0671986 0.0145027 0.0282317 0.00546357 -0.000163067
internal_weight=34857 34807 34504 786 727 371 356 114 242 166 287 214 142 33718
internal_count=34857 34807 34504 786 727 371 356 114 242 166 287 214 142 33718
is_linear=0
shrinkage=0.05


Tree=120
num_leaves=15
num_cat=0
split_feature=50 1 61 22 58 59 50 48 2 42 32 27 30 50
split_gain=22.2959 55.2638 27.6674 79.4439 61.5713 87.6036 64.7539 97.6386 52.1219 106.248 76.556 64.4749 64.1635 58.6682
threshold=3.5500000000000003 1.1000000000000003 54.500000000000007 0.080100000000000032 1037.5000000000002 1047.5000000000002 2.9500000000000006 3.5000000000000004 3.0500000000000003 9.5833333333333339 0.58050000000000013 0.15077833333333338 0.68098333333333361 1.6833333333333336
decision_type=10 8 2 10 2 2 10 10 10 10 8 8 10 10
left_child=2 -2 -1 4 -4 -6 8 -8 9 10 -7 12 -12 -10
right_child=1 -3 3 -5 5 6 7 -9 13 -11 11 -13 -14 -15
leaf_value=-0.00023471333399973949 0.0074643471284417924 -0.057402523992502175 -0.03429264500230348 -0.02461584216486206 0.062954202568604165 -0.0058106161208319696 0.066064220670287471 -0.016146640827722641 -0.049766440840115896 0.074653048311118728 0.016652279727693117 -0.001178308355231439 0.093559139090425833 0.0002214223458455299
leaf_weight=33064 75 57 73 183 81 349 109 53 66 67 52 77 59 492
leaf_count=33064 75 57 73 183 81 349 109 53 66 67 52 77 59 492
internal_value=2.10053e-06 -0.0204686 8.09292e-05 0.00637736 0.0102388 0.0125816 0.00945846 0.0390473 0.00529681 0.0154805 0.00798862 0.0336854 0.0579912 -0.00568562
internal_weight=34857 132 34725 1661 1478 1405 1324 162 1162 604 537 188 111 558
internal_count=34857 132 34725 1661 1478 1405 1324 162 1162 604 537 188 111 558
is_linear=0
shrinkage=0.05


Tree=121
num_leaves=15
num_cat=0
split_feature=8 46 58 9 43 12 45 1 49 26 28 47 26 45
split_gain=21.5537 24.1971 94.1041 99.3682 41.6681 40.4464 55.2642 51.8639 51.6346 43.4098 41.7097 37.8987 35.4983 112.604
threshold=0.36666666666666675 6.8450000000000015 1097.5000000000002 1.0000000180025095e-35 13.450000000000001 27.583333333333339 5.116666666666668 6.5500000000000007 2.2250000000000005 0.16725000000000004 0.23600000000000004 3.6292857142857149 0.13713800000000004 5.0500000000000016
decision_type=10 10 2 10 10 10 10 10 10 10 10 10 10 10
left_child=1 5 -3 -4 -5 7 -7 9 -9 12 -11 -8 -1 -14
right_child=-2 2 3 4 -6 6 11 8 -10 10 -12 -13 13 -15
leaf_value=-1.956757986114816e-05 -0.031708996837836838 0.05486726694465302 0.03460781442496063 -0.003452219354381802 -0.064425456973393108 -0.043309644580471755 -0.034332612295330099 0.0019988214176819168 0.068905180713178915 -0.054456689109752238 -0.0022995412750857233 0.014978171515823955 -0.0021066652469252001 0.085594826684065983
leaf_weight=33744 53 96 88 54 60 127 56 63 54 71 85 125 131 50
leaf_count=33744 53 96 88 54 60 127 56 63 54 71 85 125 131 50
internal_value=2.01854e-06 5.14816e-05 0.0142265 -0.00505232 -0.0359029 -7.04158e-05 -0.018094 9.14428e-05 0.0332533 -2.21542e-05 -0.0262956 -0.000193014 9.83099e-05 0.0221516
internal_weight=34857 34804 298 202 114 34506 308 34198 117 34081 156 181 33925 181
internal_count=34857 34804 298 202 114 34506 308 34198 117 34081 156 181 33925 181
is_linear=0
shrinkage=0.05


Tree=122
num_leaves=15
num_cat=0
split_feature=23 22 27 23 32 38 27 39 0 8 1 13 40 27
split_gain=21.0128 35.7607 31.4457 71.7357 81.7232 71.1901 44.169 41.1401 27.9083 38.5325 49.411 50.5357 47.4375 39.4465
threshold=0.21750000000000003 0.17637000000000003 0.2738600000000001 0.031698333333333342 1.0710555555555559 14.190000000000003 0.24500000000000002 30.183333333333337 8.4166666666666696 0.29285714285714287 6.366666666666668 26.633333333333336 18.670000000000005 0.10666666666666674
decision_type=10 10 10 10 10 10 10 10 10 10 10 10 10 10
left_child=1 2 6 -4 5 -5 8 -6 9 10 11 13 -12 -1
right_child=-2 -3 3 4 7 -7 -8 -9 -10 -11 12 -13 -14 -15
leaf_value=-0.00025988983061848184 0.031611032436291375 -0.019100366078759021 -0.023533210908667855 0.018437183268855666 -0.016284993128800714 0.099665916260817777 -0.028765603655091163 0.038750744040045783 -0.025503973445107398 -0.030936747784702925 0.006867052560332214 -0.044842561049386859 0.058031317565907195 0.0071522674021010056
leaf_weight=31715 52 244 88 53 92 57 133 53 106 99 131 62 70 1902
leaf_count=31715 52 244 88 53 92 57 133 53 106 99 131 62 70 1902
internal_value=1.79196e-06 -4.51686e-05 8.89118e-05 0.015142 0.0286066 0.0610152 -6.14688e-05 0.00372373 5.02219e-05 0.00013105 0.000223026 7.45852e-05 0.0249093 0.000158836
internal_weight=34857 34805 34561 343 255 110 34218 145 34085 33979 33880 33679 201 33617
internal_count=34857 34805 34561 343 255 110 34218 145 34085 33979 33880 33679 201 33617
is_linear=0
shrinkage=0.05


Tree=123
num_leaves=15
num_cat=0
split_feature=32 4 51 53 48 51 21 45 2 47 5 62 40 14
split_gain=20.3129 56.3253 49.6187 51.725 45.7526 44.8737 33.223 43.8309 39.4352 43.692 32.0554 72.1184 93.7331 68.6594
threshold=1.6905000000000003 65.90000000000002 1.8333333333333337 1.6833333333333336 1.1666666666666667 1.1666666666666667 0.095616666666666669 4.8416666666666677 1.3166666666666669 2.9707142857142865 78.950000000000017 34346.500000000007 0.56000000000000028 12.950000000000001
decision_type=10 10 10 10 10 10 10 10 10 8 10 2 10 10
left_child=10 -2 4 -4 -3 -6 7 8 9 -5 -1 -12 -13 -14
right_child=1 2 3 6 5 -7 -8 -9 -10 -11 11 12 13 -15
leaf_value=-0.00042543380563642022 0.03369277318318685 -0.044407918853940034 0.041038220154312188 -0.003605623346605526 0.029067774288422239 -0.02424730272517759 -0.030107248032992147 0.043531661373009851 -0.018175663571065561 0.051931514865764888 -0.010328952475832461 0.038260424151965733 0.018762405391504235 0.0016746759962610021
leaf_weight=28747 79 164 63 116 56 129 118 50 254 50 755 219 714 3343
leaf_count=28747 79 164 63 116 56 129 118 50 254 50 755 219 714 3343
internal_value=1.68177e-06 -0.00674931 -0.00998446 -0.00178304 -0.0251868 -0.00793906 -0.00644449 -0.000424806 -0.00576271 0.013078 0.000218171 0.00390036 0.00641954 0.00469008
internal_weight=34857 1079 1000 651 349 185 588 470 420 166 33778 5031 4276 4057
internal_count=34857 1079 1000 651 349 185 588 470 420 166 33778 5031 4276 4057
is_linear=0
shrinkage=0.05


Tree=124
num_leaves=15
num_cat=0
split_feature=14 31 51 1 36 37 14 59 57 0 22 1 1 2
split_gain=20.4549 42.4862 71.117 55.9865 87.8274 56.8483 37.5845 74.4562 90.5931 53.5525 41.9354 41.8613 76.7361 106.409
threshold=23.450000000000003 1.4760300000000004 1.1666666666666667 5.6333333333333337 18.683333333333341 26.640000000000004 20.887500000000003 1227.5000000000002 3.7500000000000004 4.166666666666667 0.23700000000000004 3.9000000000000004 5.1000000000000005 4.5634920634920642
decision_type=10 10 10 10 10 10 10 2 2 10 10 10 10 10
left_child=6 2 3 -2 -5 -6 10 8 11 -9 -1 -8 13 -13
right_child=1 -3 -4 4 5 -7 7 9 -10 -11 -12 12 -14 -15
leaf_value=-0.00016455732860422821 -0.061581667626763252 -0.051833896862493983 0.03725153078936088 0.044308306197599165 -0.062347586134076122 -0.00067226166461462761 -0.013316096547343923 0.014801122432593072 0.084750081342414463 -0.053718839220471631 0.038437447900362048 0.0044462323657371711 -0.0019925798433436206 0.085318210226489097
leaf_weight=33787 55 55 78 63 62 95 106 50 50 64 70 79 158 85
leaf_count=33787 55 55 78 63 62 95 106 50 50 64 70 79 158 85
internal_value=1.68853e-06 -0.0111204 -0.00464182 -0.0166611 -0.00520339 -0.0253075 0.000134299 0.0126188 0.0213042 -0.0235145 -8.34421e-05 0.0137437 0.022736 0.0466455
internal_weight=34857 408 353 275 220 157 34449 592 478 114 33857 428 322 164
internal_count=34857 408 353 275 220 157 34449 592 478 114 33857 428 322 164
is_linear=0
shrinkage=0.05


Tree=125
num_leaves=15
num_cat=0
split_feature=57 26 40 59 11 45 53 53 23 42 43 7 1 13
split_gain=20.2818 52.3518 52.6268 85.2057 107.261 115.984 73.7342 77.8723 65.7728 61.3637 51.8171 49.128 54.3677 99.9856
threshold=2.7500000000000004 0.19707142857142859 16.330000000000002 1103.7500000000002 0.13392857142857145 5.9166666666666687 1.1833333333333336 1.5857142857142861 0.021429285714285717 9.8333333333333339 3.7750000000000004 1.0000000180025095e-35 0.63333333333333341 8.9000000000000021
decision_type=2 10 10 2 10 10 10 10 10 10 10 10 8 8
left_child=1 2 11 4 5 6 -4 -8 10 -6 -5 12 -1 -14
right_child=-2 -3 3 8 9 -7 7 -9 -10 -11 -12 -13 13 -15
leaf_value=-0.0006557122342614371 -0.0010719417843984521 -0.038599285542782101 -0.047592766736155361 0.066840803578938596 -0.0049556075036525727 0.078538284850893203 0.069009702869114425 -0.010541565935475892 0.087380626296575101 -0.069138119436376475 0.0059264598731347852 -0.010617276126312365 0.017152217916707659 0.0014079414350712677
leaf_weight=8879 19437 81 53 50 97 67 52 73 56 61 117 861 1408 3565
leaf_count=8879 19437 81 53 50 97 67 52 73 56 61 117 861 1408 3565
internal_value=1.57809e-06 0.00135637 0.00157024 0.0157653 0.0019657 0.0227223 0.00141172 0.0224957 0.0405317 -0.0300326 0.0244586 0.000964063 0.00168609 0.0058719
internal_weight=34857 15420 15339 626 403 245 178 125 223 158 167 14713 13852 4973
internal_count=34857 15420 15339 626 403 245 178 125 223 158 167 14713 13852 4973
is_linear=0
shrinkage=0.05


Tree=126
num_leaves=15
num_cat=0
split_feature=50 5 61 27 30 3 39 38 42 50 44 47 42 40
split_gain=20.1755 44.4682 23.4972 74.2913 66.8177 72.1433 63.1355 69.6222 76.5324 84.4837 69.8187 62.3032 57.5721 51.2511
threshold=3.5500000000000003 62.050000000000004 54.500000000000007 0.14666666666666675 1.3146000000000004 92.833333333333357 37.583333333333343 23.090000000000007 16.833333333333339 2.8500000000000001 1.9500000000000002 4.1950000000000012 12.583333333333334 8.0450000000000035
decision_type=10 8 2 10 10 10 10 10 10 10 10 10 10 10
left_child=2 -2 -1 4 5 6 7 8 9 13 -11 -5 -9 -4
right_child=1 -3 3 11 -6 -7 -8 12 -10 10 -12 -13 -14 -15
leaf_value=-0.00021427469836381442 0.0036792186592121304 -0.055259763818411606 0.01085354054561455 -0.047137807945222092 0.061213379957544528 -0.047641399530095795 0.064283137597909601 0.0025154666613331801 0.062795796392850212 0 0.074949504128811559 -0.00021392494712868873 -0.066617557097758559 -0.016702600486015764
leaf_weight=33064 80 52 612 105 63 54 53 69 71 51 81 218 52 232
leaf_count=33064 80 52 612 105 63 54 53 69 71 51 81 218 52 232
internal_value=1.53008e-06 -0.0194714 7.65517e-05 0.00587913 0.0110855 0.00856598 0.0110908 0.0086292 0.0127979 0.00910488 0.0462376 -0.0155944 -0.0271407 0.00324386
internal_weight=34857 132 34725 1661 1338 1275 1221 1168 1047 976 132 323 121 844
internal_count=34857 132 34725 1661 1338 1275 1221 1168 1047 976 132 323 121 844
is_linear=0
shrinkage=0.05


Tree=127
num_leaves=15
num_cat=0
split_feature=60 49 36 0 44 62 4 56 14 22 31 31 2 2
split_gain=19.9749 43.3815 63.5768 59.8386 89.7148 124.877 69.1737 67.6311 59.7656 53.9141 72.3671 70.0659 43.2721 54.4691
threshold=1.5000000000000002 0.77500000000000013 5.4333333333333345 5.5833333333333348 5.2111111111111121 778172.00000000012 48.100000000000009 0.38750000000000007 13.950000000000001 0.027380000000000005 0.89000000000000024 0.45633333333333342 2.183333333333334 1.3875000000000002
decision_type=2 10 10 10 8 2 10 10 10 10 10 10 10 10
left_child=-1 2 -2 4 5 9 -6 8 -8 10 11 12 13 -3
right_child=1 3 -4 -5 6 -7 7 -9 -10 -11 -12 -13 -14 -15
leaf_value=-0.00026911217975812398 0.0047476888949077737 0.0011036507572717584 0.067422385704248466 0.049723752024908398 0.023821274280001265 0.079526491825645029 -0.026527390530047653 -0.0070620269710953178 -0.099937806381773561 0.052706032239117677 -0.054246093186995262 0.056058518770111712 0.038219860147872424 -0.041463951606190569
leaf_weight=33154 106 834 66 64 54 55 55 92 59 51 57 59 69 82
leaf_count=33154 106 834 66 64 54 55 55 92 59 51 57 59 69 82
internal_value=1.47702e-06 0.00528252 0.0290679 0.0025854 0.000495649 0.00625334 -0.0260981 -0.0393308 -0.0650093 0.00270038 0.000338477 0.00336714 0.000158803 -0.00270025
internal_weight=34857 1703 172 1531 1467 1207 260 206 114 1152 1101 1044 985 916
internal_count=34857 1703 172 1531 1467 1207 260 206 114 1152 1101 1044 985 916
is_linear=0
shrinkage=0.05


Tree=128
num_leaves=15
num_cat=0
split_feature=3 4 59 4 43 59 43 37 53 46 59 46 11 46
split_gain=19.6975 24.9383 66.2674 21.4559 78.5289 75.3885 84.8215 39.3386 30.5964 29.5391 85.2419 49.509 34.0651 47.4198
threshold=148.16666666666669 108.10000000000001 1108.7500000000002 105.7 8.5500000000000025 1132.5000000000002 4.9000000000000012 22.380000000000006 1.3666666666666669 6.8450000000000015 1101.2500000000002 6.4450000000000012 0.18333333333333338 8.110000000000003
decision_type=10 10 2 10 10 2 10 10 10 10 2 10 10 10
left_child=1 3 -3 9 5 -5 -7 -6 -9 11 -11 -1 -12 -14
right_child=-2 2 -4 4 7 6 -8 8 -10 10 12 -13 13 -15
leaf_value=-0.00014189704893515924 0.029765690799366248 -0.059010341505366048 0.0093223708060880504 0.0005299106242204727 0.022905575285810942 0.016760391597267537 0.097844597589969648 -0.055932421240586422 -0.007616738087811767 0.054737053551863903 -0.031313858947736757 -0.039647465367924496 0.044786630847897288 -0.018724813736561274
leaf_weight=33858 55 63 79 120 54 69 62 55 84 94 69 79 58 58
leaf_count=33858 55 63 79 120 54 69 62 55 84 94 69 79 58 58
internal_value=1.57804e-06 -4.51689e-05 -0.0209195 3.99313e-05 0.010955 0.0293996 0.0555524 -0.0129174 -0.0270456 -0.000101134 0.0160857 -0.000235179 -0.00351319 0.0128722
internal_weight=34857 34802 142 34660 444 251 131 193 139 34216 279 33937 185 116
internal_count=34857 34802 142 34660 444 251 131 193 139 34216 279 33937 185 116
is_linear=0
shrinkage=0.05


Tree=129
num_leaves=15
num_cat=0
split_feature=32 32 53 58 3 38 50 50 30 58 32 22 27 2
split_gain=19.9192 75.9545 70.4821 55.606 57.4888 103.769 58.4585 112.904 71.961 54.8937 52.2851 87.3067 50.7067 53.1063
threshold=1.2651750000000004 1.3052777777777782 1.0500000000000003 1010.0000000000001 117.50000000000001 21.410000000000007 1.6833333333333336 1.4722222222222225 1.3513000000000004 1122.5000000000002 1.5063333333333337 0.073880000000000015 0.11000000000000004 2.2928571428571431
decision_type=10 10 10 2 10 10 10 10 10 2 10 10 10 10
left_child=-1 -2 -3 -4 6 -6 7 -5 9 -9 11 -8 13 -10
right_child=1 2 3 4 5 -7 10 8 12 -11 -12 -13 -14 -15
leaf_value=0.00038588394374791478 -0.028745267504105412 -0.049737221509420955 0.040053218487137096 -0.0042173757166040276 0.072760263286161087 -0.012262430612383218 -0.015128712888499705 -0.032600122239518831 0.050327589743189176 0.032079472204993582 -0.026461650030191481 0.042612981322053087 0.078302873396154105 -0.0080926015679761189
leaf_weight=31602 277 73 83 1555 70 72 251 71 98 60 422 88 72 63
leaf_count=31602 277 73 83 1555 70 72 251 71 98 60 422 88 72 63
internal_value=1.54525e-06 -0.00372171 -0.00138131 -0.000149212 -0.00134738 0.029583 -0.00300077 0.00163851 0.0266948 -0.00277643 -0.0147258 -2.53975e-05 0.043342 0.0273584
internal_weight=34857 3255 2978 2905 2822 142 2680 1919 364 131 761 339 233 161
internal_count=34857 3255 2978 2905 2822 142 2680 1919 364 131 761 339 233 161
is_linear=0
shrinkage=0.05


Tree=130
num_leaves=15
num_cat=0
split_feature=43 14 61 42 37 14 61 28 26 2 32 32 32 17
split_gain=20.2271 20.4713 43.4322 107.959 59.3752 31.8134 38.7308 33.2127 29.0508 41.0756 28.0188 25.6192 31.8086 60.3857
threshold=31.800000000000004 23.450000000000003 56.500000000000007 4.166666666666667 25.580000000000005 22.725000000000005 50.500000000000007 0.34500000000000003 0.16725000000000004 2.9500000000000006 0.97633333333333361 2.3656428571428578 1.8474350000000002 1.0000000180025095e-35
decision_type=10 10 2 10 10 10 2 10 10 10 10 10 10 10
left_child=1 5 10 -4 -5 7 -7 8 11 -10 -3 12 -1 -14
right_child=-2 2 3 4 -6 6 -8 -9 9 -11 -12 -13 13 -15
leaf_value=0.00015511116776757524 0.031623242819442017 -0.012645008059714753 0.066138230264186859 -0.050603358017919708 0.014831858425126446 0.053407556733222519 -0.0047672790572756817 0.03477937809198442 0.0070276384583798125 -0.043347746549082584 -0.051120017007473977 0.027858132916417991 0.0039679537979179528 -0.029467336691356118
leaf_weight=33448 50 129 53 68 69 61 52 68 71 91 77 82 279 259
leaf_count=33448 50 129 53 68 69 61 52 68 71 91 77 82 279 259
internal_value=1.49614e-06 -4.36636e-05 -0.0113404 0.00578939 -0.017531 8.57745e-05 0.0265135 -9.52059e-07 -7.12827e-05 -0.0211621 -0.0272365 2.85836e-05 -3.82356e-05 -0.0120942
internal_weight=34857 34807 396 190 137 34411 113 34298 34230 162 206 34068 33986 538
internal_count=34857 34807 396 190 137 34411 113 34298 34230 162 206 34068 33986 538
is_linear=0
shrinkage=0.05


Tree=131
num_leaves=15
num_cat=0
split_feature=61 37 21 1 29 21 4 57 48 62 4 30 17 49
split_gain=18.9828 51.8931 71.5676 67.4447 45.1093 44.6732 39.4311 33.7505 53.7429 111.615 72.9553 62.0269 65.5443 60.7251
threshold=40.500000000000007 10.420000000000003 0.022383333333333338 0.77500000000000013 0.04698900000000001 0.019999999999999987 77.300000000000026 2.7500000000000004 1.0000000180025095e-35 92310.500000000015 78.100000000000009 1.8883333333333334 0.11805555555555557 1.5500000000000003
decision_type=2 8 10 10 10 10 10 2 8 2 8 10 10 10
left_child=1 2 -1 -4 5 -3 -7 8 9 10 -2 -10 13 -13
right_child=7 4 3 -5 -6 6 -8 -9 11 -11 -12 12 -14 -15
leaf_value=-0.0010861346741555956 -0.0099800604235844963 -0.011085270947972804 0.0037027567852544424 0.080356720143130847 -0.03086563440577271 -0.0070607815599330118 0.052821414340455258 -0.00090846861991108704 0.003085833949847943 0.08978851763270447 0.057709977174297392 -0.019406102110774776 -0.035351362660772205 0.032028451717611567
leaf_weight=9203 146 712 65 52 249 53 55 13510 10252 53 54 133 220 100
leaf_count=9203 146 712 65 52 249 53 55 13510 10252 53 54 133 220 100
internal_value=1.52737e-06 -0.00178838 -0.000588486 0.0381809 -0.012221 -0.00651361 0.0233073 0.000762557 0.00282497 0.025589 0.0082699 0.00228347 -0.0158034 0.00258306
internal_weight=34857 10389 9320 117 1069 820 108 24468 10958 253 200 10705 453 233
internal_count=34857 10389 9320 117 1069 820 108 24468 10958 253 200 10705 453 233
is_linear=0
shrinkage=0.05


Tree=132
num_leaves=15
num_cat=0
split_feature=52 30 0 32 48 50 52 5 54 16 17 53 36 45
split_gain=18.3499 23.5755 77.695 23.8749 60.6262 76.3948 46.1281 29.0218 85.2403 85.1698 105.587 66.3854 119.053 69.1545
threshold=3.7000000000000006 2.8016666666666672 1.1666666666666667 1.7454050000000001 1.5833333333333337 1.6833333333333336 2.1000000000000005 78.950000000000017 0.41666666666666669 0.45000000000000007 0.43650793650793657 0.61250000000000016 20.63333333333334 2.9833333333333343
decision_type=10 10 10 10 10 10 10 10 10 10 10 10 10 10
left_child=1 3 -3 7 -5 6 -6 -1 9 -9 -11 12 13 -10
right_child=-2 2 -4 4 5 -7 -8 8 11 10 -12 -13 -14 -15
leaf_value=-0.00039805142877734085 -0.014715650467746262 0.067894706570853794 -0.013024981871799188 -0.017729521572394154 0.0098127946478349191 -0.014156188718874219 0.07037191781843824 0.005332374842811136 0.017692820352892723 0.08550521269340644 0.014014736431991677 -0.013600915374387866 -0.027098202667141844 0.093653168171496673
leaf_weight=28591 210 52 67 561 67 141 61 3671 77 74 173 973 89 50
leaf_count=28591 210 52 67 561 67 141 61 3671 77 74 173 973 89 50
internal_value=1.52539e-06 9.16607e-05 0.0222618 1.42065e-05 -0.00836001 0.011084 0.0390291 0.000221331 0.00369347 0.0072552 0.0356634 -0.00802026 0.0169764 0.0480445
internal_weight=34857 34647 119 34528 830 269 128 33698 5107 3918 247 1189 216 127
internal_count=34857 34647 119 34528 830 269 128 33698 5107 3918 247 1189 216 127
is_linear=0
shrinkage=0.05


Tree=133
num_leaves=15
num_cat=0
split_feature=50 1 50 5 31 24 13 44 27 27 16 32 53 56
split_gain=18.2007 46.4255 21.6827 62.2884 115.027 28.8291 26.6339 39.5021 23.6908 69.6706 56.6802 88.4593 65.8521 82.7769
threshold=3.5500000000000003 1.1000000000000003 3.0500000000000003 78.050000000000011 0.77288000000000012 0.37500000000000006 7.2250000000000005 0.29285714285714287 0.080318333333333367 0.079855000000000023 1.0000000180025095e-35 0.32151055555555563 1.1833333333333336 0.18333333333333338
decision_type=10 8 8 10 10 10 10 10 10 10 10 10 10 10
left_child=2 -2 5 6 -5 8 7 -4 9 -1 -10 -12 -13 -14
right_child=1 -3 3 4 -6 -7 -8 -9 10 -11 11 12 13 -15
leaf_value=-0.00036946400364185007 0.0070838092030673623 -0.052352044420397807 0.0014133652703275784 0.089573489683718727 -0.011880853019871759 -0.037141964049300272 -0.021896964299897251 0.039339974420672323 -0.0040315193809579873 -0.040510685811428707 0.053792181088807484 -0.0072757099235652009 -0.013433477626530247 0.017874489847030141
leaf_weight=30207 75 57 516 60 51 52 95 79 1398 108 104 603 255 1197
leaf_count=30207 75 57 516 60 51 52 95 79 1398 108 104 603 255 1197
internal_value=1.63816e-06 -0.0184937 7.29296e-05 0.00820175 0.0428909 -0.000118386 0.0025581 0.00651978 -6.02623e-05 -0.000513961 0.00379895 0.00888069 0.0065831 0.0123562
internal_weight=34857 132 34725 801 111 33924 690 595 33872 30315 3557 2159 2055 1452
internal_count=34857 132 34725 801 111 33924 690 595 33872 30315 3557 2159 2055 1452
is_linear=0
shrinkage=0.05


Tree=134
num_leaves=15
num_cat=0
split_feature=3 44 48 8 42 44 23 22 51 7 23 44 43 42
split_gain=17.971 22.4613 52.9736 55.7022 47.9771 45.4453 33.4193 40.217 44.9664 26.2906 41.6668 29.3138 88.0892 42.0073
threshold=148.16666666666669 17.366666666666671 1.8333333333333337 0.15476190476190479 25.833333333333339 20.414285714285715 0.17707142857142857 0.17900000000000002 1.8333333333333337 0.22500000000000003 0.053166666666666675 14.050000000000002 12.450000000000001 15.16666666666667
decision_type=10 10 10 10 10 10 10 10 10 10 10 10 10 10
left_child=1 4 5 -4 6 -3 7 9 -9 11 -11 -1 -13 -14
right_child=-2 2 3 -5 -6 -7 -8 8 -10 10 -12 12 13 -15
leaf_value=1.3982160128283203e-05 0.028431217520086618 -0.053240766563505654 0.032114103214863021 -0.02481546747723436 0.036242044151155027 -0.0017603546806567946 0.039474898615033831 -0.047904484914364047 0.003162673246935479 -0.035891395502061732 0.010641660007738299 0.055097770293175675 -0.029900128833574836 0.015675144473395027
leaf_weight=33630 55 103 97 76 91 75 53 92 79 124 77 96 84 125
leaf_count=33630 55 103 97 76 91 75 53 92 79 124 77 96 84 125
internal_value=1.42728e-06 -4.31918e-05 -0.012619 0.00696105 8.43912e-05 -0.0317553 -1.11682e-05 -7.34723e-05 -0.0242258 4.71367e-05 -0.0179591 0.000154789 0.0155732 -0.0025505
internal_weight=34857 34802 351 173 34451 178 34360 34307 171 34136 201 33935 305 209
internal_count=34857 34802 351 173 34451 178 34360 34307 171 34136 201 33935 305 209
is_linear=0
shrinkage=0.05


Tree=135
num_leaves=15
num_cat=0
split_feature=59 28 17 16 16 23 13 4 23 28 25 39 26 30
split_gain=17.919 66.8895 55.7386 47.2604 59.8783 60.61 57.5194 66.2738 26.2207 70.5803 55.1897 70.6468 77.9545 58.1855
threshold=1025.0000000000002 0.095905000000000032 0.18333333333333338 0.36666666666666675 1.0000000180025095e-35 0.016999999999999998 5.5500000000000007 48.100000000000009 0.041025000000000006 0.052000000000000025 0.0032309999999999999 0.53333333333333355 0.017000000000000012 1.6283333333333336
decision_type=2 10 10 10 10 10 10 10 10 10 10 10 10 10
left_child=1 3 -3 4 6 -6 7 -1 -2 -10 -11 12 -12 -13
right_child=8 2 -4 -5 5 -7 -8 -9 9 10 11 13 -14 -15
leaf_value=-0.00032796911229904854 0.00024371018751093962 0.065610341116878565 0.0043996186523170737 -0.04338650651074745 0.0039451894814054632 0.07907968546854019 -0.043041049760991129 0.058912572382700326 -0.019580084936608441 -0.029625401265038473 0.0011087219674080452 -0.0060886682845525952 0.069534682572569714 0.012250514772035112
leaf_weight=713 30506 80 71 55 59 50 72 50 625 156 93 1668 76 583
leaf_count=713 30506 80 71 55 59 50 72 50 625 156 93 1668 76 583
internal_value=1.44724e-06 0.0061383 0.0371037 0.00141662 0.00407503 0.0388426 -0.000454096 0.00355741 -0.000207274 -0.00451239 -0.000843809 0.00100694 0.032142 -0.00132612
internal_weight=34857 1150 151 999 944 109 835 763 33707 3201 2576 2420 169 2251
internal_count=34857 1150 151 999 944 109 835 763 33707 3201 2576 2420 169 2251
is_linear=0
shrinkage=0.05


Tree=136
num_leaves=15
num_cat=0
split_feature=43 24 28 58 23 26 5 26 28 26 22 28 43 43
split_gain=18.092 20.8322 24.6022 63.251 63.1985 58.6004 45.6075 30.5494 49.3279 40.691 26.3822 33.9437 64.1464 73.3835
threshold=31.800000000000004 0.37500000000000006 0.25100000000000006 1088.7500000000002 0.10050000000000002 0.16450000000000004 82.050000000000011 0.14050000000000004 0.16201375000000004 0.12937550000000003 0.17637000000000003 0.16900000000000007 5.9000000000000012 10.100000000000001
decision_type=10 10 10 2 10 10 10 10 10 10 10 10 10 10
left_child=1 2 5 -4 6 7 -5 9 -9 10 11 -1 -13 -14
right_child=-2 -3 3 4 -6 -7 -8 8 -10 -11 -12 12 13 -15
leaf_value=-0.00010196867149812449 0.029907836627657759 -0.031513648987525983 0.048148446206850985 0.054547434986945788 -0.023840237253065801 -0.036646303000379375 -0.0065007908088443554 0.05830394732745954 -0.002463530728386508 -0.03096207891691459 -0.021864825570447881 -0.022828935760827292 0.049534505532890655 0.0036138392565885791
leaf_weight=33472 50 52 94 65 131 109 56 58 76 106 137 94 153 204
leaf_count=33472 50 52 94 65 131 109 56 58 76 106 137 94 153 204
internal_value=1.55634e-06 -4.11146e-05 5.70761e-06 0.0132629 8.14698e-05 -0.000127065 0.0261775 -9.75082e-06 0.0237719 -0.000104101 -6.87945e-06 8.09791e-05 0.0136993 0.0234058
internal_weight=34857 34807 34755 346 252 34409 121 34300 134 34166 34060 33923 451 357
internal_count=34857 34807 34755 346 252 34409 121 34300 134 34166 34060 33923 451 357
is_linear=0
shrinkage=0.05


Tree=137
num_leaves=15
num_cat=0
split_feature=49 17 39 58 36 43 50 43 44 12 16 31 50 38
split_gain=17.4051 45.4882 48.4212 45.7673 100.927 31.4661 54.1257 70.9472 51.9313 46.5736 45.4176 56.7572 63.9692 60.6504
threshold=0.77500000000000013 0.41428571428571431 20.066666666666674 1025.0000000000002 3.1333333333333351 1.7750000000000001 0.64583333333333337 4.366666666666668 4.8166666666666673 15.833333333333334 0.36666666666666675 1.71811 1.0500000000000003 17.490000000000006
decision_type=10 10 10 2 10 10 10 10 10 10 10 10 10 10
left_child=1 2 3 4 -1 8 9 -8 -5 -7 11 12 13 -9
right_child=-2 -3 -4 5 -6 6 7 10 -10 -11 -12 -13 -14 -15
leaf_value=-0.0071747749017214216 -0.00038025659020524518 -0.029378753666572527 0.044696601968387081 0.0041876202780696805 0.087321983661391947 -0.013570046885516185 -0.019077769945778984 0.0013539075064176198 0.054985683259454743 -0.065343403890728943 0.054224731215657455 0.056870775341314475 0.038222379645421391 -0.061783269381968778
leaf_weight=63 31203 103 72 2403 50 269 220 129 51 52 66 50 73 53
leaf_count=63 31203 103 72 2403 50 269 220 129 51 52 66 50 73 53
internal_value=1.38338e-06 0.00326681 0.00422477 0.00337369 0.0346182 0.00231237 -0.00560232 0.00333988 0.0052645 -0.0221233 0.0167085 0.00843288 -0.0010596 -0.0170141
internal_weight=34857 3654 3551 3479 113 3366 912 591 2454 321 371 305 255 182
internal_count=34857 3654 3551 3479 113 3366 912 591 2454 321 371 305 255 182
is_linear=0
shrinkage=0.05


Tree=138
num_leaves=15
num_cat=0
split_feature=62 37 12 49 56 44 30 32 32 17 41 62 57 49
split_gain=17.2685 40.8964 49.1596 30.104 93.0849 72.8601 28.8042 28.5733 37.3169 65.7379 50.6771 33.4527 27.2241 46.88
threshold=6210.5000000000009 9.3466666666666693 8.8333333333333339 0.22500000000000003 0.29285714285714287 2.5857142857142863 1.5141000000000002 2.3656428571428578 1.8695000000000004 1.0000000180025095e-35 10.587857142857144 47170.000000000007 2.7500000000000004 2.7750000000000004
decision_type=2 8 10 10 10 10 10 10 10 10 10 2 2 10
left_child=1 2 -1 4 5 -2 -3 8 12 10 11 -10 -5 -14
right_child=3 6 -4 7 -6 -7 -8 -9 9 -11 -12 -13 13 -15
leaf_value=-0.0012545005625371722 0.013112430833683256 -0.017579304027938374 0.045131799050647285 0.0024282699057831185 0.0574429720955551 -0.03725218703939441 0.013989960559946626 0.029609147867489007 -0.029156148058135767 -0.030825619066079848 0.043819195228582068 0.013749219602405353 -0.0018045284820613187 0.0084835232080558657
leaf_weight=8129 346 593 57 11075 94 90 81 83 92 257 63 88 12596 1213
leaf_count=8129 346 593 57 11075 94 90 81 83 92 257 63 88 12596 1213
internal_value=1.41835e-06 -0.00190413 -0.000925717 0.00065183 0.012442 0.00262803 -0.0137407 0.000405241 0.000308184 -0.0132072 0.00534859 -0.00806171 0.000581017 -0.000898728
internal_weight=34857 8860 8186 25997 530 436 674 25467 25384 500 243 180 24884 13809
internal_count=34857 8860 8186 25997 530 436 674 25467 25384 500 243 180 24884 13809
is_linear=0
shrinkage=0.05


Tree=139
num_leaves=15
num_cat=0
split_feature=60 49 50 40 0 1 4 36 5 14 5 36 41 36
split_gain=17.984 38.9738 81.5434 89.9577 52.8479 56.1582 51.6773 71.4391 42.1194 121.692 94.0071 72.1544 51.7603 41.0285
threshold=1.5000000000000002 0.77500000000000013 0.68333333333333346 0.040000000000000056 5.5833333333333348 2.9000000000000004 84.100000000000009 19.233333333333341 65.866666666666688 10.316666666666668 75.050000000000011 13.400000000000004 4.8211111111111125 8.3666666666666671
decision_type=2 10 10 10 10 8 8 10 10 10 10 10 10 10
left_child=-1 2 -2 -4 5 8 -7 -8 9 11 -10 13 -12 -3
right_child=1 4 3 -5 -6 6 7 -9 10 -11 12 -13 -14 -15
leaf_value=-0.00025521581462920848 -0.017344278869343793 0.002810202378274783 0.0071849865992681707 0.098441996172422899 0.046754930604451392 -0.054471463895205297 0.037827767589978412 -0.040022593276287488 -0.074421262812046779 0.068781861647038298 0.03932898645727044 0.060470006632662957 -0.02799798658742729 -0.041453688007754251
leaf_weight=33154 63 920 54 55 64 82 56 61 52 76 58 52 55 55
leaf_count=33154 63 920 54 55 64 82 56 61 52 76 58 52 55 55
internal_value=1.49796e-06 0.00501248 0.027558 0.0536997 0.00245512 0.00049017 -0.0241505 -0.00254571 0.00438497 0.00792714 -0.0190952 0.00336816 0.00635998 0.00026767
internal_weight=34857 1703 172 109 1531 1467 199 117 1268 1103 165 1027 113 975
internal_count=34857 1703 172 109 1531 1467 199 117 1268 1103 165 1027 113 975
is_linear=0
shrinkage=0.05


Tree=140
num_leaves=15
num_cat=0
split_feature=50 1 61 22 36 49 58 36 61 9 46 40 45 56
split_gain=16.7558 41.9462 18.6247 70.5302 65.8673 94.8909 77.9009 66.2931 97.3186 94.2204 93.9844 102.973 91.8413 102.055
threshold=3.5500000000000003 1.1000000000000003 54.500000000000007 0.080100000000000032 23.066666666666674 2.9000000000000004 1088.7500000000002 10.200000000000005 55.500000000000007 1.0000000180025095e-35 4.6266666666666678 8.8450000000000006 2.9833333333333343 0.31666666666666671
decision_type=10 8 2 10 10 10 2 8 2 10 10 10 10 8
left_child=2 -2 -1 4 7 6 -6 8 -4 10 11 12 13 -9
right_child=1 -3 3 -5 5 -7 -8 9 -10 -11 -12 -13 -14 -15
leaf_value=-0.00018891121237429699 0.0065533987190944474 -0.049929152221783346 0.04787904566996757 -0.023967038909079919 0.013730847363003949 0.033757758383038482 -0.048289004381344779 0.075265292225660196 -0.0096344742882206597 -0.0094138389567823486 0.078534239382293092 -0.019564158204405463 0.090323555094224448 0.0034112955638364939
leaf_weight=33064 75 57 89 183 74 84 155 69 412 154 100 100 67 174
leaf_count=33064 75 57 89 183 74 84 155 69 412 154 100 100 67 174
internal_value=1.49883e-06 -0.0177445 6.9931e-05 0.00523602 0.00887561 -0.0114305 -0.0281525 0.0143553 0.000570197 0.0247105 0.0350628 0.0243163 0.0385605 0.0240296
internal_weight=34857 132 34725 1661 1478 313 229 1165 501 664 510 410 310 243
internal_count=34857 132 34725 1661 1478 313 229 1165 501 664 510 410 310 243
is_linear=0
shrinkage=0.05


Tree=141
num_leaves=15
num_cat=0
split_feature=44 48 2 42 4 44 46 26 53 30 14 47 13 52
split_gain=16.5411 46.4798 58.5793 45.0351 83.9886 36.6316 28.8623 22.9589 41.5778 53.2406 39.649 34.5429 43.2008 49.7636
threshold=17.366666666666671 1.8333333333333337 5.354166666666667 24.166666666666668 85.90000000000002 20.414285714285715 5.0500000000000016 0.15837500000000002 1.1833333333333336 0.9766666666666669 20.527777777777782 6.8550000000000013 27.100000000000005 0.77500000000000013
decision_type=10 10 10 10 10 10 10 10 10 10 10 10 10 10
left_child=3 5 6 7 -5 -2 -3 11 -9 -10 -11 12 -1 -14
right_child=1 2 -4 4 -6 -7 -8 8 9 10 -12 -13 13 -15
leaf_value=0.00016317142834168204 -0.04778535200648331 0.0046985617829757992 -0.026710783613139184 0.078398412586677652 -0.0019300056544281322 -0.0016209233900692486 0.058395634443291183 -0.0399958885529667 0.038231988429902053 -0.036753993397728009 0.017681668452846196 0.035592052071307695 0.0090144403142119779 -0.052158415453608879
leaf_weight=33858 104 51 72 52 84 75 51 100 61 93 51 68 54 83
leaf_count=33858 104 51 72 52 84 75 51 100 61 93 51 68 54 83
internal_value=1.55904e-06 -0.0107585 0.00752332 0.000112521 0.0287753 -0.0286404 0.0319449 -5.92324e-07 -0.0136472 -0.000606449 -0.0173072 0.000121064 4.88535e-05 -0.0279196
internal_weight=34857 353 174 34504 136 179 102 34368 305 205 144 34063 33995 137
internal_count=34857 353 174 34504 136 179 102 34368 305 205 144 34063 33995 137
is_linear=0
shrinkage=0.05


Tree=142
num_leaves=15
num_cat=0
split_feature=38 14 51 38 5 62 58 52 46 30 53 59 30 50
split_gain=16.571 96.5106 62.7997 61.6809 87.3485 58.0971 57.0106 142.627 131.869 103.816 89.1637 79.3213 68.9445 90.9105
threshold=8.5577777777777797 6.7071428571428582 2.1666666666666674 12.021111111111113 37.414285714285718 33595.500000000007 1047.5000000000002 1.1000000000000003 2.0633333333333344 0.68098333333333361 1.9500000000000002 1063.7500000000002 1.6616666666666668 1.8875000000000002
decision_type=10 10 10 10 10 2 2 10 10 10 10 2 10 10
left_child=1 -1 -3 -2 -5 -6 7 9 -9 -7 12 -8 13 -10
right_child=3 2 -4 4 5 6 11 8 10 -11 -12 -13 -14 -15
leaf_value=3.411537551595137e-05 -0.007784819443494264 0.0098508494011066341 0.042330878825481463 0.057184904059050259 -0.0082366308345193477 0.015961347614479735 -0.018102680828819034 0.08922786938536699 0.06188616141453588 -0.058036962291957199 -0.023949980962026808 0.0021450896116627918 -0.010268479922125416 -0.0050791054320849967
leaf_weight=21389 2945 1014 175 67 1705 93 523 78 183 95 95 6349 77 69
leaf_count=21389 2945 1014 175 67 1705 93 523 78 183 95 95 6349 77 69
internal_value=1.50635e-06 0.000806186 0.0146681 -0.00147603 0.000512103 9.66005e-05 0.00197922 0.0156761 0.0296009 -0.0213535 0.0184808 0.000599271 0.0308264 0.0434777
internal_weight=34857 22578 1189 12279 9334 9267 7562 690 502 188 424 6872 329 252
internal_count=34857 22578 1189 12279 9334 9267 7562 690 502 188 424 6872 329 252
is_linear=0
shrinkage=0.05


Tree=143
num_leaves=15
num_cat=0
split_feature=3 37 45 36 44 42 51 8 2 23 22 47 45 14
split_gain=16.381 21.9651 21.9966 50.913 31.4665 41.3428 35.8018 68.2533 40.0259 32.5834 44.2338 26.6482 41.5564 39.3996
threshold=148.16666666666669 38.100000000000001 8.8833333333333346 32.833333333333343 17.366666666666671 25.833333333333339 2.1666666666666674 1.0000000180025095e-35 5.154761904761906 0.17707142857142857 0.20500000000000004 7.2366666666666672 7.6500000000000012 23.450000000000003
decision_type=10 10 10 10 10 10 10 10 10 10 10 10 10 10
left_child=1 2 4 -4 5 9 7 -6 -9 10 11 12 13 -1
right_child=-2 -3 3 -5 6 -7 -8 8 -10 -11 -12 -13 -14 -15
leaf_value=0.00018790439683449722 0.027144547869023442 -0.025352876581120912 -0.011863407467740894 0.058885060870411378 0.026655604529775969 0.035884667146279949 -0.052870550457764114 -0.00952604360913447 -0.062997827463060901 0.039370258730791863 -0.036842086152430696 0.03142240885369204 -0.041774318285849918 -0.020781357376578116
leaf_weight=33750 55 85 50 50 90 80 54 106 53 52 81 67 59 225
leaf_count=33750 55 85 50 50 90 80 54 106 53 52 81 67 59 225
internal_value=1.53657e-06 -4.10304e-05 2.05864e-05 0.023379 -4.65049e-05 9.45413e-05 -0.0160758 -0.00790611 -0.0276483 9.65168e-06 -5.007e-05 3.71277e-05 -2.43841e-05 4.79955e-05
internal_weight=34857 34802 34717 100 34617 34314 303 249 159 34234 34182 34101 34034 33975
internal_count=34857 34802 34717 100 34617 34314 303 249 159 34234 34182 34101 34034 33975
is_linear=0
shrinkage=0.05


Tree=144
num_leaves=15
num_cat=0
split_feature=60 38 26 49 36 59 44 22 44 3 31 31 2 2
split_gain=16.0335 42.526 65.9095 39.7163 71.0542 45.2249 43.5501 73.6228 71.7939 41.1601 36.7284 53.5898 43.2541 61.7593
threshold=1.5000000000000002 24.170000000000005 0.080043500000000004 0.77500000000000013 5.4333333333333345 1072.5000000000002 4.3875000000000011 0.023759999999999996 11.105555555555556 60.833333333333336 0.89000000000000024 0.40806000000000003 2.183333333333334 1.3875000000000002
decision_type=2 8 10 10 10 2 10 10 10 10 10 10 10 10
left_child=-1 2 3 4 -2 -5 7 10 9 -8 11 12 13 -7
right_child=1 -3 -4 5 -6 6 8 -9 -10 -11 -12 -13 -14 -15
leaf_value=-0.00024099573309233494 0.0041103713382123772 -0.033518783110294409 0.061528486155328299 0.034378069622357892 0.075207910714583992 0.0011852072934581811 -0.0082059449089571766 0.059038874066394312 0.031018982076126595 -0.052470116679954638 -0.03905523049585316 0.052243229413316362 0.04071573594176188 -0.049735871780403826
leaf_weight=33154 105 69 52 99 53 766 101 57 57 113 54 52 61 64
leaf_count=33154 105 69 52 99 53 766 101 57 57 113 54 52 61 64
internal_value=1.3576e-06 0.00473285 0.00637318 0.00452558 0.0282793 0.00186343 -0.000559155 0.00401945 -0.0184334 -0.0317635 0.000820827 0.00315028 0.000229406 -0.00273871
internal_weight=34857 1703 1634 1582 158 1424 1325 1054 271 214 997 943 891 830
internal_count=34857 1703 1634 1582 158 1424 1325 1054 271 214 997 943 891 830
is_linear=0
shrinkage=0.05


Tree=145
num_leaves=15
num_cat=0
split_feature=43 17 16 42 43 49 41 48 61 49 49 5 13 17
split_gain=16.3706 17.9941 116.666 51.2032 72.9029 53.4736 41.031 30.7094 28.3246 105.947 152.67 55.9073 47.2782 44.2101
threshold=31.800000000000004 0.5634920634920636 0.63333333333333341 7.8333333333333348 1.2250000000000003 2.1000000000000005 6.8550000000000013 2.1666666666666674 64.500000000000014 3.1000000000000005 2.1000000000000005 72.050000000000011 27.100000000000005 0.21111111111111114
decision_type=10 10 10 10 10 10 10 10 2 8 10 8 10 8
left_child=1 8 6 4 -4 -6 -3 -5 12 10 11 -10 -1 -12
right_child=-2 2 3 7 5 -7 -8 -9 9 -11 13 -13 -14 -15
leaf_value=4.0379043425270881e-05 0.028449492884965816 -0.016755916877535353 -0.022563679331824894 0.007348145638406277 0.017252880585019607 0.084142447296563574 -0.065889204022937645 -0.044030472173172741 0.084314771206809747 0.068063855258555253 -0.058153034566469447 0.013011944528639786 -0.036971470548884375 -0.0061967583968624718
leaf_weight=33905 50 85 52 62 68 55 89 53 50 72 76 63 86 91
leaf_count=33905 50 85 52 62 68 55 89 53 50 72 76 63 86 91
internal_value=1.48781e-06 -3.90674e-05 -0.00981475 0.00953791 0.0265934 0.0475848 -0.0421474 -0.0162023 9.24225e-05 0.0141931 0.00015488 0.0450146 -5.30709e-05 -0.0300938
internal_weight=34857 34807 464 290 175 123 174 115 34343 352 280 113 33991 167
internal_count=34857 34807 464 290 175 123 174 115 34343 352 280 113 33991 167
is_linear=0
shrinkage=0.05


Tree=146
num_leaves=15
num_cat=0
split_feature=61 40 47 44 36 22 39 46 42 22 36 29 47 26
split_gain=16.3443 47.8761 48.6734 41.4556 35.6412 34.0919 47.8797 31.7389 30.6434 59.4392 44.3316 52.7171 34.1514 28.4926
threshold=42.500000000000007 8.0450000000000035 3.3612500000000005 4.0500000000000007 18.166666666666675 0.08618000000000002 0.16666666666666677 3.2100000000000009 2.4166666666666674 0.017750000000000005 10.73333333333334 0.033020500000000015 1.170714285714286 0.0024870000000000005
decision_type=2 8 10 10 10 10 10 10 10 10 10 10 10 10
left_child=1 2 3 8 7 6 -5 -3 -1 12 -11 -12 -10 -8
right_child=-2 4 -4 5 -6 -7 13 -9 9 10 11 -13 -14 -15
leaf_value=-0.00086495557144225976 0.00080664496810681967 -0.012765999443617435 0.033807925235599355 0.0096964784364968054 -0.037346530429126536 0.019785459145255712 -0.057726766412554226 0.021703245038080295 0.016158383852545765 0.070172896937412382 0.050976702117401622 -0.015707870006314979 -0.023850477633138772 -0.021743966666546696
leaf_weight=10707 22458 554 101 93 131 57 76 75 103 59 57 60 109 217
leaf_count=10707 22458 554 101 93 131 57 76 75 103 59 57 60 109 217
internal_value=1.45075e-06 -0.00145493 -0.000658469 -0.000963795 -0.0136111 -0.0159552 -0.0213164 -0.00860231 -0.000362275 0.0134283 0.0348789 0.0166454 -0.00430228 -0.031245
internal_weight=34857 12399 11639 11538 760 443 386 629 11095 388 176 117 212 293
internal_count=34857 12399 11639 11538 760 443 386 629 11095 388 176 117 212 293
is_linear=0
shrinkage=0.05


Tree=147
num_leaves=15
num_cat=0
split_feature=58 58 30 30 52 52 50 3 41 53 59 59 30 48
split_gain=15.8131 35.4181 93.1024 126.101 113.686 247.902 95.5056 79.8938 70.5813 65.9885 65.7817 60.135 60.0682 104.152
threshold=1270.0000000000002 1147.5000000000002 0.90833333333333344 1.0216666666666672 1.9000000000000001 2.3666666666666671 1.1833333333333336 89.833333333333357 11.415000000000001 0.27500000000000008 1218.7500000000002 1335.0000000000002 1.9012500000000003 1.1666666666666667
decision_type=2 2 10 10 10 10 10 10 10 10 2 2 10 10
left_child=1 -1 9 6 8 12 -4 -8 -5 -3 -7 -12 13 -6
right_child=-2 2 3 4 5 10 7 -9 -10 -11 11 -13 -14 -15
leaf_value=-0.00078134189534489204 -0.0030037068025960661 0.03455700813907827 0.10054255655490374 -0.010205936564579443 0.091202413789157222 0.037102208212586758 -0.0035978287943368836 0.073855489882033901 0.023930454733458308 0.00011415642314946604 -0.035223195241543687 0.027167791547714783 0.096983948372530215 0.013464508476650094
leaf_weight=21039 3887 141 65 681 72 65 84 54 194 8174 160 50 82 109
leaf_count=21039 3887 141 65 681 72 65 84 54 194 8174 160 50 82 109
internal_value=1.41628e-06 0.000379435 0.00284099 0.0138214 0.00849713 0.0265767 0.0506469 0.0266867 -0.00259951 0.000703264 -0.00653777 -0.0202202 0.0612437 0.0446917
internal_weight=34857 30970 9931 1616 1413 538 203 138 875 8315 275 210 263 181
internal_count=34857 30970 9931 1616 1413 538 203 138 875 8315 275 210 263 181
is_linear=0
shrinkage=0.05


Tree=148
num_leaves=15
num_cat=0
split_feature=32 32 53 62 32 53 1 57 5 59 50 53 30 30
split_gain=15.457 67.3632 60.8302 49.7492 42.1951 96.3056 97.5565 39.3175 161.85 47.266 85.5647 97.5038 76.2434 68.7529
threshold=1.2651750000000004 1.3052777777777782 1.0500000000000003 603064.00000000012 1.2004100000000004 1.2928571428571431 3.5500000000000003 1.5000000000000002 84.211111111111123 1087.5000000000002 1.6833333333333336 1.6458333333333337 1.478016666666667 1.6883333333333337
decision_type=10 10 10 2 10 10 10 2 10 2 10 10 10 10
left_child=4 3 -3 -2 -1 6 -6 8 -4 10 11 12 -9 -12
right_child=1 2 7 -5 5 -7 -8 9 -10 -11 13 -13 -14 -15
leaf_value=0.00012292754145867252 -0.014410194424952536 -0.045995988924892588 0.096101802144900411 -0.063589592235122658 0.10660043862259504 0.002307054236128106 0.010595278336411031 -0.0074338301292900897 -0.022099733556862233 0.0021932396728067648 -0.067762873111896119 -0.016820204722821971 0.073354864393577995 -0.0090236036985186091
leaf_weight=31164 208 73 50 69 51 331 56 51 67 2209 106 260 66 96
leaf_count=31164 208 73 50 69 51 331 56 51 67 2209 106 260 66 96
internal_value=1.80889e-06 -0.00327792 -0.00107345 -0.0268433 0.000340458 0.0157431 0.0568703 5.45315e-05 0.028395 -0.0011307 -0.0138463 0.000168458 0.0380447 -0.0400618
internal_weight=34857 3255 2978 277 31602 438 107 2905 117 2788 579 377 117 202
internal_count=34857 3255 2978 277 31602 438 107 2905 117 2788 579 377 117 202
is_linear=0
shrinkage=0.05


Tree=149
num_leaves=15
num_cat=0
split_feature=3 37 26 40 28 58 41 26 0 27 27 30 21 21
split_gain=15.658 20.1774 20.5611 37.8052 23.8793 73.5283 67.8387 46.4397 38.8235 34.8463 32.8535 51.9861 24.1932 79.7513
threshold=148.16666666666669 38.100000000000001 0.25150000000000006 44.855000000000011 0.25100000000000006 1083.7500000000002 21.525000000000002 0.16450000000000004 3.1666666666666674 0.33343333333333336 0.27833333333333349 1.1034333333333337 0.18176666666666672 0.16693333333333335
decision_type=10 10 10 10 10 2 10 10 10 10 10 10 10 10
left_child=1 2 3 4 7 -6 8 9 -7 10 12 -12 13 -1
right_child=-2 -3 -4 -5 5 6 -8 -9 -10 -11 11 -13 -14 -15
leaf_value=-4.3699721097909198e-05 0.026539009930314245 -0.02429983471220697 -0.024326862070596419 0.039570888644469178 0.057511116427426436 0.0095930156633764717 0.045386339595126571 -0.034928447721496773 -0.039392362762305698 -0.038569245837692528 0.062935280716307815 -0.0018020020528086303 -0.017951461095611253 0.05741381328091149
leaf_weight=33753 55 85 86 60 73 73 59 95 88 58 53 72 187 60
leaf_count=33753 55 85 86 60 73 73 59 95 88 58 53 72 187 60
internal_value=1.67838e-06 -3.99227e-05 1.91035e-05 8.06346e-05 1.08025e-05 0.0142127 -0.000139003 -0.000110068 -0.0170659 -1.20611e-05 5.33036e-05 0.0255888 -4.02165e-05 5.83648e-05
internal_weight=34857 34802 34717 34631 34571 293 220 34278 161 34183 34125 125 34000 33813
internal_count=34857 34802 34717 34631 34571 293 220 34278 161 34183 34125 125 34000 33813
is_linear=0
shrinkage=0.05


Tree=150
num_leaves=15
num_cat=0
split_feature=57 43 58 27 14 59 58 27 12 45 43 40 25 31
split_gain=15.3567 43.739 38.2599 69.2931 58.9486 130.815 37.7373 92.3365 52.2824 51.9453 99.3456 42.6826 35.8882 32.0316
threshold=3.2500000000000004 13.366666666666669 1118.7500000000002 0.13700333333333339 20.527777777777782 1227.5000000000002 1217.5000000000002 0.05622333333333334 17.166666666666668 0.16666666666666682 1.0000000180025095e-35 1.7900000000000003 0.039807000000000002 0.87655000000000027
decision_type=2 10 2 8 10 2 2 10 10 10 10 10 10 10
left_child=6 2 3 -2 -4 -6 -1 8 9 -8 -11 -12 -9 -7
right_child=1 -3 4 -5 5 13 7 12 -10 10 11 -13 -14 -15
leaf_value=0.00026481778562039901 -0.0077677350308496792 -0.019710415384469143 -0.00098901665103946074 -0.067180812500615042 0.076826236268896966 0.016438959666909718 -0.0022657511293740881 0.079616582270549699 -0.044491503496193192 0.085137600186574569 0.037119971937055039 -0.010916963055930332 0.025466609506548707 -0.034941558080298883
leaf_weight=24899 388 327 8109 56 78 69 455 57 51 55 78 111 71 53
leaf_count=24899 388 327 8109 56 78 69 455 57 51 55 78 111 71 53
internal_value=1.60709e-06 -0.00176588 -0.00109155 -0.0153847 -0.000323899 0.0264538 0.0006252 0.0108108 0.00406189 0.00766943 0.0262651 0.00882151 0.0499908 -0.00572952
internal_weight=34857 9080 8753 444 8309 200 25777 878 750 699 244 189 128 122
internal_count=34857 9080 8753 444 8309 200 25777 878 750 699 244 189 128 122
is_linear=0
shrinkage=0.05


Tree=151
num_leaves=15
num_cat=0
split_feature=52 12 32 32 17 47 13 58 31 37 1 26 28 22
split_gain=15.3733 27.9741 18.0674 24.1327 58.7234 46.1158 57.4196 27.6035 23.9591 22.5801 24.1247 29.0387 32.0174 26.4882
threshold=3.7000000000000006 8.5833333333333339 2.3656428571428578 1.8695000000000004 1.0000000180025095e-35 2.7050000000000005 11.100000000000001 1147.5000000000002 2.3380000000000005 38.100000000000001 7.6333333333333337 0.25150000000000006 0.34500000000000003 0.17637000000000003
decision_type=10 10 10 10 10 10 10 2 10 10 10 10 10 10
left_child=2 -2 3 8 5 -5 -7 -6 9 10 11 12 13 -1
right_child=1 -3 -4 4 7 6 -8 -9 -10 -11 -12 -13 -14 -15
leaf_value=0.00024427328267061189 -0.0017132688769328091 -0.042188393065998378 0.022647128481481038 -0.021503521389101145 -0.039682725167332858 0.051200334634074196 -0.0072616021254819311 -0.004850792991486508 0.033016248829327188 -0.027176029488000256 0.02641816815960088 -0.033386685946133247 0.039976935641895431 -0.017547066080563143
leaf_weight=33500 150 60 88 96 167 83 83 89 55 75 87 64 50 210
leaf_count=33500 150 60 88 96 167 83 83 89 55 75 87 64 50 210
internal_value=1.55011e-06 -0.0134691 8.41122e-05 2.56082e-05 -0.0106793 0.00588112 0.0218852 -0.0277037 0.000189393 0.000135048 0.000196588 0.000128014 0.000192783 0.00013244
internal_weight=34857 210 34647 34559 518 262 166 256 34041 33986 33911 33824 33760 33710
internal_count=34857 210 34647 34559 518 262 166 256 34041 33986 33911 33824 33760 33710
is_linear=0
shrinkage=0.05


Tree=152
num_leaves=15
num_cat=0
split_feature=43 44 42 48 50 44 26 53 61 26 44 62 39 24
split_gain=15.4231 29.4628 38.2625 26.6329 38.7292 21.9135 19.6839 36.442 72.3925 29.252 50.1079 28.5038 46.3777 72.4904
threshold=31.800000000000004 17.366666666666671 25.833333333333339 2.4166666666666674 1.6833333333333336 19.050000000000004 0.15837500000000002 1.1833333333333336 64.500000000000014 0.14050000000000004 5.3875000000000011 3822664.0000000005 34.900000000000013 0.096733333333333352
decision_type=10 10 10 10 10 10 10 10 2 10 10 2 10 10
left_child=1 2 6 4 -3 -6 9 -8 -9 11 -11 12 -1 -14
right_child=-2 3 -4 -5 5 -7 7 8 -10 10 -12 -13 13 -15
leaf_value=7.6552952378812811e-05 0.027613808164870975 -0.0013765356379839199 0.031869810078509905 0.010240695620543206 -0.018425530128113859 -0.061715522687212171 -0.037291705833263793 -0.017641101041838865 0.050805920836271591 0.056013164180517196 -0.0065776530855385833 0.03032220129043825 0.00068277512370740017 -0.076686199260230126
leaf_weight=33778 50 105 94 74 55 69 100 154 51 62 64 77 74 50
leaf_count=33778 50 105 94 74 55 69 100 154 51 62 64 77 74 50
internal_value=1.31354e-06 -3.80295e-05 9.76808e-05 -0.0155491 -0.0239959 -0.0428662 9.69851e-06 -0.0126248 -0.000408979 0.000123604 0.024123 3.3521e-05 -3.4981e-05 -0.0304963
internal_weight=34857 34807 34504 303 229 124 34410 305 205 34105 126 33979 33902 124
internal_count=34857 34807 34504 303 229 124 34410 305 205 34105 126 33979 33902 124
is_linear=0
shrinkage=0.05


Tree=153
num_leaves=15
num_cat=0
split_feature=28 27 37 3 30 4 40 4 4 53 47 43 29 46
split_gain=15.4728 54.4886 56.0997 53.1527 161.259 104.087 84.0777 75.4301 90.1778 72.9766 72.129 93.0887 83.5807 65.0363
threshold=0.065594000000000027 0.090410000000000032 28.980000000000004 45.583333333333336 0.56890000000000029 64.225000000000009 14.910000000000002 42.32500000000001 48.45000000000001 1.6833333333333336 2.5050000000000008 1.5500000000000003 0.048012000000000006 3.729166666666667
decision_type=10 10 10 10 10 10 10 10 10 10 10 10 10 10
left_child=1 2 -1 -2 -5 6 7 -6 -9 -10 13 -12 -13 -7
right_child=3 -3 -4 4 5 10 -8 8 9 -11 11 12 -14 -15
leaf_value=-4.1821665147887898e-05 -0.010332078393894321 -0.029744750853509656 -0.022084621989565997 0.041870101219728478 -0.0067904378092306823 -0.010516737133389929 -0.030781395011375435 0.10585026956537619 0.0055452753096184833 0.063176249796237746 0.054727126821362507 0.06233010299913927 -0.000247163197539834 -0.063300949420410257
leaf_weight=29767 669 157 291 274 83 564 56 53 117 105 83 54 2519 65
leaf_count=29767 669 157 291 274 83 564 56 53 117 105 83 54 2519 65
internal_value=1.2392e-06 -0.000410961 -0.00025642 0.00268941 0.00488937 0.00213801 0.0257503 0.0346936 0.0472946 0.0329962 -0.000833642 0.00276453 0.0010683 -0.016057
internal_weight=34857 30215 30058 4642 3973 3699 414 358 275 222 3285 2656 2573 629
internal_count=34857 30215 30058 4642 3973 3699 414 358 275 222 3285 2656 2573 629
is_linear=0
shrinkage=0.05


Tree=154
num_leaves=15
num_cat=0
split_feature=62 37 12 38 21 41 37 62 62 43 47 38 5 62
split_gain=15.0737 35.789 44.1122 28.4966 92.5807 81.1939 71.0579 77.1029 72.0085 56.8515 58.6074 52.8226 76.6975 50.6718
threshold=6210.5000000000009 9.3466666666666693 8.8333333333333339 8.5577777777777797 0.016666666666666673 0.84500000000000031 3.3200000000000003 409356.00000000006 174332.00000000003 7.2250000000000005 1.070714285714286 11.642222222222225 35.95000000000001 33595.500000000007
decision_type=2 8 10 10 10 10 10 2 2 10 10 10 10 2
left_child=1 2 -1 4 -2 -6 -7 8 9 10 -8 -5 -13 -14
right_child=3 -3 -4 11 5 6 7 -9 -10 -11 -12 12 13 -15
leaf_value=-0.0011752556212569565 0.0011347107339872515 -0.012852160923122212 0.042764887644544891 -0.0076311151962791118 -0.0072892122942283923 -0.011303442962487382 0.054379313860724615 -0.01783296490390586 0.092195112666822676 0.071563261413683923 0.007167144273024853 0.059132436438052507 -0.0078331557956832169 0.0018553304069683617
leaf_weight=8129 13191 674 57 2508 219 94 102 58 64 81 188 55 1631 7806
leaf_count=8129 13191 674 57 2508 219 94 102 58 64 81 188 55 1631 7806
internal_value=1.14829e-06 -0.00177914 -0.000863649 0.000608869 0.00214224 0.0185896 0.0282851 0.0358878 0.0431203 0.0344745 0.0239239 -0.00117761 0.000525224 0.000177891
internal_weight=34857 8860 8186 25997 13997 806 587 493 435 371 290 12000 9492 9437
internal_count=34857 8860 8186 25997 13997 806 587 493 435 371 290 12000 9492 9437
is_linear=0
shrinkage=0.05


Tree=155
num_leaves=15
num_cat=0
split_feature=54 16 27 32 59 59 4 4 50 21 22 43 62 58
split_gain=15.6868 72.6985 82.7475 88.4598 150.209 76.0114 57.7448 54.8746 35.4751 65.1842 131.582 66.9235 82.7916 177.334
threshold=0.41666666666666669 0.45000000000000007 0.109865 0.58808000000000005 1108.7500000000002 1187.5000000000002 117.30000000000001 117.30000000000001 1.3666666666666669 0.088983333333333345 0.078220000000000026 7.2250000000000005 743546.50000000012 1122.5000000000002
decision_type=10 10 10 10 2 2 10 10 10 10 8 10 2 2
left_child=1 6 3 4 -3 -6 -1 8 -2 11 -11 12 -10 -14
right_child=7 2 -4 -5 5 -7 -8 -9 9 10 -12 -13 13 -15
leaf_value=9.4995465835752128e-05 -0.0082233868975497941 0.090272139136056251 0.065805987090046647 -0.027155484473737685 -0.044723766300341361 0.038857106262257385 0.042504984145023808 -0.04611578259405727 -0.0006681440664845625 0.098083632948374994 0.0049376641343260889 -0.016926108779831174 0.061602509540838526 -0.012820888275973778
leaf_weight=28005 1583 66 85 103 57 51 80 70 3668 50 155 565 166 153
leaf_count=28005 1583 66 85 103 57 51 80 70 3668 50 155 565 166 153
internal_value=1.28043e-06 0.00050551 0.0227543 0.00935866 0.0311325 -0.00502742 0.000217445 -0.00223241 -0.00174035 0.00041241 0.0279612 -0.000825698 0.00145147 0.0258648
internal_weight=34857 28447 362 277 174 108 28085 6410 6340 4757 205 4552 3987 319
internal_count=34857 28447 362 277 174 108 28085 6410 6340 4757 205 4552 3987 319
is_linear=0
shrinkage=0.05


Tree=156
num_leaves=15
num_cat=0
split_feature=50 1 50 46 32 5 13 44 11 47 39 12 12 56
split_gain=15.2436 37.707 16.7471 67.8046 28.0288 54.4164 44.4117 42.3777 25.0361 71.8169 42.3351 59.4367 68.7898 63.7632
threshold=3.5500000000000003 1.1000000000000003 3.0500000000000003 4.7633333333333345 0.64049999999999996 60.422222222222224 6.9000000000000012 0.58571428571428574 0.2678571428571429 3.1950000000000007 8.4500000000000011 18.166666666666668 24.833333333333339 0.29285714285714287
decision_type=10 8 8 10 10 10 10 10 10 10 10 10 10 10
left_child=2 -2 8 4 5 6 7 -4 -1 -10 -11 13 -13 -12
right_child=1 -3 3 -5 -6 -7 -8 -9 9 10 11 12 -14 -15
leaf_value=8.3914173713579027e-05 0.0060973333564913832 -0.047441551154074467 0.0011991314721841067 0.061615873511149499 -0.030508765696951774 0.053116195167587921 -0.043080891425361728 0.045775987937882109 -0.047640435049813509 -0.037793627278558145 0.002135248907974788 -0.034173625359090708 0.015105534991081049 0.066054022242856586
leaf_weight=33300 75 57 527 53 56 56 50 59 105 72 101 147 135 64
leaf_count=33300 75 57 527 53 56 56 50 59 105 72 101 147 135 64
internal_value=1.3925e-06 -0.0169248 6.66968e-05 0.00721073 0.00328383 0.00607465 0.00185488 0.00576507 -0.000101352 -0.0100203 -0.00232269 0.00337073 -0.0105091 0.0272037
internal_weight=34857 132 34725 801 748 692 636 586 33924 624 519 447 282 165
internal_count=34857 132 34725 801 748 692 636 586 33924 624 519 447 282 165
is_linear=0
shrinkage=0.05


Tree=157
num_leaves=15
num_cat=0
split_feature=37 14 36 41 57 36 14 38 38 4 17 14 28 50
split_gain=14.9104 104.342 73.4963 76.8216 73.8124 112.232 80.8519 169.983 74.1836 66.6413 59.574 70.1945 57.3183 48.5154
threshold=11.020000000000003 18.211111111111112 9.6666666666666696 1.413888888888889 3.7500000000000004 15.266666666666671 12.316666666666668 11.73666666666667 4.4450000000000012 43.675000000000004 0.15476190476190479 9.3166666666666682 0.034000000000000023 3.4500000000000006
decision_type=10 10 10 10 2 10 10 10 10 10 10 10 10 10
left_child=1 2 -1 12 5 6 7 8 -5 -2 -10 -12 -4 -11
right_child=9 -3 3 4 -6 -7 -8 -9 10 13 11 -13 -14 -15
leaf_value=-0.00017597913027234645 -0.02290764104368688 0.071084217805237992 -0.014950528915209467 0.070226129296517711 -0.0054357016243750866 0.073418769119957164 -0.022078361243241286 0.092699414263108029 -0.0024284895554479448 -0.00057174711745432518 0.081263076178033231 0.0060629809165702146 0.034082755344835201 -0.047886122448728724
leaf_weight=23127 354 52 353 54 246 107 104 81 341 9784 53 76 71 54
leaf_count=23127 354 52 353 54 246 107 104 81 341 9784 53 76 71 54
internal_value=1.40214e-06 0.00066687 0.000515642 0.0112928 0.0184798 0.0257192 0.0184386 0.0254573 0.0149369 -0.00160656 0.00846347 0.0373467 -0.0066504 -0.000836413
internal_weight=34857 24665 24613 1486 1062 816 709 605 524 10192 470 129 424 9838
internal_count=34857 24665 24613 1486 1062 816 709 605 524 10192 470 129 424 9838
is_linear=0
shrinkage=0.05


Tree=158
num_leaves=15
num_cat=0
split_feature=61 40 47 44 21 21 14 22 40 37 46 30 1 40
split_gain=14.5304 43.6653 43.4377 37.8706 57.6478 35.6052 34.0356 31.3517 31.0935 30.7491 107.426 50.8585 25.1035 27.0509
threshold=42.500000000000007 8.0450000000000035 3.3612500000000005 4.0500000000000007 0.023133333333333322 0.014933333333333335 12.105555555555556 0.08618000000000002 0.18000000000000041 10.310000000000002 1.0450000000000004 1.3408500000000005 2.2250000000000005 12.250000000000004
decision_type=2 8 10 10 10 10 10 10 10 10 10 10 10 10
left_child=1 2 3 4 5 -1 -4 8 -5 10 -6 -11 13 -3
right_child=-2 12 6 7 9 -7 -8 -9 -10 11 -12 -13 -14 -15
leaf_value=-0.00061975352470431517 0.00076072494704077615 -0.012985658111471322 0.0025968025302858032 0.012999768988189534 -0.0023125775316928296 -0.032472257918052083 0.061070468608695687 0.019037474980172903 -0.026358463171773122 -0.032358634628000718 0.087522377829253678 0.032013779485813618 -0.033016630893009373 0.016738637189491323
leaf_weight=10750 22458 542 51 58 70 88 50 57 328 52 62 73 130 88
leaf_count=10750 22458 542 51 58 70 88 50 57 328 52 62 73 130 88
internal_value=1.48439e-06 -0.00137167 -0.000610935 -0.000899491 -0.00032447 -0.000882175 0.0319487 -0.015228 -0.0203707 0.0230536 0.039865 0.00501342 -0.012981 -0.00878406
internal_weight=34857 12399 11639 11538 11095 10838 101 443 386 257 132 125 760 630
internal_count=34857 12399 11639 11538 11095 10838 101 443 386 257 132 125 760 630
is_linear=0
shrinkage=0.05


Tree=159
num_leaves=15
num_cat=0
split_feature=54 16 25 30 59 59 42 62 24 44 2 8 25 52
split_gain=14.5016 65.515 82.4756 95.072 74.9496 56.3278 46.0651 86.2838 44.8086 47.7878 64.2478 82.9277 41.9479 108.256
threshold=0.41666666666666669 0.45000000000000007 0.063560000000000019 1.230216666666667 1108.7500000000002 1157.5000000000002 25.833333333333339 364180.50000000006 0.26166666666666677 18.550000000000004 4.8166666666666673 0.18333333333333338 0.0060000000000000166 1.9000000000000001
decision_type=10 10 10 10 2 2 10 2 10 10 10 10 8 10
left_child=1 6 3 4 -3 -6 8 -8 9 10 -1 -12 -2 -14
right_child=12 2 -4 -5 5 -7 7 -9 -10 -11 11 -13 13 -15
leaf_value=0.00012706648007904187 -0.0043621091539915845 0.066604287191933273 0.072942378787800327 -0.039781336837376544 -0.035490740640698196 0.028180541859574495 -0.0044483902099143177 0.075154181041269225 -0.031281534548118578 -0.035108146559037462 0.063074192291981468 -0.0052691179575652062 0.0017605747435543988 0.058229855674406444
leaf_weight=27563 4933 76 64 71 53 98 80 58 113 95 92 84 1387 90
leaf_count=27563 4933 76 64 71 53 98 80 58 113 95 92 84 1387 90
internal_value=1.47657e-06 0.000486311 0.0216074 0.0103949 0.0262517 0.00562395 0.000212802 0.0289778 6.93528e-05 0.000198088 0.000320536 0.0303916 -0.00214615 0.00523695
internal_weight=34857 28447 362 298 227 151 28085 138 27947 27834 27739 176 6410 1477
internal_count=34857 28447 362 298 227 151 28085 138 27947 27834 27739 176 6410 1477
is_linear=0
shrinkage=0.05


Tree=160
num_leaves=15
num_cat=0
split_feature=14 46 42 55 62 38 14 61 22 37 45 45 22 28
split_gain=15.1503 37.9552 77.683 42.5889 47.9617 37.0633 27.1886 55.9498 26.5989 26.9622 37.7865 37.6928 24.4944 36.9102
threshold=23.450000000000003 4.1450000000000014 4.8333333333333348 0.45000000000000007 1471477.0000000002 18.72666666666667 22.725000000000005 49.500000000000007 0.23700000000000004 35.820000000000007 8.5500000000000025 7.6500000000000012 0.20500000000000004 0.26300000000000007
decision_type=10 10 10 10 2 10 10 2 10 10 10 10 10 10
left_child=6 5 -3 -4 -5 -2 8 -8 9 10 11 12 13 -1
right_child=1 2 3 4 -6 -7 7 -9 -10 -11 -12 -13 -14 -15
leaf_value=2.3485872533956174e-06 0 0.045594330996900176 0.01264259002187796 0 -0.060965952812526515 -0.055698715463794513 0.063177914208578836 -0.006481314028880393 0.030080328521882596 -0.030281378898997697 0.038568839724872295 -0.033999835139860407 -0.02803247525927521 0.025867685434384953
leaf_weight=33829 51 71 85 60 69 72 51 64 73 73 63 81 77 138
leaf_count=33829 51 71 85 60 69 72 51 64 73 73 63 81 77 138
internal_value=1.55362e-06 -0.00957021 0.000375301 -0.014582 -0.0326933 -0.0327253 0.000115781 0.0243344 3.35804e-05 -3.01486e-05 3.4156e-05 -3.68164e-05 4.37548e-05 0.000108549
internal_weight=34857 408 285 214 129 123 34449 115 34334 34261 34188 34125 34044 33967
internal_count=34857 408 285 214 129 123 34449 115 34334 34261 34188 34125 34044 33967
is_linear=0
shrinkage=0.05


end of trees

feature_importances:
selected=133
value=124
opponent_defence_strength=122
difficulty=82
minutes_roll3=79
opponent_attack_strength=78
fixture_count=76
threat_roll10=66
team_goals_conceded_roll10=65
expected_goals_conceded_roll10=63
minutes_roll5=62
team_goals_scored_roll10=55
team_goals_scored_roll5=50
bps_roll3=48
threat_roll3=48
minutes_roll10=47
bps_roll10=46
team_goals_scored_roll3=46
influence_roll3=45
influence_roll5=44
creativity_roll5=44
expected_goals_conceded_roll3=42
threat_roll5=41
bps_roll5=40
creativity_roll3=40
expected_assists_roll10=37
influence_roll10=37
ict_index_roll3=37
total_points_roll5=36
total_points_roll10=34
expected_goal_involvements_roll3=33
total_points_roll3=32
expected_goals_roll5=31
expected_goal_involvements_roll5=31
creativity_roll10=31
ict_index_roll10=31
clean_sheets_roll5=29
expected_goals_roll10=28
expected_goals_conceded_roll5=28
ict_index_roll5=28
clean_sheets_roll10=24
team_goals_conceded_roll5=24
team_goals_conceded_roll3=20
team_clean_sheet_roll10=20
expected_goals_roll3=16
goals_scored_roll10=14
expected_assists_roll3=12
team_clean_sheet_roll3=12
expected_goal_involvements_roll10=9
team_clean_sheet_roll5=8
expected_assists_roll5=7
assists_roll10=6
goals_scored_roll5=5
assists_roll5=5
assists_roll3=2
goals_scored_roll3=1

parameters:
[boosting: gbdt]
[objective: regression]
[metric: l1]
[tree_learner: serial]
[device_type: cpu]
[data_sample_strategy: bagging]
[data: ]
[valid: ]
[num_iterations: 500]
[learning_rate: 0.05]
[num_leaves: 15]
[num_threads: 0]
[seed: 0]
[deterministic: 0]
[force_col_wise: 0]
[force_row_wise: 0]
[histogram_pool_size: -1]
[max_depth: -1]
[min_data_in_leaf: 50]
[min_sum_hessian_in_leaf: 0.001]
[bagging_fraction: 1]
[pos_bagging_fraction: 1]
[neg_bagging_fraction: 1]
[bagging_freq: 0]
[bagging_seed: 3]
[bagging_by_query: 0]
[feature_fraction: 0.8]
[feature_fraction_bynode: 1]
[feature_fraction_seed: 2]
[extra_trees: 0]
[extra_seed: 6]
[early_stopping_round: 0]
[early_stopping_min_delta: 0]
[first_metric_only: 0]
[max_delta_step: 0]
[lambda_l1: 0.5]
[lambda_l2: 0.5]
[linear_lambda: 0]
[min_gain_to_split: 0]
[drop_rate: 0.1]
[max_drop: 50]
[skip_drop: 0.5]
[xgboost_dart_mode: 0]
[uniform_drop: 0]
[drop_seed: 4]
[top_rate: 0.2]
[other_rate: 0.1]
[min_data_per_group: 100]
[max_cat_threshold: 32]
[cat_l2: 10]
[cat_smooth: 10]
[max_cat_to_onehot: 4]
[top_k: 20]
[monotone_constraints: ]
[monotone_constraints_method: basic]
[monotone_penalty: 0]
[feature_contri: ]
[forcedsplits_filename: ]
[refit_decay_rate: 0.9]
[cegb_tradeoff: 1]
[cegb_penalty_split: 0]
[cegb_penalty_feature_lazy: ]
[cegb_penalty_feature_coupled: ]
[path_smooth: 0]
[interaction_constraints: ]
[verbosity: -1]
[saved_feature_importance_type: 0]
[use_quantized_grad: 0]
[num_grad_quant_bins: 4]
[quant_train_renew_leaf: 0]
[stochastic_rounding: 1]
[linear_tree: 0]
[max_bin: 255]
[max_bin_by_feature: ]
[min_data_in_bin: 3]
[bin_construct_sample_cnt: 200000]
[data_random_seed: 1]
[is_enable_sparse: 1]
[enable_bundle: 1]
[use_missing: 1]
[zero_as_missing: 0]
[feature_pre_filter: 1]
[pre_partition: 0]
[two_round: 0]
[header: 0]
[label_column: ]
[weight_column: ]
[group_column: ]
[ignore_column: ]
[categorical_feature: ]
[forcedbins_filename: ]
[precise_float_parser: 0]
[parser_config_file: ]
[objective_seed: 5]
[num_class: 1]
[is_unbalance: 0]
[scale_pos_weight: 1]
[sigmoid: 1]
[boost_from_average: 1]
[reg_sqrt: 0]
[alpha: 0.9]
[fair_c: 1]
[poisson_max_delta_step: 0.7]
[tweedie_variance_power: 1.5]
[lambdarank_truncation_level: 30]
[lambdarank_norm: 1]
[label_gain: ]
[lambdarank_position_bias_regularization: 0]
[eval_at: ]
[multi_error_top_k: 1]
[auc_mu_weights: ]
[num_machines: 1]
[local_listen_port: 12400]
[time_out: 120]
[machine_list_filename: ]
[machines: ]
[gpu_platform_id: -1]
[gpu_device_id: -1]
[gpu_device_id_list: ]
[gpu_use_dp: 0]
[num_gpu: 1]

end of parameters

pandas_categorical:[]
