tree
version=v4
num_class=1
num_tree_per_iteration=1
label_index=0
max_feature_idx=62
objective=regression
feature_names=total_points_roll3 total_points_roll5 total_points_roll10 minutes_roll3 minutes_roll5 minutes_roll10 goals_scored_roll3 goals_scored_roll5 goals_scored_roll10 assists_roll3 assists_roll5 assists_roll10 bps_roll3 bps_roll5 bps_roll10 clean_sheets_roll3 clean_sheets_roll5 clean_sheets_roll10 saves_roll3 saves_roll5 saves_roll10 expected_goals_roll3 expected_goals_roll5 expected_goals_roll10 expected_assists_roll3 expected_assists_roll5 expected_assists_roll10 expected_goal_involvements_roll3 expected_goal_involvements_roll5 expected_goal_involvements_roll10 expected_goals_conceded_roll3 expected_goals_conceded_roll5 expected_goals_conceded_roll10 defensive_contribution_roll3 defensive_contribution_roll5 defensive_contribution_roll10 influence_roll3 influence_roll5 influence_roll10 creativity_roll3 creativity_roll5 creativity_roll10 threat_roll3 threat_roll5 threat_roll10 ict_index_roll3 ict_index_roll5 ict_index_roll10 team_goals_scored_roll3 team_goals_scored_roll5 team_goals_scored_roll10 team_goals_conceded_roll3 team_goals_conceded_roll5 team_goals_conceded_roll10 team_clean_sheet_roll3 team_clean_sheet_roll5 team_clean_sheet_roll10 difficulty opponent_attack_strength opponent_defence_strength fixture_count value selected
feature_infos=[-2:15.666666666666666] [-2:14.5] [-2:14.5] [0:150] [0:135.40000000000001] [0:124.59999999999999] [0:2.6666666666666665] [0:2.3333333333333335] [0:2.3333333333333335] [0:2.3333333333333335] [0:2] [0:2] [-8:77] [-8:68] [-8:68] [0:1.3333333333333333] [0:1] [0:1] [0:0] [0:0] [0:0] [0:2.0233333333333334] [0:1.4380000000000002] [0:1.4199999999999999] [0:0.54999999999999993] [0:0.49800000000000005] [0:0.43500000000000005] [0:2.0699999999999998] [0:1.472] [0:1.462] [0:4.5233333333333325] [0:4.0999999999999996] [0:4.0999999999999996] [0:0] [0:0] [0:0] [0:92.066666666666663] [0:82] [0:82] [0:84.799999999999997] [0:84.799999999999997] [0:84.799999999999997] [0:112.5] [0:112.5] [0:112.5] [0:19.966666666666665] [0:18.600000000000001] [0:18.600000000000001] [0:6.333333333333333] [0:5] [0:5] [0:6] [0:5] [0:5] [0:1.3333333333333333] [0:1.2] [0:1] [1:5] [1000:1400] [990:1390] [1:2] [40:154] [0:9582624]
tree_sizes=1387 1452 1442 1435 1446 1436 1447 1455 1453 1442 1437 1457 1451 1446 1443 1459 1446 1445 1454 1457 1450 1448 1443 1429 1458 1448 1448 1450 1448 1455 1454 1462 1453 1475 1449 1459 1463 1453 1434 1474 1444 1451 1458 1471 1461 1452 1472 1469 1456 1465 1478 1471 1467 1444 1446 1477 1472 1449 1473 1459 1450 1467 1465 1464 1456 1451 1470 1458 1479 1469 1479 1493 1467 1472 1472 1481 1449 1457 1509 1462 1466 1468 1479 1478 1458 1471 1460 1480 1478 1473 1482 1475 1464 1488 1487 1479 1479 1484 1454 1472 1461 1454 1465 1486 1483

Tree=0
num_leaves=15
num_cat=0
split_feature=0 62 39 60 4 62 62 60 47 36 45 60 40 62
split_gain=20107.4 3262.78 2001.22 1213.84 918.617 702.372 503.161 475.044 340.737 302.762 284.113 255.759 239.09 210.923
threshold=0.83333333333333337 609603.00000000012 0.083333333333331566 1.5000000000000002 38.100000000000009 4537392.0000000009 228594.50000000003 1.5000000000000002 6.745000000000001 7.8333333333333348 3.8166666666666669 1.5000000000000002 10.745000000000003 10932.500000000002
decision_type=10 2 8 2 10 2 2 2 10 10 8 2 10 2
left_child=2 4 -1 5 11 8 13 9 -3 -6 -8 -2 -7 -4
right_child=1 3 6 -5 7 12 10 -9 -10 -11 -12 -13 -14 -15
leaf_value=1.2982748295063449 1.3763858337022006 1.455249336725398 1.3125201568990368 1.6798117169101421 1.4049715592144147 1.6848406166973786 1.3895724877545603 1.5418541223712718 1.5097660845332883 1.445107691118392 1.5011633148115997 1.4801589300562805 1.5431129669671417 1.358193684583795
leaf_weight=6271 1237 633 334 93 772 54 221 99 538 1223 77 62 76 1040
leaf_count=6271 1237 633 334 93 772 54 221 99 538 1223 77 62 76 1040
internal_value=1.36002 1.44096 1.31123 1.50536 1.41447 1.49275 1.35985 1.43497 1.48037 1.4296 1.41868 1.3814 1.6032 1.34706
internal_weight=12730 4787 7943 1394 3393 1301 1672 2094 1171 1995 298 1299 130 1374
internal_count=12730 4787 7943 1394 3393 1301 1672 2094 1171 1995 298 1299 130 1374
is_linear=0
shrinkage=1


Tree=1
num_leaves=15
num_cat=0
split_feature=3 39 62 60 60 62 62 3 47 62 57 21 31 2
split_gain=18824.2 2438.23 2211.18 1093.14 617.55 605.879 488.941 483.664 311.625 264.523 250.527 239.565 216.813 183.451
threshold=27.166666666666668 0.033333333333333638 609603.00000000012 1.5000000000000002 1.5000000000000002 4537392.0000000009 166493.00000000003 82.833333333333357 6.745000000000001 46177.500000000007 3.7500000000000004 0.1748166666666667 0.74300000000000022 0.29285714285714287
decision_type=10 8 2 2 2 2 2 10 10 2 2 8 10 10
left_child=1 13 4 5 7 8 -3 9 -4 -2 -10 -8 -7 -1
right_child=2 6 3 -5 -6 12 11 -9 10 -11 -12 -13 -14 -15
leaf_value=-0.062040992049704674 0.010741999981093542 -0.010736749357949008 0.090462263125476089 0.30342244307200117 0.16778987900735776 0.30804562716283534 0.023044392092555179 0.097830760769727756 0.162147696242008 0.054366466080966118 0.082011725227787824 0.098068077174902776 0.17308511813734748 -0.038317576010960704
leaf_weight=5328 442 1734 616 94 130 53 382 553 411 1656 132 148 78 973
leaf_count=5328 442 1734 616 94 130 53 382 553 411 1656 132 148 78 973
internal_value=2.02366e-06 -0.0423948 0.0871885 0.138842 0.0614533 0.126717 0.00209967 0.0561986 0.115058 0.0451925 0.142806 0.0441142 0.228841 -0.0583849
internal_weight=12730 8565 4165 1384 2781 1290 2264 2651 1159 2098 543 530 131 6301
internal_count=12730 8565 4165 1384 2781 1290 2264 2651 1159 2098 543 530 131 6301
is_linear=0
shrinkage=0.05


Tree=2
num_leaves=15
num_cat=0
split_feature=3 45 62 60 61 61 3 48 62 4 57 36 41 14
split_gain=17030.3 2582.58 1859.02 1011.86 593.24 488.038 450.113 295.426 269.492 282.594 224.592 221.224 190.283 178.706
threshold=30.833333333333339 0.033333333333333416 609603.00000000012 1.5000000000000002 87.500000000000014 57.500000000000007 82.833333333333357 2.8333333333333335 228594.50000000003 24.100000000000005 3.7500000000000004 4.9166666666666652 11.181666666666668 13.52777777777778
decision_type=10 8 2 2 2 2 10 10 2 10 2 10 10 10
left_child=1 -1 6 4 10 -3 11 12 -7 -10 13 -2 -6 -4
right_child=2 5 3 -5 7 8 -8 -9 9 -11 -12 -13 -14 -15
leaf_value=-0.055534003922803332 0.027612965229616274 -0.012033965356466683 0.087183981407590275 0.29477442976590751 0.090049907857864792 0.013845201481746722 0.10047912527533139 0.28779815798505948 0.11381176067704082 0.017031532471030401 0.060935752300311258 0.062949929421771314 0.19032444995536024 0.13807976023973187
leaf_weight=6286 692 1664 297 92 71 592 586 58 173 135 234 1252 159 439
leaf_count=6286 692 1664 297 92 71 592 586 58 173 135 234 1252 159 439
internal_value=5.57592e-06 -0.0382846 0.0873428 0.134736 0.1229 0.00399761 0.0620224 0.186071 0.0336562 0.0715692 0.104032 0.0503943 0.159741 0.117649
internal_weight=12730 8850 3880 1350 1258 2564 2530 288 900 308 970 1944 230 736
internal_count=12730 8850 3880 1350 1258 2564 2530 288 900 308 970 1944 230 736
is_linear=0
shrinkage=0.05


Tree=3
num_leaves=15
num_cat=0
split_feature=3 39 62 60 61 61 45 48 62 57 1 41 58 57
split_gain=15372.7 2355.61 1692.77 862.244 728.954 478.979 442.396 312.461 246.98 190.244 181.992 240.4 180.048 178.486
threshold=30.833333333333339 0.033333333333333638 1094476.5000000002 1.5000000000000002 83.500000000000014 57.500000000000007 3.9416666666666673 2.8333333333333335 1047143.5000000001 3.7500000000000004 4.9000000000000012 15.055000000000001 1297.5000000000002 3.7500000000000004
decision_type=10 8 2 2 2 2 10 10 2 2 10 10 2 2
left_child=1 -1 3 6 9 -3 13 10 -7 -4 -6 -12 -8 -2
right_child=2 5 4 -5 7 8 12 -9 -10 -11 11 -13 -14 -15
leaf_value=-0.052767041241057924 0.048734632442358233 -0.01177512516183804 0.12729057423383522 0.1798515116238901 0.24313219685038054 0.026946595827279676 0.083283575503028492 0.30966467275019222 0.13792786049508604 0.059653541395354531 0.089791835661520047 0.21497290417247888 0.030112349840860603 0.0072855782946997976
leaf_weight=6303 948 1650 440 155 80 844 1355 61 53 140 85 73 183 360
leaf_count=6303 948 1650 440 155 80 844 1355 61 53 140 85 73 183 360
internal_value=9.0621e-06 -0.0363698 0.0829872 0.065079 0.144027 0.00420047 0.058789 0.207577 0.0336051 0.111073 0.180712 0.148282 0.0769851 0.0373529
internal_weight=12730 8850 3880 3001 879 2547 2846 299 897 580 238 158 1538 1308
internal_count=12730 8850 3880 3001 879 2547 2846 299 897 580 238 158 1538 1308
is_linear=0
shrinkage=0.05


Tree=4
num_leaves=15
num_cat=0
split_feature=3 39 62 60 61 61 3 12 62 44 62 58 58 2
split_gain=13876.7 2126.11 1541.3 884.371 470.976 432.406 392.729 237.031 233.187 343.475 209.971 176.895 171.874 160.103
threshold=30.833333333333339 0.033333333333333638 609603.00000000012 1.5000000000000002 87.500000000000014 57.500000000000007 82.833333333333357 29.166666666666668 228594.50000000003 4.366666666666668 46177.500000000007 1247.5000000000002 1042.5000000000002 0.29285714285714287
decision_type=10 8 2 2 2 2 10 10 2 10 2 2 2 10
left_child=1 13 6 4 -4 -3 10 -6 -7 -10 -2 -8 -12 -1
right_child=2 5 3 -5 7 8 11 -9 9 -11 12 -13 -14 -15
leaf_value=-0.053544219957025213 0.011601008800120136 -0.011186547990875944 0.094119839211815506 0.27161309316351606 0.13672072246222308 0.013374449351933819 0.10350509086430193 0.23744291934693462 0.15457555102579523 0.035096875871275808 0.11372066705092176 0.027089018546696243 0.048455438175083937 -0.031399269662740113
leaf_weight=5329 382 1650 970 92 202 588 495 86 82 227 109 91 1453 974
leaf_count=5329 382 1650 970 92 202 588 495 86 82 227 109 91 1453 974
internal_value=1.2525e-05 -0.0345509 0.07885 0.122005 0.11094 0.00399195 0.0557934 0.167244 0.0319308 0.0670825 0.0449317 0.0917143 0.0530607 -0.0501289
internal_weight=12730 8850 3880 1350 1258 2547 2530 288 897 309 1944 586 1562 6303
internal_count=12730 8850 3880 1350 1258 2547 2530 288 897 309 1944 586 1562 6303
is_linear=0
shrinkage=0.05


Tree=5
num_leaves=15
num_cat=0
split_feature=3 45 60 3 62 60 62 42 3 14 48 58 57 31
split_gain=12539.1 1937.02 976.669 895.439 722.4 405.451 343.669 354.786 320.238 225.262 220.575 183.881 180.878 248.135
threshold=13.16666666666667 3.916666666666667 1.5000000000000002 0.83333333333333337 1807436.0000000002 1.5000000000000002 397593.50000000006 5.8333333333333348 44.833333333333336 13.850000000000003 2.8333333333333335 1037.5000000000002 2.7500000000000004 0.25600000000000012
decision_type=10 10 2 8 2 2 2 8 10 10 10 2 2 10
left_child=3 5 4 -1 -3 8 -5 -8 -2 -4 12 -10 13 -6
right_child=1 2 9 6 10 -7 7 -9 11 -11 -12 -13 -14 -15
leaf_value=-0.048678289055873555 0.010821219347216856 0.070959070493989682 0.17113704059175469 -0.014125045423683053 0.075738944940445002 0.11919445579247984 -0.014091753202676775 0.15234386501478331 0.14157214464970155 0.30561666984763225 0.21031026241693707 0.043167536366841522 0.091238842207659668 0.19837328304921398
leaf_weight=6048 1393 1838 92 1597 63 123 62 65 50 51 90 909 220 129
leaf_count=6048 1393 1838 92 1597 63 123 62 65 50 51 90 909 220 129
internal_value=1.49438e-05 0.0621434 0.0933472 -0.0396169 0.0855408 0.0308161 -0.0078092 0.0711591 0.0261593 0.22017 0.138756 0.0483953 0.122829 0.158565
internal_weight=12730 4958 2483 7772 2340 2475 1724 127 2352 143 502 959 412 192
internal_count=12730 4958 2483 7772 2340 2475 1724 127 2352 143 502 959 412 192
is_linear=0
shrinkage=0.05


Tree=6
num_leaves=15
num_cat=0
split_feature=3 3 62 61 3 62 62 48 58 21 58 14 23 1
split_gain=11335.9 1470.09 1385.95 570.342 526.595 336.106 271.286 270.067 217.475 194.74 168.922 144.241 142.803 129.218
threshold=27.166666666666668 0.83333333333333337 1094476.5000000002 83.500000000000014 82.833333333333357 166493.00000000003 46177.500000000007 2.8333333333333335 1247.5000000000002 0.1748166666666667 1247.5000000000002 13.52777777777778 0.11687500000000001 4.9000000000000012
decision_type=10 8 2 2 10 2 2 10 2 8 2 10 10 10
left_child=1 -1 4 11 6 -3 -2 13 12 -7 -8 -4 -6 -5
right_child=2 5 3 7 8 9 10 -9 -10 -11 -12 -13 -14 -15
leaf_value=-0.046244571259728917 0.0065496189281143051 -0.010658046338367677 0.057312378520022501 0.20514486274026203 0.076588262872211377 0.015556599086911017 0.054934375965873861 0.27359405937718184 0.024497051660147349 0.082270077052792712 0.013062266955333475 0.1108929650077074 0.12329183257372632 0.12630484570581643
leaf_weight=6048 462 1947 188 84 351 422 1735 61 116 148 282 406 322 158
leaf_count=6048 462 1947 188 84 351 422 1735 61 116 148 282 406 322 158
internal_value=1.79567e-05 -0.0328822 0.0676763 0.122743 0.0525376 -0.000761381 0.0411808 0.178682 0.0881397 0.0329794 0.0490972 0.0940393 0.0990459 0.15414
internal_weight=12730 8565 4165 897 3268 2517 2479 303 789 570 2017 594 673 242
internal_count=12730 8565 4165 897 3268 2517 2479 303 789 570 2017 594 673 242
is_linear=0
shrinkage=0.05


Tree=7
num_leaves=15
num_cat=0
split_feature=0 47 60 5 61 27 60 41 5 61 57 61 14 0
split_gain=10071.4 1625.5 926.336 891.266 523.668 350.736 349.666 303.099 234.657 227.2 210.286 230.038 222.398 177.331
threshold=0.83333333333333337 3.4200000000000004 1.5000000000000002 3.4142857142857146 102.50000000000001 0.086666666666666711 1.5000000000000002 10.495000000000003 79.83750000000002 54.500000000000007 3.7500000000000004 62.500000000000007 13.52777777777778 1.0000000180025095e-35
decision_type=10 10 2 8 2 10 2 10 10 2 2 2 10 8
left_child=3 6 4 -1 5 -3 -2 -4 -6 -5 11 -7 -13 -11
right_child=1 2 7 9 8 10 -8 -9 -10 13 -12 12 -14 -15
leaf_value=-0.045421933311127351 0.020026969895105263 0.045266960214176186 0.30321381766881261 -0.024484074395906472 0.066552644627343893 0.072829570655359097 0.11224425593927537 0.15030624508739465 0.18694631407488738 -0.02092169545468428 0.052855606642308609 0.076837858139223544 0.14589737568439748 0.019945874566115178
leaf_weight=5574 2022 916 52 1169 58 505 108 94 146 395 373 188 325 805
leaf_count=5574 2022 916 52 1169 58 505 108 94 146 395 373 188 325 805
internal_value=2.02251e-05 0.0573064 0.0833946 -0.0345027 0.0762288 0.0693901 0.0247398 0.205786 0.153085 -0.00879606 0.0852357 0.0970436 0.120737 0.0064697
internal_weight=12730 4787 2657 7943 2511 2307 2130 146 204 2369 1391 1018 513 1200
internal_count=12730 4787 2657 7943 2511 2307 2130 146 204 2369 1391 1018 513 1200
is_linear=0
shrinkage=0.05


Tree=8
num_leaves=15
num_cat=0
split_feature=3 3 60 14 58 14 57 60 36 41 36 44 14 59
split_gain=9333.56 1634.73 932.964 800.669 340.391 288.989 268.603 215.522 198.024 155.384 148.728 144.463 135.091 118.92
threshold=36.416666666666679 3.4166666666666674 1.5000000000000002 16.050000000000004 1247.5000000000002 13.850000000000003 3.7500000000000004 1.5000000000000002 3.7333333333333338 2.3850000000000007 40.433333333333344 3.7071428571428577 3.9500000000000006 1063.7500000000002
decision_type=10 8 2 10 2 10 2 2 10 10 10 10 10 2
left_child=1 11 3 4 8 -4 10 12 13 -9 -5 -1 -3 -2
right_child=2 7 5 6 -6 -7 -8 9 -10 -11 -12 -13 -14 -15
leaf_value=-0.042970291966982231 0.083516929204864754 -0.0058187643782868746 0.13308581395515703 0.10806099037524437 0.0034499007915505826 0.26654472744264524 0.056974331568824234 0.0064355952438907085 0.062978960867577205 0.12140759115417799 0.16911163622963019 -0.016795257119414292 0.018023492194137604 0.013151934438533679
leaf_weight=5837 72 1670 141 496 369 59 227 53 1744 67 130 584 921 360
leaf_count=5837 72 1670 141 496 369 59 227 53 1744 67 130 584 921 360
internal_value=2.22821e-05 -0.0268495 0.0682262 0.0620188 0.0479327 0.173147 0.103964 0.00569896 0.055462 0.0710732 0.120904 -0.040595 0.00264843 0.0250202
internal_weight=12730 9132 3598 3398 2545 200 853 2711 2176 120 626 6421 2591 432
internal_count=12730 9132 3598 3398 2545 200 853 2711 2176 120 626 6421 2591 432
is_linear=0
shrinkage=0.05


Tree=9
num_leaves=15
num_cat=0
split_feature=3 45 60 14 58 13 60 57 50 36 36 31 11 32
split_gain=8425.16 1485.29 842.737 722.807 307.192 270.443 254.373 242.37 186.285 178.588 163.727 155.085 145.713 135.424
threshold=36.416666666666679 0.033333333333333416 1.5000000000000002 16.050000000000004 1247.5000000000002 13.450000000000001 1.5000000000000002 3.7500000000000004 2.2750000000000004 3.7333333333333338 1.6333333333333326 0.78500000000000025 0.29285714285714287 1.2305000000000004
decision_type=10 8 2 10 2 10 2 2 10 10 8 10 10 10
left_child=1 -1 3 4 9 -4 -3 8 13 -2 -8 12 -10 -5
right_child=2 6 5 7 -6 -7 10 -9 11 -11 -12 -13 -14 -15
leaf_value=-0.039074429131823282 0.023777697553718197 0.0012071533673688618 0.11535295849689381 0.078456245759895793 0.0032776391974093295 0.2353596714925181 0.12610851591792857 0.05413187610988434 0.25913777123883514 0.05983091551639267 0.011854473626663704 0.096508114680994392 0.13777033480635201 0.13729293859847214
leaf_weight=6286 432 2719 119 307 369 81 68 227 51 1744 59 64 55 149
leaf_count=6286 432 2719 119 307 369 81 68 227 51 1744 59 64 55 149
internal_value=2.38725e-05 -0.0255067 0.0648239 0.0589237 0.0455392 0.164546 0.00445341 0.0987782 0.114872 0.0526919 0.0734806 0.159922 0.197341 0.0978655
internal_weight=12730 9132 3598 3398 2545 200 2846 853 626 2176 127 170 106 456
internal_count=12730 9132 3598 3398 2545 200 2846 853 626 2176 127 170 106 456
is_linear=0
shrinkage=0.05


Tree=10
num_leaves=15
num_cat=0
split_feature=3 62 60 5 62 40 60 3 62 42 57 8 59 47
split_gain=7643.44 1301.59 649.388 536.049 399.559 377.524 303.13 284.032 217.786 390.628 206.026 198.201 179.824 146.403
threshold=13.16666666666667 372294.00000000006 1.5000000000000002 3.4142857142857146 4537392.0000000009 11.270000000000003 1.5000000000000002 60.166666666666679 397593.50000000006 5.8333333333333348 3.7500000000000004 0.47222222222222227 1127.5000000000002 2.4183333333333339
decision_type=10 2 2 8 2 10 2 10 2 8 2 10 2 10
left_child=3 6 4 -1 10 -4 7 -2 -5 -10 11 -3 -6 -8
right_child=1 2 5 8 12 -7 13 -9 9 -11 -12 -13 -14 -15
leaf_value=-0.039005818408924656 0.012733829037635619 0.06254754467000781 0.29329872167556087 -0.014562782158807139 0.2264756878485551 0.11029389217261254 0.04402617047820892 0.045926352188763397 -0.010384835718558675 0.1403636534876041 0.035910382259229594 0.10459810097139975 0.10563312821528491 0.14390647639198312
leaf_weight=5634 1870 862 53 1949 55 63 71 986 124 65 420 423 76 79
leaf_count=5634 1870 862 53 1949 55 63 71 986 124 65 420 423 76 79
internal_value=2.64119e-05 0.0485336 0.080328 -0.0309157 0.0730167 0.195023 0.0278691 0.0242079 -0.00958113 0.0415615 0.0664878 0.0764446 0.157227 0.0970992
internal_weight=12730 4958 1952 7772 1836 116 3006 2856 2138 189 1705 1285 131 150
internal_count=12730 4958 1952 7772 1836 116 3006 2856 2138 189 1705 1285 131 150
is_linear=0
shrinkage=0.05


Tree=11
num_leaves=15
num_cat=0
split_feature=3 39 62 60 62 40 62 3 57 40 41 41 4 32
split_gain=6911.68 1057.65 887.717 525.772 334.707 326.519 262.289 203.795 199.315 193.997 164.674 143.373 129.561 127.628
threshold=30.833333333333339 0.033333333333333638 372294.00000000006 1.5000000000000002 4537392.0000000009 11.270000000000003 166493.00000000003 82.833333333333357 3.7500000000000004 10.745000000000003 20.040000000000003 14.245000000000003 33.45000000000001 0.57950000000000002
decision_type=10 8 2 2 2 10 2 10 2 10 10 10 10 8
left_child=1 -1 7 4 8 -5 -3 11 10 -6 -4 -2 13 -8
right_child=2 6 3 5 9 -7 12 -9 -10 -11 -12 -13 -14 -15
leaf_value=-0.035351465052155362 0.021391556132759944 -0.0064968240501500438 0.070634372853491834 0.28126752106565062 0.22420663595746415 0.10755822899639607 0.025983137576826937 0.064871604282695824 0.036448311395937141 0.098370247748163012 0.12617155217562623 0.078585787279725872 -0.0085855354569548733 0.081797308907666982
leaf_weight=6303 1545 1904 1022 50 54 62 335 411 386 76 156 118 159 149
leaf_count=6303 1545 1904 1022 50 54 62 335 411 386 76 156 118 159 149
internal_value=2.83546e-05 -0.0243641 0.0556682 0.0813051 0.0743 0.186235 0.00281784 0.0333178 0.0678215 0.151491 0.0780607 0.0254873 0.0304221 0.0432839
internal_weight=12730 8850 3880 1806 1694 112 2547 2074 1564 130 1178 1663 643 484
internal_count=12730 8850 3880 1806 1694 112 2547 2074 1564 130 1178 1663 643 484
is_linear=0
shrinkage=0.05


Tree=12
num_leaves=15
num_cat=0
split_feature=3 62 45 47 62 40 62 45 62 32 41 3 46 59
split_gain=6260.33 1067.55 470.199 450.586 221.652 229.3 198.56 279.178 185.149 143.179 130.843 119.939 109.909 155.124
threshold=13.16666666666667 1094476.5000000002 3.916666666666667 0.32111111111111118 4537392.0000000009 10.745000000000003 397593.50000000006 1.2166666666666666 118751.50000000001 1.2521666666666669 24.685714285714287 82.833333333333357 2.5225000000000004 1157.5000000000002
decision_type=10 2 10 8 2 10 2 8 2 10 10 10 10 2
left_child=3 2 8 -1 9 -6 -5 -8 -2 -3 11 -4 13 -10
right_child=1 4 10 6 5 -7 7 -9 12 -11 -12 -13 -14 -15
leaf_value=-0.034912268228327735 0.0047628883361716971 0.071542811515652324 0.039671259565475153 -0.012233058009784454 0.22397609772236368 0.09329977595956071 -0.0013336484124998988 0.12929236780155481 0.073322793046071796 0.12703624301726704 0.12874602356942388 0.067566095161621875 0.017146985121278439 0.020384894110617183
leaf_weight=5834 1217 624 1034 1756 61 79 121 61 298 146 55 626 556 262
leaf_count=5834 1217 624 1034 1756 61 79 121 61 298 146 55 626 556 262
internal_value=3.00136e-05 0.0439297 0.0329121 -0.0279728 0.0928678 0.15101 -0.00706625 0.0425449 0.018279 0.082173 0.0527925 0.0502229 0.0329872 0.0486403
internal_weight=12730 4958 4048 7772 910 140 1938 182 2333 770 1715 1660 1116 560
internal_count=12730 4958 4048 7772 910 140 1938 182 2333 770 1715 1660 1116 560
is_linear=0
shrinkage=0.05


Tree=13
num_leaves=15
num_cat=0
split_feature=45 39 62 62 61 60 60 58 62 58 41 40 46 23
split_gain=5635.02 951.519 693.845 314.045 305.662 302.137 285.416 234.541 191.835 182.261 193.428 169.577 156.472 138.669
threshold=2.1416666666666671 0.16666666666666727 1342228.0000000002 60263.500000000007 107.50000000000001 1.5000000000000002 1.5000000000000002 1057.5000000000002 1342228.0000000002 1247.5000000000002 24.685714285714287 12.790000000000003 3.8500000000000005 0.11687500000000001
decision_type=10 8 2 2 2 2 2 2 2 2 10 10 10 10
left_child=1 -1 6 -3 7 8 9 -4 -5 10 13 -6 -8 -2
right_child=2 3 4 5 11 -7 12 -9 -10 -11 -12 -13 -14 -15
leaf_value=-0.030964891018413189 0.028948153689748103 -0.013455759167243009 0.14917821735143663 0.013304199562690173 0.21000535908786444 0.13239379341229182 0.04726138542249908 0.06211463451906029 0.1103074678541901 0.0060102802503201776 0.13662903079780461 0.1098732745867171 0.14833226583596018 0.053395374463576985
leaf_weight=6676 1274 1087 93 1128 74 60 68 479 53 405 53 108 92 1080
leaf_count=6676 1274 1087 93 1128 74 60 68 479 53 405 53 108 92 1080
internal_value=3.1161e-05 -0.0213666 0.0517421 0.00614856 0.0945975 0.0233388 0.0408471 0.0764317 0.0177234 0.0371235 0.0423459 0.151187 0.105814 0.040184
internal_weight=12730 9004 3726 2328 754 1241 2972 572 1181 2812 2407 182 160 2354
internal_count=12730 9004 3726 2328 754 1241 2972 572 1181 2812 2407 182 160 2354
is_linear=0
shrinkage=0.05


Tree=14
num_leaves=15
num_cat=0
split_feature=45 39 62 61 61 58 58 47 62 59 40 50 41 44
split_gain=5086.86 865.118 626.562 327.393 276.078 211.79 195.399 193.02 169.933 166.867 153.233 125.414 122.139 116.151
threshold=2.1416666666666671 0.033333333333333638 1342228.0000000002 57.500000000000007 107.50000000000001 1057.5000000000002 1247.5000000000002 3.4200000000000004 1240122.5000000002 1307.5000000000002 12.510000000000002 1.0500000000000003 15.930000000000001 31.050000000000004
decision_type=10 8 2 2 2 2 2 10 2 2 10 10 10 10
left_child=1 -1 6 -3 5 -4 7 -2 11 13 -6 -5 -12 -9
right_child=2 3 4 8 10 -7 -8 9 -10 -11 12 -13 -14 -15
leaf_value=-0.030426622565054563 0.026712425732708045 -0.009159681094407757 0.14175919246421581 0.056460849360473624 0.2002523024268702 0.059012141046857196 0.007257936632584637 0.060114049986296006 0.11250797561411788 0.13825856385350577 0.048021515721366523 0.011511199370972607 0.15533287363207859 0.028379519114844834
leaf_weight=6309 991 1772 93 203 73 479 423 1103 55 58 52 665 57 397
leaf_count=6309 991 1772 93 203 73 479 423 1103 55 58 52 665 57 397
internal_value=3.28686e-05 -0.0202974 0.0491644 0.00340721 0.0898902 0.0726215 0.0388104 0.0440342 0.0275524 0.055024 0.143678 0.0220789 0.10482 0.0517439
internal_weight=12730 9004 3726 2695 754 572 2972 2549 923 1558 182 868 109 1500
internal_count=12730 9004 3726 2695 754 572 2972 2549 923 1558 182 868 109 1500
is_linear=0
shrinkage=0.05


Tree=15
num_leaves=15
num_cat=0
split_feature=0 62 60 47 60 40 62 30 2 62 26 57 29 21
split_gain=4605.22 850.264 459.097 427.571 283.002 265.911 239.965 188.247 188.222 166.119 163.719 141.034 152.549 148.919
threshold=0.83333333333333337 372294.00000000006 1.5000000000000002 0.25277777777777782 1.5000000000000002 11.270000000000003 4537392.0000000009 0.75513333333333343 1.9500000000000002 1342228.0000000002 0.019000000000000006 3.7500000000000004 0.17633333333333337 0.24738333333333337
decision_type=10 2 2 8 2 10 2 10 10 2 10 2 10 10
left_child=3 4 6 -1 8 -4 11 -8 -2 -5 -6 12 -3 -14
right_child=1 2 5 9 10 -7 7 -9 -10 -11 -12 -13 13 -15
leaf_value=-0.030508176440273361 0.0045748495884215031 0.040827201282481594 0.24713126701953847 -0.0068900601007504669 0.048742361464563698 0.091254900136590003 0.19011388408849722 0.067974363298682908 0.030733138246087678 0.07778106819243491 0.16112539689987898 0.027372481939279769 0.11176997777291667 0.061687973317920523
leaf_weight=5735 1322 518 51 2149 89 62 59 71 1439 59 52 399 214 511
leaf_count=5735 1322 518 51 2149 89 62 59 71 1439 59 52 399 214 511
internal_value=3.41827e-05 0.0387722 0.0649217 -0.0233099 0.0217699 0.162605 0.0586343 0.124115 0.0182204 -0.00459914 0.0907882 0.0533986 0.0617185 0.0765721
internal_weight=12730 4787 1885 7943 2902 113 1772 130 2761 2208 141 1642 1243 725
internal_count=12730 4787 1885 7943 2902 113 1772 130 2761 2208 141 1642 1243 725
is_linear=0
shrinkage=0.05


Tree=16
num_leaves=15
num_cat=0
split_feature=3 3 60 62 62 61 13 58 61 60 58 3 57 37
split_gain=4277.42 729.966 534.015 376.451 233.708 229.991 207.729 186.34 166.629 186.927 142.378 146.012 140.461 139.498
threshold=36.416666666666679 3.4166666666666674 1.5000000000000002 1094476.5000000002 1342228.0000000002 83.500000000000014 13.450000000000001 1042.5000000000002 45.500000000000007 1.5000000000000002 1247.5000000000002 82.833333333333357 3.7500000000000004 2.2200000000000006
decision_type=10 8 2 2 2 2 10 2 2 2 2 10 2 8
left_child=1 -1 3 7 8 -5 -4 -2 -3 -10 11 -9 -7 -11
right_child=2 4 6 5 -6 12 -8 10 9 13 -12 -13 -14 -15
leaf_value=-0.027340337246445252 0.079559508785121635 -0.032071564690556498 0.082607867425331022 0.051976718995011065 0.10076733735228374 0.12761227533672795 0.18753373411489777 0.025119314970192048 0.0029671119085217992 0.12893951437302997 0.000518935530517188 0.055116254796978417 0.041077060461044312 0.013225876219640269
leaf_weight=6421 192 326 119 538 60 214 81 1434 2220 52 388 570 62 53
leaf_count=6421 192 326 119 538 60 214 81 1434 2220 52 388 570 62 53
internal_value=3.5663e-05 -0.018155 0.046208 0.0415106 0.00359227 0.0711843 0.125589 0.0321413 0.00136489 0.00606983 0.0283089 0.0336755 0.108373 0.0711081
internal_weight=12730 9132 3598 3398 2711 814 200 2584 2651 2325 2392 2004 276 105
internal_count=12730 9132 3598 3398 2711 814 200 2584 2651 2325 2392 2004 276 105
is_linear=0
shrinkage=0.05


Tree=17
num_leaves=15
num_cat=0
split_feature=3 47 14 58 25 8 30 48 58 44 44 3 51 3
split_gain=3861.17 680.024 426.734 232.64 153.975 139.791 232.507 212.175 128.684 132.005 276.008 115.723 100.301 128.056
threshold=36.416666666666679 0.3050000000000001 14.52777777777778 1247.5000000000002 0.20300000000000004 0.76388888888888895 1.031666666666667 2.4166666666666674 1042.5000000000002 21.535714285714288 13.225000000000001 4.166666666666667 0.58333333333333337 83.833333333333357
decision_type=10 8 10 2 10 10 10 10 2 10 10 10 10 10
left_child=1 -1 3 8 5 12 7 -7 9 10 -2 -3 -4 -14
right_child=2 11 4 -5 -6 6 -8 -9 -10 -11 -12 -13 13 -15
leaf_value=-0.027354020745160051 0.016195255955496785 -0.01028277502626712 0.11540719006294596 -0.0047275557044394725 0.14488466152253041 0.088986050368783001 0.022358887267112732 0.21927475350243705 0.034910676843237586 0.018640624036587131 0.16842142146154745 0.0089725964863488841 0.029604163781450223 0.070830021007402807
leaf_weight=5896 50 1311 66 358 65 83 62 52 1962 63 75 1925 371 391
leaf_count=5896 50 1311 66 358 65 83 62 52 1962 63 75 1925 371 391
internal_value=3.65058e-05 -0.0172463 0.0439049 0.0325233 0.0700432 0.0652045 0.103239 0.13998 0.0387373 0.0783414 0.108037 0.00116356 0.0560682 0.0508235
internal_weight=12730 9132 3598 2508 1090 1025 197 135 2150 188 125 3236 828 762
internal_count=12730 9132 3598 2508 1090 1025 197 135 2150 188 125 3236 828 762
is_linear=0
shrinkage=0.05


Tree=18
num_leaves=15
num_cat=0
split_feature=3 45 60 14 62 14 60 58 62 57 61 36 58 5
split_gain=3485.86 608.65 481.021 338.834 205.47 188.641 183.701 181.132 169.866 149.094 171.625 114.392 109.834 121.41
threshold=36.416666666666679 0.033333333333333416 1.5000000000000002 16.050000000000004 55636.500000000007 13.850000000000003 1.5000000000000002 1247.5000000000002 1342228.0000000002 3.7500000000000004 64.500000000000014 3.7333333333333338 1047.5000000000002 74.550000000000011
decision_type=10 8 2 10 2 10 2 2 2 2 2 10 2 10
left_child=1 -1 3 7 -3 -4 8 11 -6 10 -5 -2 -12 -14
right_child=2 4 5 9 6 -7 -8 -9 -10 -11 12 -13 13 -15
leaf_value=-0.025069542432884326 0.010458440727667313 -0.011327778885029553 0.084811183807601359 0.035753859907963391 0.0079891631360285483 0.19233520436687632 0.095001908456035664 -0.0042339041036413795 0.093002063559928572 0.029570344506384252 0.15994810475514526 0.039296437116083154 0.034343194836721373 0.10004071660327184
leaf_weight=6286 432 1351 141 181 1365 59 69 369 61 227 56 1744 95 294
leaf_count=6286 432 1351 141 181 1365 59 69 369 61 227 56 1744 95 294
internal_value=3.72266e-05 -0.0163841 0.0417192 0.0372611 0.00279184 0.117056 0.0155677 0.0280933 0.0116746 0.0645523 0.0771639 0.0335865 0.0938919 0.0841252
internal_weight=12730 9132 3598 3398 2846 200 1495 2545 1426 853 626 2176 445 389
internal_count=12730 9132 3598 3398 2846 200 1495 2545 1426 853 626 2176 445 389
is_linear=0
shrinkage=0.05


Tree=19
num_leaves=15
num_cat=0
split_feature=3 47 60 14 13 62 36 61 39 59 32 14 45 42
split_gain=3146.73 568.981 434.494 306.045 170.458 162.209 140.768 133.639 124.34 114.339 98.1132 93.1164 95.9649 104.59
threshold=36.416666666666679 0.40500000000000008 1.5000000000000002 16.050000000000004 13.450000000000001 166493.00000000003 5.3333333333333348 57.500000000000007 11.000000000000005 1063.7500000000002 0.76387500000000019 17.31666666666667 11.516666666666667 41.833333333333336
decision_type=10 8 2 10 10 2 10 2 8 2 10 10 10 10
left_child=1 -1 3 6 -4 -3 9 -5 -7 -2 -8 -9 13 -13
right_child=2 5 4 7 -6 8 10 11 -10 -11 -12 12 -14 -15
leaf_value=-0.024423826958379011 0.056612355536196417 -0.0053371327743984035 0.072298142173966573 0.018541577458381652 0.16735940407390246 0.012382593077363172 0.025333496469208228 0.12102134818380531 0.066194288759488629 0.00039808654384454581 0.049682436950682279 0.067144414056570109 0.10352579553720923 0.014073837616226889
leaf_weight=6072 105 2173 119 152 81 762 1141 82 125 641 658 370 123 126
leaf_count=6072 105 2173 119 152 81 762 1141 82 125 641 658 370 123 126
internal_value=3.78039e-05 -0.0155642 0.0396404 0.0354029 0.111244 0.0020091 0.0266891 0.0613411 0.0200272 0.00837639 0.0342646 0.070566 0.0637494 0.0537409
internal_weight=12730 9132 3598 3398 200 3060 2545 853 887 746 1799 701 619 496
internal_count=12730 9132 3598 3398 200 3060 2545 853 887 746 1799 701 619 496
is_linear=0
shrinkage=0.05


Tree=20
num_leaves=15
num_cat=0
split_feature=45 47 62 62 40 60 41 29 46 39 58 37 48 50
split_gain=2824.7 491.273 371.932 192.701 172.877 152.594 134.023 113.148 110.233 110.002 158.817 107.374 104.18 102.514
threshold=2.1416666666666671 0.38166666666666671 1342228.0000000002 116685.00000000001 5.5100000000000007 1.5000000000000002 24.685714285714287 0.10700000000000001 3.8500000000000005 0.16666666666666727 1066.2500000000002 2.4900000000000007 3.5000000000000004 1.9500000000000002
decision_type=10 8 2 2 10 2 10 10 10 8 2 10 10 10
left_child=1 -1 5 -3 -4 6 7 -2 -7 -5 11 -11 13 -6
right_child=2 3 4 9 12 8 -8 -9 -10 10 -12 -13 -14 -15
leaf_value=-0.023281784274405078 0.013847742366454389 -0.008488203933612026 0.15516146279384044 -0.0065069197006410902 0.071734021781999655 0.027141647753951545 0.099724742474634795 0.034182619780146334 0.1118311739269946 0.11821777174698896 0.017136419220281456 0.031999590641368696 0.12824276227743256 0.030725961864778873
leaf_weight=6045 1338 1823 53 330 391 68 60 1414 92 72 659 75 54 256
leaf_count=6045 1338 1823 53 330 391 68 60 1414 92 72 659 75 54 256
internal_value=3.83584e-05 -0.0151108 0.0366507 0.0015744 0.0680324 0.0286706 0.0259448 0.0243094 0.0761906 0.017741 0.0276977 0.074656 0.0613034 0.0555831
internal_weight=12730 9004 3726 2959 754 2972 2812 2752 160 1136 806 147 701 647
internal_count=12730 9004 3726 2959 754 2972 2812 2752 160 1136 806 147 701 647
is_linear=0
shrinkage=0.05


Tree=21
num_leaves=15
num_cat=0
split_feature=3 3 60 57 62 61 61 62 14 47 26 26 62 50
split_gain=2581.8 466.886 370.953 263.288 265.157 184.965 184.453 174.897 156.665 140.1 119.279 134.815 227.642 112.634
threshold=36.416666666666679 0.83333333333333337 1.5000000000000002 3.7500000000000004 1094476.5000000002 57.500000000000007 83.500000000000014 1240122.5000000002 13.850000000000003 4.5414285714285727 0.018150000000000003 0.03208550000000001 345221.50000000006 2.1214285714285719
decision_type=10 8 2 2 2 2 2 2 10 10 10 10 2 10
left_child=1 -1 3 4 10 -3 -6 -7 9 -4 13 12 -12 -2
right_child=2 5 8 -5 6 7 -8 -9 -10 -11 11 -13 -14 -15
leaf_value=-0.022166171863607677 0.02425781374902123 -0.0072358733567668802 0.11006374882729673 0.0088359591340842238 0.048713728854586968 0.013801531099555923 0.1064303683529506 0.10664848291149764 0.17065745518394129 0.0058447385730687534 0.039806719507469654 0.033409161075265432 0.14896834952379365 -0.040223941767010198
leaf_weight=6048 985 2006 90 904 404 1025 214 53 59 51 131 612 76 72
leaf_count=6048 985 2006 90 904 404 1025 214 53 59 51 131 612 76 72
internal_value=3.87998e-05 -0.0140933 0.035911 0.0319949 0.0403759 0.00173136 0.0688101 0.0184369 0.102074 0.072698 0.0309798 0.0453249 0.0802683 0.0198249
internal_weight=12730 9132 3598 3398 2494 3084 618 1078 200 141 1876 819 207 1057
internal_count=12730 9132 3598 3398 2494 3084 618 1078 200 141 1876 819 207 1057
is_linear=0
shrinkage=0.05


Tree=22
num_leaves=15
num_cat=0
split_feature=3 62 62 5 31 3 32 3 12 62 42 32 5 47
split_gain=2335.73 487.922 201.425 192.575 192.02 146.58 136.224 189.104 129.323 116.624 224.723 107.652 112.47 104.065
threshold=13.16666666666667 190688.00000000003 4537392.0000000009 3.0500000000000003 0.68993000000000015 82.833333333333357 1.2305000000000004 86.416666666666671 18.833333333333339 397593.50000000006 5.8333333333333348 1.7095000000000005 87.316666666666677 11.210000000000003
decision_type=10 2 2 8 10 10 10 10 10 2 8 10 10 10
left_child=3 8 5 -1 -4 -3 13 -8 -2 -5 -11 12 -9 -7
right_child=1 2 4 9 -6 6 7 11 -10 10 -12 -13 -14 -15
leaf_value=-0.022023669691006224 0.0063030402952132143 0.028502167644917684 0.17425935315925664 -0.0080936383968776438 0.052782996313912527 0.036529180272623862 0.16764416133113413 0.041964606039008978 0.057288194259646236 -0.0062803596961293444 0.10786041835792193 0.011759138065618235 0.13599848680255949 0.11002860375813076
leaf_weight=5564 2081 1624 53 2018 87 674 54 66 132 125 65 71 64 52
leaf_count=5564 2081 1624 53 2018 87 674 54 66 132 125 65 71 64 52
internal_value=3.91142e-05 0.0268547 0.0409392 -0.0170648 0.0994049 0.037769 0.053062 0.0845986 0.00936773 -0.00455528 0.0328172 0.0618031 0.0887935 0.0419001
internal_weight=12730 4958 2745 7772 140 2605 981 255 2213 2208 190 201 130 726
internal_count=12730 4958 2745 7772 140 2605 981 255 2213 2208 190 201 130 726
is_linear=0
shrinkage=0.05


Tree=23
num_leaves=15
num_cat=0
split_feature=0 60 62 5 57 62 44 41 62 23 41 26 41 28
split_gain=2107.36 467.041 349.93 196.917 156.83 207.795 137.645 367.506 134.05 129.308 108.565 145.681 179.77 116.661
threshold=0.83333333333333337 1.5000000000000002 322210.00000000006 3.4142857142857146 3.7500000000000004 4537392.0000000009 14.422222222222224 10.142222222222225 10932.500000000002 0.10201000000000003 14.775000000000002 0.035857142857142865 4.9633333333333338 0.24800000000000005
decision_type=10 2 2 8 2 2 10 10 2 10 10 10 10 10
left_child=3 2 -2 -1 5 9 -3 -8 -5 -4 11 12 -11 -14
right_child=1 6 4 8 -6 -7 7 -9 -10 10 -12 -13 13 -15
leaf_value=-0.020884013989127832 0.010685058163234621 0.043018450408695855 0.02255428776685613 -0.029798692672400019 0.013395826476953322 0.11614220524803172 0.21175919515258484 0.057208266522291412 0.0017380776693735574 0 0.091111897890384388 0.026716190830695846 0.1619317446743046 0.073267717761208259
leaf_weight=5574 2627 93 536 406 462 101 65 96 1963 59 162 407 55 124
leaf_count=5574 2627 93 536 406 462 101 65 96 1963 59 162 407 55 124
internal_value=3.97003e-05 0.0262452 0.0225346 -0.015751 0.0388464 0.0469645 0.0921927 0.120222 -0.0036613 0.0417021 0.054367 0.0450359 0.0761377 0.101025
internal_weight=12730 4787 4533 7943 1906 1444 254 161 2369 1343 807 645 238 179
internal_count=12730 4787 4533 7943 1906 1444 254 161 2369 1343 807 645 238 179
is_linear=0
shrinkage=0.05


Tree=24
num_leaves=15
num_cat=0
split_feature=3 3 61 29 3 61 4 37 40 29 54 40 36 10
split_gain=1931.27 345.84 263.013 195.345 212.416 173.565 141.564 139.263 225.223 121.953 134.967 110.122 100.195 93.6336
threshold=36.416666666666679 1.0000000180025095e-35 102.50000000000001 0.13811700000000002 82.833333333333357 47.500000000000007 90.100000000000009 20.090000000000007 13.010000000000003 0.25250000000000006 1.0000000180025095e-35 18.426666666666673 1.5666666666666667 0.55000000000000016
decision_type=10 8 2 10 10 2 10 10 10 10 10 10 10 10
left_child=1 -1 3 13 12 -3 9 -4 -9 -6 -11 -12 -5 -2
right_child=2 5 7 4 6 -7 -8 8 -10 10 11 -13 -14 -15
leaf_value=-0.019418063977283948 0.011976300826138375 -0.023296041498096682 0.021494908815711963 -0.033314018216398032 0.1228199226206354 0.0064138109411088703 0.0043273903301389765 0.18296878740787506 0.060412955216042286 0.029066447501565201 0.065643484851153344 0.1428303411336449 0.029406885284136298 0.067416742536592189
leaf_weight=5880 1513 603 66 67 95 2649 94 62 98 202 208 61 1052 80
leaf_count=5880 1513 603 66 67 95 2649 94 62 98 202 208 61 1052 80
internal_value=4.02263e-05 -0.0121822 0.0310659 0.0275464 0.0389418 0.00089446 0.0614609 0.083292 0.108481 0.0708932 0.0602475 0.0834721 0.0256159 0.0147965
internal_weight=12730 9132 3598 3372 1779 3252 660 226 160 566 471 269 1119 1593
internal_count=12730 9132 3598 3372 1779 3252 660 226 160 566 471 269 1119 1593
is_linear=0
shrinkage=0.05


Tree=25
num_leaves=15
num_cat=0
split_feature=45 47 61 32 58 62 60 60 37 40 4 61 21 62
split_gain=1741.45 302.783 266.639 222.475 179.655 164.086 178.174 143.476 121.662 207.824 98.7033 141.343 94.5854 86.2061
threshold=2.1416666666666671 0.40500000000000008 102.50000000000001 0.58450000000000013 1042.5000000000002 23511.000000000004 1.5000000000000002 1.5000000000000002 20.090000000000007 13.010000000000003 71.90000000000002 54.500000000000007 0.26361666666666672 397593.50000000006
decision_type=10 8 2 10 2 2 2 2 10 10 8 2 10 2
left_child=1 -1 3 -2 12 -3 10 -6 -4 -10 -7 -12 -5 -13
right_child=2 5 8 4 7 6 -8 -9 9 -11 11 13 -14 -15
leaf_value=-0.01819635461818226 0.013732073574904314 -0.019338379142366524 0.023070741153525233 0.14795068076678686 0.030557091949704553 0.0007991216685320359 0.07007648623232389 0.10438837223022962 0.17349643140803769 0.057407641546980387 -0.026940855885045134 0.030640735428151773 0.059333448583079922 0.10182900814546479
leaf_weight=6090 1896 718 66 52 1403 1829 110 69 65 98 69 121 77 67
leaf_count=6090 1896 718 66 52 1403 1829 110 69 65 98 69 121 77 67
internal_value=4.03137e-05 -0.0118541 0.028788 0.0253468 0.0390775 0.00139294 0.00818546 0.0340692 0.0810583 0.104243 0.0048938 0.0338793 0.0956815 0.0563465
internal_weight=12730 9004 3726 3497 1601 2914 2196 1472 229 163 2086 257 129 188
internal_count=12730 9004 3726 3497 1601 2914 2196 1472 229 163 2086 257 129 188
is_linear=0
shrinkage=0.05


Tree=26
num_leaves=15
num_cat=0
split_feature=3 3 60 57 5 58 61 23 61 60 14 47 41 42
split_gain=1584.81 287.379 284.119 215.509 199.179 199.198 181.408 153.231 150.183 171.253 130.079 123.665 103.856 92.2596
threshold=36.416666666666679 1.0000000180025095e-35 1.5000000000000002 3.7500000000000004 79.83750000000002 1042.5000000000002 84.500000000000014 0.16121428571428573 47.500000000000007 1.5000000000000002 13.850000000000003 4.5414285714285727 3.4350000000000009 18.500000000000004
decision_type=10 8 2 2 10 2 2 10 2 2 10 10 10 10
left_child=1 -1 3 4 5 7 -6 13 -3 -10 11 -4 -11 -2
right_child=2 8 10 -5 6 -7 -8 -9 9 12 -12 -13 -14 -15
leaf_value=-0.017627270557426616 -0.02042409507603855 -0.02161303322959781 0.094404900641031353 0.0037696636978533241 0.042011688582102462 0.017465510758521732 0.1056425705710064 0.1163679739567622 0.0033351785023954788 0.022344818174839021 0.14849406411292174 -0.0024588375126273886 0.1197734367434341 0.072767956447493926
leaf_weight=5880 50 603 90 904 562 1591 141 95 2537 62 59 51 50 55
leaf_count=5880 50 603 90 904 562 1591 141 95 2537 62 59 51 50 55
internal_value=4.05539e-05 -0.0110312 0.0281461 0.0247187 0.0322997 0.0234115 0.0548756 0.0704257 0.000888443 0.00602307 0.0860469 0.0593075 0.066401 0.0282673
internal_weight=12730 9132 3598 3398 2494 1791 703 200 3252 2649 200 141 112 105
internal_count=12730 9132 3598 3398 2494 1791 703 200 3252 2649 200 141 112 105
is_linear=0
shrinkage=0.05


Tree=27
num_leaves=15
num_cat=0
split_feature=3 47 57 8 48 3 3 48 45 58 26 24 28 61
split_gain=1430.69 262.553 227.474 203.595 182.044 132.754 113.585 139.426 103.705 96.9661 102.192 102.146 112.201 95.449
threshold=36.416666666666679 0.3050000000000001 3.7500000000000004 0.76388888888888895 2.4166666666666674 82.833333333333357 84.833333333333357 1.5833333333333337 3.3166666666666669 1042.5000000000002 0.017021000000000005 0.12500000000000003 0.38225000000000003 46.500000000000007
decision_type=10 8 2 10 10 10 10 10 10 2 10 10 10 2
left_child=1 -1 3 5 -5 9 7 -7 -4 10 -2 -11 -13 -3
right_child=2 13 8 4 -6 6 -8 -9 -10 11 -12 12 -14 -15
leaf_value=-0.01675976005527632 0.020057292485875747 -0.022914378401272216 -0.023022156480160594 0.045390620031369427 0.1569437899058912 0.1401382237000573 0.038963138530062905 0.031998288895176578 0.015212304231553841 0.013777438558392287 0.098813765315535651 0.11515688204458581 0.016840469710124557 0.0040514485719900456
leaf_weight=5896 87 370 237 94 61 66 784 56 697 1318 80 54 64 2866
leaf_count=5896 87 370 237 94 61 66 784 56 697 1318 80 54 64 2866
internal_value=4.0459e-05 -0.0104791 0.0267446 0.0341893 0.0898164 0.0307256 0.0460493 0.0910375 0.00547653 0.0220376 0.0581165 0.0178056 0.0623397 0.000957423
internal_weight=12730 9132 3598 2664 155 2509 906 122 934 1603 167 1436 118 3236
internal_count=12730 9132 3598 2664 155 2509 906 122 934 1603 167 1436 118 3236
is_linear=0
shrinkage=0.05


Tree=28
num_leaves=15
num_cat=0
split_feature=45 39 61 32 3 5 62 57 58 62 24 4 4 31
split_gain=1297.59 227.773 209.553 182.48 177.135 247.498 157.951 141.141 136.846 95.8971 90.7974 90.5021 205.874 187.148
threshold=2.1416666666666671 0.16666666666666727 107.50000000000001 0.58450000000000013 83.166666666666671 86.050000000000011 22140.500000000004 3.7500000000000004 1042.5000000000002 1240122.5000000002 0.029999999999999999 83.26666666666668 86.450000000000017 1.2190000000000003
decision_type=10 8 2 10 10 10 2 2 2 2 10 10 10 10
left_child=1 -1 3 -2 -4 -6 -3 9 10 -8 -5 -10 13 -13
right_child=2 6 4 8 5 -7 7 -9 11 -11 -12 12 -14 -15
leaf_value=-0.014923046770327615 0.011512885153362429 -0.01814944784011251 0.14507185689559796 0.039162451124191283 -0.045115960468944998 0.090250630149474514 0.016665064607971774 -0.013470389170227626 0.022039162534319826 0.085231870106447533 0.12419854062574882 0.03634479364177378 0.028978654271186982 0.16878841833657576
leaf_weight=6676 1916 629 61 62 51 97 1214 432 1044 53 67 50 319 59
leaf_count=6676 1916 629 61 62 51 97 1214 432 1044 53 67 50 319 59
internal_value=4.04677e-05 -0.0102266 0.0248558 0.0219481 0.0734983 0.0434408 0.0032311 0.0111643 0.0344133 0.0195855 0.0838305 0.0300386 0.0494446 0.108706
internal_weight=12730 9004 3726 3517 209 148 2328 1699 1601 1267 129 1472 428 109
internal_count=12730 9004 3726 3517 209 148 2328 1699 1601 1267 129 1472 428 109
is_linear=0
shrinkage=0.05


Tree=29
num_leaves=15
num_cat=0
split_feature=2 60 3 45 62 41 25 57 62 51 45 62 1 2
split_gain=1184.4 290.426 216.498 158.539 133.185 121.676 113.565 89.107 83.3646 74.4379 96.6339 153.381 203.15 166.286
threshold=1.8166666666666669 1.5000000000000002 3.4166666666666674 3.9416666666666673 10534.500000000002 10.142222222222225 0.20300000000000004 3.7500000000000004 768666.50000000012 0.58333333333333337 6.4666666666666677 705665.50000000012 3.5500000000000003 4.8819444444444455
decision_type=10 2 8 10 2 10 10 2 2 10 10 2 10 10
left_child=2 3 -1 -2 -4 -3 9 8 -6 -5 11 -11 -13 -14
right_child=1 5 4 6 7 -7 -8 -9 -10 10 -12 12 13 -15
leaf_value=-0.014874023431629824 0.0073849674139575203 0.12386151992927784 -0.023097357777526386 0.05901481351918645 0.010495697351981149 0.044964152924331702 0.089504740313188932 -0.010054376124746148 0.072892863417530915 0.022206793167932976 0.012848094639788688 0.13340394795855132 -0.0060867743575992303 0.087168416641449031
leaf_weight=6269 1401 94 444 166 1665 106 75 584 55 640 960 81 99 91
leaf_count=6269 1401 94 444 166 1665 106 75 584 55 640 960 81 99 91
internal_value=4.03625e-05 0.0238074 -0.0097444 0.0204541 0.00194927 0.082387 0.0291078 0.00679078 0.0125261 0.0268504 0.0239683 0.0356458 0.0671923 0.0385579
internal_weight=12730 3713 9017 3513 2748 200 2112 2304 1720 2037 1871 911 271 190
internal_count=12730 3713 9017 3513 2748 200 2112 2304 1720 2037 1871 911 271 190
is_linear=0
shrinkage=0.05


Tree=30
num_leaves=15
num_cat=0
split_feature=3 60 5 57 5 58 61 23 62 60 13 37 25 27
split_gain=1066.71 233.523 199.939 167.009 154.163 160.689 147.903 124.872 118.393 115.02 114.228 105.077 102.034 161.588
threshold=36.416666666666679 1.5000000000000002 11.828571428571431 3.7500000000000004 79.83750000000002 1042.5000000000002 84.500000000000014 0.16121428571428573 9654.0000000000018 1.5000000000000002 13.450000000000001 1.8733333333333335 0.07788100000000002 0.27833333333333343
decision_type=10 2 8 2 10 2 2 10 2 2 10 10 10 10
left_child=2 3 -1 4 5 7 -6 -2 -4 -10 -3 -11 -7 -14
right_child=1 10 8 -5 6 12 -8 -9 9 11 -12 -13 13 -15
leaf_value=-0.013604500180482055 0.02300125200089544 0.043789290833173934 -0.026823668178565824 0.0015488210718022355 0.034910114939966139 0.0079398680022428874 0.09236092502415813 0.10253574200637679 0.0042895575889112776 0.10435136591735404 0.12144354297522386 0.006226236516729408 0.11721974570567893 0.021077269997055594
leaf_weight=6617 105 119 294 904 562 1336 141 95 2111 56 81 54 56 199
leaf_count=6617 105 119 294 904 562 1336 141 95 2111 56 81 54 56 199
internal_value=4.01305e-05 0.0230987 -0.00904295 0.0199912 0.0266644 0.0188436 0.046526 0.0610663 0.00294892 0.00690641 0.0755884 0.0566532 0.0135026 0.0424768
internal_weight=12730 3598 9132 3398 2494 1791 703 200 2515 2221 200 110 1591 255
internal_count=12730 3598 9132 3398 2494 1791 703 200 2515 2221 200 110 1591 255
is_linear=0
shrinkage=0.05


Tree=31
num_leaves=15
num_cat=0
split_feature=2 60 61 62 50 45 61 26 26 0 36 10 12 42
split_gain=973.876 238.618 203.487 155.052 205.263 135.551 121.555 197.693 90.1869 79.8707 117.936 114.728 134.418 126.516
threshold=1.8166666666666669 1.5000000000000002 55.500000000000007 372294.00000000006 2.0500000000000003 3.9416666666666673 70.500000000000014 0.016988000000000007 0.17225000000000004 7.5833333333333348 22.566666666666674 1.0000000180025095e-35 7.416666666666667 18.500000000000004
decision_type=10 2 2 2 8 10 2 10 10 10 10 10 8 10
left_child=2 5 -1 -4 -5 -2 7 -3 9 10 11 -7 -13 -14
right_child=1 6 3 4 -6 8 -8 -9 -10 -11 -12 12 13 -15
leaf_value=-0.013026657031865483 0.0064657505546614081 -0.0096868150295882395 2.1235695697179135e-05 0.011873536796269873 0.11617863114624127 0.048391137628451639 0.12670064125595423 0.11491467918442413 0.077972618415951739 0.05158432214123946 0.0056026497766315901 -0.034114464498273864 0.094392161204562924 0.016485776686029473
leaf_weight=6874 1401 72 1921 154 68 517 72 56 82 240 749 109 61 354
leaf_count=6874 1401 72 1921 154 68 517 72 56 82 240 749 109 61 354
internal_value=4.0363e-05 0.0215921 -0.00883208 0.00461092 0.0441245 0.0185516 0.0746942 0.0448668 0.0265534 0.0244454 0.0207793 0.031667 0.0150883 0.0280971
internal_weight=12730 3713 9017 2143 222 3513 200 128 2112 2030 1790 1041 524 415
internal_count=12730 3713 9017 2143 222 3513 200 128 2112 2030 1790 1041 524 415
is_linear=0
shrinkage=0.05


Tree=32
num_leaves=15
num_cat=0
split_feature=0 62 25 61 30 39 61 62 24 29 14 22 52 38
split_gain=892.356 231.548 129.556 113.114 142.587 192.706 110.585 104.37 101.481 100.795 121.878 160.141 111.833 103.592
threshold=0.83333333333333337 190688.00000000003 0.20300000000000004 115.50000000000001 0.75513333333333343 13.483333333333333 55.500000000000007 993774.50000000012 0.16166666666666671 0.18542 8.8166666666666682 0.21754999999999999 1.5500000000000003 13.850000000000001
decision_type=10 2 10 2 10 10 2 2 10 10 10 10 10 10
left_child=6 -2 3 8 5 -5 -1 -8 9 -3 11 -11 -13 -12
right_child=1 2 -4 4 -6 -7 7 -9 -10 10 13 12 -14 -15
leaf_value=-0.013340738091412173 0.0048372450229187706 0.014079354570955322 0.091250423882521844 0.16160731624002045 0.0031260888850273092 0.031454740974128752 -0.0016046796974820421 0.059683075459866688 -0.022674278469140562 0.13898389454385857 -0.0095050340628281965 -0.011480236112807705 0.089667085792337148 0.035361872373317081
leaf_weight=6219 2138 1152 76 57 64 58 1652 72 119 61 152 56 52 802
leaf_count=6219 2138 1152 76 57 64 58 1652 72 119 61 152 56 52 802
internal_value=4.03357e-05 0.0170937 0.0269736 0.0250479 0.0634215 0.0966019 -0.0102345 0.000956967 0.0221556 0.024516 0.0351889 0.074374 0.0371787 0.0281858
internal_weight=12730 4787 2649 2573 179 115 7943 1724 2394 2275 1123 169 108 954
internal_count=12730 4787 2649 2573 179 115 7943 1724 2394 2275 1123 169 108 954
is_linear=0
shrinkage=0.05


Tree=33
num_leaves=15
num_cat=0
split_feature=45 3 62 57 25 17 29 8 50 32 11 21 14 62
split_gain=809.907 247.277 118.061 119.72 104.729 96.8213 114.97 109.566 128.446 148.018 107.148 129.055 117.36 97.8284
threshold=3.916666666666667 1.0000000180025095e-35 37092.500000000007 3.7500000000000004 0.20300000000000004 0.23611111111111113 0.60250000000000015 0.76388888888888895 1.8660714285714288 1.2305000000000004 0.21111111111111114 0.45833333333333343 16.211111111111112 97589.000000000015
decision_type=10 8 2 2 10 10 10 10 10 10 10 10 10 2
left_child=1 -1 -3 -4 5 6 13 8 9 10 11 12 -7 -2
right_child=4 2 3 -5 -6 7 -8 -9 -10 -11 -12 -13 -14 -15
leaf_value=-0.012867326376711508 -0.0083871840390496531 -0.0085626172273195935 0.014649257713825692 -0.0089613838520672135 0.080823834396586455 0.045524186595718198 -0.038902037232620285 0.080274029999126806 0.0011953935123525574 0.11071105163309958 -0.010329100568585683 -0.015759930215830352 0.12844124514432181 0.025639794306788699
leaf_weight=5880 259 1491 2157 713 83 249 90 123 270 71 108 68 52 1116
leaf_count=5880 259 1491 2157 713 83 249 90 123 270 71 108 68 52 1116
internal_value=3.98339e-05 -0.00617591 0.00284092 0.00877437 0.0256207 0.0236896 0.0156122 0.0362233 0.029524 0.0434221 0.0332486 0.0460674 0.0601209 0.0192115
internal_weight=12730 10241 4361 2870 2489 2406 1465 941 818 548 477 369 301 1375
internal_count=12730 10241 4361 2870 2489 2406 1465 941 818 548 477 369 301 1375
is_linear=0
shrinkage=0.05


Tree=34
num_leaves=15
num_cat=0
split_feature=12 60 29 44 40 58 21 47 3 50 17 4 26 26
split_gain=735.522 255.51 147.225 130.532 195.781 126.173 112.243 111.889 105.739 113.93 155.866 127.999 123.859 94.2434
threshold=2.1666666666666674 1.5000000000000002 0.14414285714285716 17.354166666666668 13.140000000000001 1042.5000000000002 0.28026666666666672 0.40500000000000008 82.416666666666671 1.788888888888889 0.2678571428571429 88.300000000000026 0.036092000000000006 0.059000000000000011
decision_type=10 2 10 10 10 2 10 8 10 10 10 10 10 10
left_child=7 2 -2 -3 -5 6 -4 -1 -7 10 11 -10 -11 -12
right_child=1 3 5 4 -6 8 -8 -9 9 12 13 -13 -14 -15
leaf_value=-0.012204406686852354 0.0054245002499926339 0.02294052434568318 0.11650045532871177 0.15681387055836216 0.034954291344510294 0.010815829256427864 0.029601448653750341 0.00043486015243747266 0.05904075065911827 0.079612792051822243 0.046423209943902602 -0.016112722444241164 -0.0074318545291072319 0.13398423564590276
leaf_weight=5983 2238 95 67 71 63 1041 86 2470 147 51 54 91 196 77
leaf_count=5983 2238 95 67 71 63 1041 86 2470 147 51 54 91 196 77
internal_value=3.85954e-05 0.0169356 0.0140162 0.0682902 0.10005 0.0246212 0.0680737 -0.0085084 0.0205746 0.0370036 0.0545955 0.0302272 0.0105644 0.0983942
internal_weight=12730 4277 4048 229 134 1810 153 8453 1657 616 369 238 247 131
internal_count=12730 4277 4048 229 134 1810 153 8453 1657 616 369 238 247 131
is_linear=0
shrinkage=0.05


Tree=35
num_leaves=15
num_cat=0
split_feature=45 39 60 60 37 61 57 40 58 46 61 61 50 44
split_gain=673.605 200.206 170.089 126.826 215.762 124.867 110.428 109.106 105.14 142.547 161.244 115.694 91.9516 84.2489
threshold=3.916666666666667 0.16666666666666727 1.5000000000000002 1.5000000000000002 1.9200000000000004 51.500000000000007 3.7500000000000004 10.330000000000004 1052.5000000000002 4.5500000000000016 61.500000000000007 98.500000000000014 0.61250000000000016 6.7750000000000012
decision_type=10 8 2 2 8 2 2 10 2 10 2 2 8 10
left_child=1 -1 8 5 -5 -3 12 -4 9 -2 -11 -10 -7 -14
right_child=2 3 7 4 -6 6 -8 -9 11 10 -12 -13 13 -15
leaf_value=-0.010717165741594469 0.11286373398357766 -0.01335624835314881 0.13147744311539977 0.12597332732933283 0.0061965384500255755 0.064013385604330383 -0.010152256521608852 0.040961832381090371 0.012420589062273652 -0.024722590449957824 0.062856491165737383 0.054084347466473809 0.027354412604690178 0.0037250094774512101
leaf_weight=6696 66 964 55 56 114 88 624 88 1877 85 135 183 568 1131
leaf_count=6696 66 964 55 56 114 88 624 88 1877 85 135 183 568 1131
internal_value=3.87489e-05 -0.00562971 0.0233681 0.00397287 0.0460528 0.00183938 0.00792699 0.0762866 0.0201163 0.048547 0.0289264 0.0161461 0.0142551 0.0116451
internal_weight=12730 10241 2489 3545 170 3375 2411 143 2346 286 220 2060 1787 1699
internal_count=12730 10241 2489 3545 170 3375 2411 143 2346 286 220 2060 1787 1699
is_linear=0
shrinkage=0.05


Tree=36
num_leaves=15
num_cat=0
split_feature=2 60 61 41 21 21 5 59 26 25 61 50 45 44
split_gain=613.035 172.889 144.376 113.621 104.039 103.74 102.422 94.0962 128.497 100.377 286.637 142.284 88.234 101.199
threshold=1.8166666666666669 1.5000000000000002 55.500000000000007 10.142222222222225 0.056666666666666719 0.086200000000000013 71.316666666666677 1198.7500000000002 0.14050000000000004 0.028148000000000006 61.500000000000007 1.788888888888889 0.033333333333333416 7.9500000000000011
decision_type=10 2 2 10 10 10 10 2 10 10 2 10 8 10
left_child=2 4 -1 -3 -2 -6 -7 8 9 10 -8 -11 -4 -14
right_child=1 3 12 -5 5 6 7 -9 -10 11 -12 -13 13 -15
leaf_value=-0.01053388161871798 0.0052356816972182561 0.10232183739306436 -0.0066083888731547115 0.026336543749090932 0.067915494394594739 0.0085779985353407803 0.015198718588476238 0.010430895044800624 0.11465914107027873 0.046687465352784424 0.16393238771529425 -0.024288038283586503 0.028265635459000207 -0.0013178010600218707
leaf_weight=6874 1622 94 990 106 118 977 86 298 60 188 52 112 587 566
leaf_count=6874 1622 94 990 106 118 977 86 298 60 188 52 112 587 566
internal_value=3.85452e-05 0.017138 -0.00700042 0.0623404 0.0145489 0.0225206 0.0194671 0.032787 0.0460907 0.0365207 0.0718133 0.0201104 0.00432186 0.0137274
internal_weight=12730 3713 9017 200 3513 1891 1773 796 498 438 138 300 2143 1153
internal_count=12730 3713 9017 200 3513 1891 1773 796 498 438 138 300 2143 1153
is_linear=0
shrinkage=0.05


Tree=37
num_leaves=15
num_cat=0
split_feature=62 61 25 12 60 5 40 58 57 62 59 28 23 41
split_gain=581.879 187.66 143.471 134.37 119.834 113.27 258.8 107.477 77.8169 100.051 88.9974 131.73 118.489 78.564
threshold=150843.50000000003 46.500000000000007 0.20300000000000004 0.58333333333333337 1.5000000000000002 41.535714285714292 10.330000000000004 1088.7500000000002 3.7500000000000004 4537392.0000000009 1295.0000000000002 0.65700000000000014 0.52350000000000019 20.040000000000003
decision_type=2 2 8 10 2 10 10 2 2 2 2 10 10 10
left_child=3 -2 4 -1 8 -6 -7 -4 9 10 11 12 13 -3
right_child=1 2 7 -5 5 6 -8 -9 -10 -11 -12 -13 -14 -15
leaf_value=-0.011277915671628044 -0.011101279898913444 0.01372597503089437 0.12703175946037368 0.0021676103072132049 -0.0062588379922367283 0.15441761007752475 0.01751822194985805 0.038340318121843874 0.0017955607832021642 0.070099730357296108 0.07000687596850895 -0.039813029795736816 0.085034698230847153 0.052499692476364414
leaf_weight=6078 553 1818 50 2672 52 63 77 112 774 96 79 100 65 141
leaf_count=6078 553 1818 50 2672 52 63 77 112 774 96 79 100 65 141
internal_value=3.82812e-05 0.0158893 0.0202529 -0.00716929 0.0179569 0.0562836 0.0796312 0.0661747 0.0155454 0.0201623 0.0179594 0.0159957 0.0187746 0.0165422
internal_weight=12730 3980 3427 8750 3265 192 140 162 3073 2299 2203 2124 2024 1959
internal_count=12730 3980 3427 8750 3265 192 140 162 3073 2299 2203 2124 2024 1959
is_linear=0
shrinkage=0.05


Tree=38
num_leaves=15
num_cat=0
split_feature=62 61 57 5 58 50 32 31 50 23 37 38 13 62
split_gain=525.403 169.462 120.559 146.074 155.213 111.324 110.636 122.062 114.871 111.215 119.375 110.14 108.29 94.738
threshold=150843.50000000003 46.500000000000007 3.7500000000000004 79.83750000000002 1163.7500000000002 0.95000000000000007 0.55757142857142872 0.86900000000000022 2.2750000000000004 0.26819500000000007 11.32666666666667 15.210000000000003 0.22500000000000003 768666.50000000012
decision_type=2 2 2 8 2 10 10 10 10 8 10 10 10 2
left_child=12 -2 3 5 -5 -3 11 8 -8 10 -9 13 -1 -7
right_child=1 2 -4 4 -6 6 7 9 -10 -11 -12 -13 -14 -15
leaf_value=-0.010987588621978225 -0.010546717444786427 0.051308517698154102 0.002622672628156038 0.034497265909349026 0.10360679111000211 0.0047263678969024017 0.033223786710516401 0 0.10379289360296343 -0.01094498962105251 0.096570645842125755 -0.027252284768554902 0.00058911286634922308 0.0615596156366571
leaf_weight=5595 553 209 830 659 93 615 237 67 77 249 61 247 3155 83
leaf_count=5595 553 209 830 659 93 615 237 67 77 249 61 247 3155 83
internal_value=3.80641e-05 0.0151003 0.0192471 0.0245491 0.0431404 0.0169482 0.0125291 0.0277288 0.0507459 0.00845001 0.0462697 0.00137955 -0.00681071 0.0115595
internal_weight=12730 3980 3427 2597 752 1845 1636 691 314 377 128 945 8750 698
internal_count=12730 3980 3427 2597 752 1845 1636 691 314 377 128 945 8750 698
is_linear=0
shrinkage=0.05


Tree=39
num_leaves=15
num_cat=0
split_feature=36 62 61 61 23 28 36 3 3 50 14 46 3 3
split_gain=486.355 153.967 131.064 99.4771 98.6071 202.499 170.006 126.68 125.048 95.2184 140.26 91.5916 123.924 90.9141
threshold=11.566666666666663 39778.000000000007 51.500000000000007 102.50000000000001 0.11687500000000001 0.29225000000000007 16.083333333333339 82.833333333333357 84.833333333333357 0.89444444444444449 3.3875000000000006 2.5225000000000004 45.833333333333336 83.166666666666671
decision_type=10 2 2 2 10 10 10 10 10 10 8 10 8 10
left_child=1 -1 -3 4 -2 6 -6 -7 -9 10 -4 12 -11 -5
right_child=3 2 9 13 5 7 -8 8 -10 11 -12 -13 -14 -15
leaf_value=-0.010191593565673849 0.0051340834411959255 -0.0086749684120087153 -0.010304147593769027 0.10891197691030732 0.018179099524133307 -0.0026683562337416313 0.091738126168991657 0.095938689995856197 0.022477979777591469 0.0063193119094094863 0.055831042754741059 -0.007828559946439927 0.04468972643413166 0.032661670443080999
leaf_weight=5777 1022 1706 121 54 139 509 184 68 393 1280 233 845 252 147
leaf_count=5777 1022 1706 121 54 139 509 184 68 393 1280 233 845 252 147
internal_value=3.75274e-05 -0.00481122 0.00218879 0.0197286 0.0167755 0.0259521 0.060237 0.0144847 0.0334602 0.00898465 0.0331723 0.00536571 0.0126597 0.0534903
internal_weight=12730 10214 4437 2516 2315 1293 323 970 461 2731 354 2377 1532 201
internal_count=12730 10214 4437 2516 2315 1293 323 970 461 2731 354 2377 1532 201
is_linear=0
shrinkage=0.05


Tree=40
num_leaves=15
num_cat=0
split_feature=45 62 60 58 46 4 36 0 27 27 59 40 51 13
split_gain=440.12 134.65 131.38 89.6893 135.41 100.901 86.4414 93.2461 85.9683 135.775 122.295 85.1037 68.2171 98.9408
threshold=3.916666666666667 39778.000000000007 1.5000000000000002 1052.5000000000002 4.5500000000000016 69.100000000000009 18.300000000000008 5.8333333333333348 0.13418000000000005 0.1433333333333334 1052.5000000000002 10.330000000000004 0.58333333333333337 10.633333333333335
decision_type=10 2 2 2 10 10 10 10 8 8 2 10 10 10
left_child=1 -1 3 4 -2 -6 -7 -8 -3 -10 -11 -4 13 -5
right_child=2 8 11 12 5 6 7 -9 9 10 -12 -13 -14 -15
leaf_value=-0.0095290527896220983 0.10494301915168763 -0.0012138165982791532 0.11415183450858873 -0.012614417633163594 -0.036429415169720335 -0.012225949528193711 0.10837764248736506 0.018374335924081043 0.093198017622216037 0.075998734447516897 0.0048423465377736459 0.034180204751296232 0.0096611608074306347 0.069776395082473755
leaf_weight=5833 66 3617 55 53 53 50 61 56 54 66 671 88 1895 112
leaf_count=5833 66 3617 55 53 53 50 61 56 54 66 671 88 1895 112
internal_value=3.69123e-05 -0.00454463 0.0188949 0.016036 0.0422887 0.0231836 0.0423043 0.0657734 0.00204579 0.0169739 0.0112957 0.0654033 0.0123697 0.0432023
internal_weight=12730 10241 2489 2346 286 220 167 117 4408 791 737 143 2060 165
internal_count=12730 10241 2489 2346 286 220 167 117 4408 791 737 143 2060 165
is_linear=0
shrinkage=0.05


Tree=41
num_leaves=15
num_cat=0
split_feature=62 60 5 39 12 27 28 62 37 5 6 29 45 30
split_gain=402.647 130.648 191.475 178.573 118.979 117.225 91.9286 166.678 138.076 87.1479 95.7497 116.715 91.2392 124.665
threshold=190688.00000000003 1.5000000000000002 41.535714285714292 8.5333333333333368 0.58333333333333337 0.09666666666666672 0.2990000000000001 1342228.0000000002 16.820000000000004 82.316666666666677 1.0000000180025095e-35 0.67912250000000018 8.6166666666666689 1.2777000000000001
decision_type=2 2 10 10 10 8 10 2 10 10 10 10 10 10
left_child=4 5 -3 -4 -1 -2 7 8 -7 -8 -11 12 13 -12
right_child=1 2 3 -5 -6 6 9 -9 -10 10 11 -13 -14 -15
leaf_value=-0.0093590937643293626 0.0028825714738718511 -0.016078055434756808 0.16060859921198448 0.042704368703192178 0.0027315075299179652 0.015817088452231919 0.0031996120679796793 0.10760956422382634 0.091904774884171536 -0.021318588566780091 0.15615237314724228 0.00045692152575234688 0.025750616958716534 0.047363248130549561
leaf_weight=6235 1685 67 51 89 3016 399 712 75 70 62 51 90 71 57
leaf_count=6235 1685 67 51 89 3016 399 712 75 70 62 51 90 71 57
internal_value=3.65622e-05 0.0145379 0.0530512 0.0862518 -0.00541469 0.012086 0.021838 0.0385174 0.0273125 0.0131002 0.0342846 0.0472087 0.0705092 0.0994492
internal_weight=12730 3479 207 140 9251 3272 1587 544 469 1043 331 269 179 108
internal_count=12730 3479 207 140 9251 3272 1587 544 469 1043 331 269 179 108
is_linear=0
shrinkage=0.05


Tree=42
num_leaves=15
num_cat=0
split_feature=36 62 61 56 23 28 36 3 3 59 61 28 53 61
split_gain=368.275 116.82 87.6774 89.6615 82.973 177.652 145.412 108.529 113.673 86.678 84.952 85.9672 100.688 80.7908
threshold=11.566666666666663 150843.50000000003 102.50000000000001 0.47222222222222227 0.11687500000000001 0.29225000000000007 16.083333333333339 82.833333333333357 84.833333333333357 1162.5000000000002 57.500000000000007 0.56500000000000017 1.6833333333333336 51.500000000000007
decision_type=10 2 2 10 10 10 10 10 10 2 2 10 10 2
left_child=1 -1 4 -4 -2 6 -6 -7 -9 -8 -10 12 -12 -3
right_child=2 13 3 -5 5 7 9 8 10 -11 11 -13 -14 -15
leaf_value=-0.0068869399327971259 0.0037197899517391452 -0.0088787115869294608 0.028720956412844834 0.10528625679158031 0.016018916569703581 -0.0037989433595254449 0.11669272685662294 0.089199060332166014 -0.018381123416434785 0.046934131945882529 0.096969731432018869 0.0075710009991145528 0.0069728846905879605 0.012745135206765299
leaf_weight=8135 1022 610 149 52 139 509 97 68 108 87 82 152 51 1469
leaf_count=8135 1022 610 149 52 139 509 97 68 108 87 82 152 51 1469
internal_value=3.67183e-05 -0.00418231 0.0171717 0.0488651 0.0143992 0.0228163 0.0549271 0.0120751 0.0296413 0.0840611 0.0191724 0.033498 0.0628023 0.00638784
internal_weight=12730 10214 2516 201 2315 1293 323 970 461 184 393 285 133 2079
internal_count=12730 10214 2516 201 2315 1293 323 970 461 184 393 285 133 2079
is_linear=0
shrinkage=0.05


Tree=43
num_leaves=15
num_cat=0
split_feature=36 62 61 50 14 57 46 3 53 60 13 50 44 43
split_gain=332.644 109.306 103.524 86.0975 123.466 104.212 89.8161 104.345 84.2412 131.419 140.609 84.5088 134.268 134.251
threshold=11.566666666666663 39778.000000000007 51.500000000000007 0.89444444444444449 3.3875000000000006 3.7500000000000004 2.5225000000000004 45.833333333333336 1.8541666666666667 1.5000000000000002 13.450000000000001 1.5777777777777782 19.633333333333336 21.700000000000006
decision_type=10 2 2 10 8 2 10 8 10 2 10 10 10 10
left_child=1 -1 -3 4 -4 -6 7 -5 9 11 -11 12 -2 -14
right_child=8 2 3 6 5 -7 -8 -9 -10 10 -12 -13 13 -15
leaf_value=-0.0085067364579829649 0.0065448120370354152 -0.0077301472377093719 -0.0098163123292380888 0.0059267072021379 0.070999366274680675 -0.0067812886517659753 -0.0085434864859781287 0.041139511597886834 0.001353002798963677 0.012311950412768762 0.12532346311623488 0.0084736655190880937 0.11706657340526581 0.037509068753694003
leaf_weight=5777 328 1706 121 1280 177 56 845 252 687 51 61 951 62 376
leaf_count=5777 328 1706 121 1280 177 56 845 252 687 51 61 951 62 376
internal_value=3.64393e-05 -0.0039732 0.00192415 0.00796446 0.0309635 0.0522237 0.00452297 0.0117467 0.0163215 0.0219284 0.0743685 0.0184725 0.0308399 0.0489483
internal_weight=12730 10214 4437 2731 354 233 2377 1532 2516 1829 112 1717 766 438
internal_count=12730 10214 4437 2731 354 233 2377 1532 2516 1829 112 1717 766 438
is_linear=0
shrinkage=0.05


Tree=44
num_leaves=15
num_cat=0
split_feature=45 60 62 40 25 32 32 44 27 27 59 26 44 42
split_gain=304.456 100.544 94.619 76.9251 67.8852 69.8002 90.3333 92.9821 59.2819 118.54 108.399 72.9167 61.7008 56.9247
threshold=3.916666666666667 1.5000000000000002 37092.500000000007 10.330000000000004 0.18633333333333338 1.7095000000000005 1.4869600000000003 27.828571428571433 0.13418000000000005 0.14694000000000004 1052.5000000000002 0.03208550000000001 16.633333333333336 66.166666666666671
decision_type=10 2 2 10 10 10 10 10 8 8 2 10 10 10
left_child=2 4 -1 -3 5 6 13 -8 -4 -10 -11 12 -12 -2
right_child=1 3 8 -5 -6 -7 7 -9 9 10 11 -13 -14 -15
leaf_value=-0.0080756395148527862 0.01295829881914677 0.10271153941347794 -0.0010362156692799046 0.026771569089953508 0.054360665689787105 -0.029220562483837354 0.010223144071527046 0.10666755513080116 0.076392892241585172 0.068348684123268832 0.0048159120231998191 -0.020896558497513193 0.053429879039896204 -0.025382619384180738
leaf_weight=5687 1948 55 3754 88 96 100 50 51 69 67 354 230 80 101
leaf_count=5687 1948 55 3754 88 96 100 50 51 69 67 354 230 80 101
internal_value=3.57668e-05 0.0157206 -0.00377446 0.0564096 0.0132183 0.0114401 0.0133492 0.0594547 0.00159163 0.0139469 0.00797023 0.00179336 0.0138857 0.0110505
internal_weight=12730 2489 10241 143 2346 2250 2150 101 4554 800 731 664 434 2049
internal_count=12730 2489 10241 143 2346 2250 2150 101 4554 800 731 664 434 2049
is_linear=0
shrinkage=0.05


Tree=45
num_leaves=15
num_cat=0
split_feature=62 57 7 59 52 60 5 40 12 40 48 26 37 61
split_gain=279.693 108.167 112.379 259.008 114.018 94.5262 134.709 165.764 93.8767 90.2321 115.158 72.8653 184.879 81.6745
threshold=190688.00000000003 3.7500000000000004 0.77500000000000013 1162.5000000000002 1.6333333333333335 1.5000000000000002 41.535714285714292 11.345000000000004 18.833333333333339 12.510000000000002 2.1666666666666674 0.14450000000000002 25.360000000000003 47.500000000000007
decision_type=2 2 8 2 10 2 10 10 10 10 10 10 10 2
left_child=8 2 5 4 9 11 -7 -8 -1 10 -4 12 13 -2
right_child=1 -3 3 -5 -6 6 7 -9 -10 -11 -12 -13 -14 -15
leaf_value=-0.0051193825810503064 -0.0098850984717803649 -0.003357516029309799 0.015420124441095926 0.11708617112157066 -0.036607439614993208 -0.013182818970164737 0.14863926961575405 0.023371332585811616 0.037095443805337851 -0.0021689154061616633 0.12222528596526211 0.060021053869407495 -0.034749459687425231 0.018454733794524194
leaf_weight=9118 303 850 51 89 69 55 50 57 133 76 51 71 219 1538
leaf_count=9118 303 850 51 89 69 55 50 57 133 76 51 71 219 1538
internal_value=3.52197e-05 0.0121216 0.0171355 0.044154 0.0175903 0.0131567 0.0499599 0.0825594 -0.00450779 0.0387833 0.0694023 0.0103361 0.00859742 0.0137754
internal_weight=12730 3479 2629 336 247 2293 162 107 9251 178 102 2131 2060 1841
internal_count=12730 3479 2629 336 247 2293 162 107 9251 178 102 2131 2060 1841
is_linear=0
shrinkage=0.05


Tree=46
num_leaves=15
num_cat=0
split_feature=39 60 37 13 57 62 21 3 48 5 43 46 46 43
split_gain=260.94 192.799 135.254 117.226 112.372 98.7461 103.081 91.9081 73.0824 79.0837 93.3129 77.8406 89.0433 77.9503
threshold=0.16666666666666727 1.5000000000000002 1.9200000000000004 13.450000000000001 2.7500000000000004 3149588.0000000005 0.27666666666666678 52.500000000000007 1.1666666666666667 88.050000000000011 37.300000000000004 6.1900000000000013 6.9225000000000012 18.900000000000002
decision_type=10 2 10 10 2 2 10 10 10 10 10 10 10 10
left_child=-1 4 -3 -4 5 8 -7 -6 -2 10 11 13 -13 -10
right_child=1 2 3 -5 7 6 -8 -9 9 -11 -12 12 -14 -15
leaf_value=-0.0063492648583385021 0.021919064359533964 0.11675237440957434 0.0061567140167002928 0.07899761763875357 -0.0098083723029570632 0.0044842459466479237 0.09655609976474222 0.0078265575755025827 0.0093866425540445175 0.045828926352466028 -0.040360664070821284 0.08415616873502732 0.0013802006465496778 -0.022096910589102625
leaf_weight=7089 965 56 166 83 1424 54 71 1534 646 102 127 62 69 282
leaf_count=7089 965 56 166 83 1424 54 71 1534 646 102 127 62 69 282
internal_value=3.43174e-05 0.0080608 0.0467034 0.0306469 0.00584317 0.0139349 0.0571566 -0.000654782 0.0115137 0.00369286 3.01618e-05 0.00491437 0.0409178 -0.00016038
internal_weight=12730 5641 305 249 5336 2378 125 2958 2253 1288 1186 1059 131 928
internal_count=12730 5641 305 249 5336 2378 125 2958 2253 1288 1186 1059 131 928
is_linear=0
shrinkage=0.05


Tree=47
num_leaves=15
num_cat=0
split_feature=62 27 27 37 23 57 4 41 46 61 32 41 3 46
split_gain=239.404 134.071 90.3445 85.6071 67.753 66.8797 64.6794 112.773 108.881 154.666 133.034 102.964 93.3616 109.859
threshold=46177.500000000007 0.13418000000000005 0.1433333333333334 37.340000000000011 0.21617000000000006 2.7500000000000004 90.100000000000009 20.040000000000003 7.8550000000000004 86.500000000000014 0.93004000000000009 9.9250000000000025 82.416666666666671 6.5633333333333344
decision_type=2 8 8 10 10 2 10 10 10 2 10 10 10 10
left_child=4 3 -3 5 -1 -2 7 8 9 12 -11 -10 -4 -14
right_child=1 2 6 -5 -6 -7 -8 -9 11 10 -12 -13 13 -15
leaf_value=-0.0064390388173326436 0.0076105965910326827 0.074805728795419218 0.00765731752250692 0.052739549395830733 -0.056140446046487893 -0.0049548218556160935 -0.022650371193019457 0.062839836815718128 0.035491231948364781 0.13233937158762851 0.023476396840277729 -0.038098664661060273 0.021181046073568167 0.087758312929760329
leaf_weight=6131 1922 65 1184 80 69 2356 107 126 65 53 61 171 258 82
leaf_count=6131 1922 65 1184 80 69 2356 107 126 65 53 61 171 258 82
internal_value=3.39659e-05 0.00671696 0.016865 0.00165214 -0.00700068 0.000684898 0.0150484 0.0170829 0.0139771 0.0185593 0.0746634 -0.0176924 0.014323 0.0374166
internal_weight=12730 6530 2172 4358 6200 4278 2107 2000 1874 1638 114 236 1524 340
internal_count=12730 6530 2172 4358 6200 4278 2107 2000 1874 1638 114 236 1524 340
is_linear=0
shrinkage=0.05


Tree=48
num_leaves=15
num_cat=0
split_feature=5 60 58 44 44 42 62 38 5 46 46 46 51 41
split_gain=221.94 118.995 88.5947 94.6695 150.796 87.2005 68.1787 66.6366 65.3459 116.108 104.069 81.9548 74.9509 71.6917
threshold=13.050000000000002 1.5000000000000002 1042.5000000000002 12.422222222222224 21.387500000000003 14.833333333333334 993774.50000000012 22.610000000000003 79.83750000000002 6.3100000000000014 6.6500000000000012 7.8550000000000004 0.83333333333333337 9.6050000000000022
decision_type=10 2 2 10 10 10 2 10 10 10 10 10 10 10
left_child=6 2 3 -2 5 -5 -1 -6 11 13 -11 -4 -12 -10
right_child=1 -3 8 4 7 -7 -8 -9 9 10 12 -13 -14 -15
leaf_value=-0.006218410727994967 -0.012024396918648461 0.037715692905108393 0.002914109522847035 0.041820406484946934 -0.013647722424359986 0.12358361889842813 0.04987443519431517 0.052908309288004531 0.023505067237737504 0.095696242448700744 0.062006654242175309 -0.027737680970656948 0.012812235979311798 -0.021901295050551561
leaf_weight=7105 106 308 3742 69 104 65 54 58 137 56 99 231 361 235
leaf_count=7105 106 308 3742 69 104 65 54 58 137 56 99 231 361 235
internal_value=3.34019e-05 0.00751898 0.00574365 0.0282971 0.0428168 0.0819795 -0.00578836 0.0101166 0.00387064 0.0161309 0.0314775 0.00112238 0.0235098 -0.00510284
internal_weight=12730 5571 5263 402 296 134 7159 162 4861 888 516 3973 460 372
internal_count=12730 5571 5263 402 296 134 7159 162 4861 888 516 3973 460 372
is_linear=0
shrinkage=0.05


Tree=49
num_leaves=15
num_cat=0
split_feature=36 61 53 60 50 44 43 55 50 10 44 14 2 3
split_gain=206.749 75.7344 70.3044 90.824 82.4464 114.171 121.304 113.595 100.972 91.5161 81.8466 76.9847 72.5276 169.657
threshold=11.566666666666663 45.500000000000007 1.8541666666666667 1.5000000000000002 1.5777777777777782 19.633333333333336 21.700000000000006 0.22500000000000003 1.4722222222222225 1.0000000180025095e-35 24.788888888888895 12.725000000000001 2.7071428571428577 57.583333333333336
decision_type=10 2 10 2 10 10 10 10 10 10 10 10 10 10
left_child=1 -1 3 4 5 7 -7 9 10 -2 -8 -5 13 -6
right_child=2 -3 -4 11 12 6 8 -9 -10 -11 -12 -13 -14 -15
leaf_value=-0.0092546840236884566 0.052823493025212921 -9.8661116160326539e-05 -0.00073044014639136469 0.022857491999137693 -0.00071616887599008949 0.10876276247352362 -0.032475318052829841 -0.031228969800303836 0.08723209995961359 -0.018898216747027591 0.033128437192986908 0.10678110362835301 -0.0016272131776778383 0.098797166000965039
leaf_weight=3376 132 6838 687 61 126 62 58 130 70 66 248 51 761 64
leaf_count=3376 132 6838 687 61 126 62 58 130 70 66 248 51 761 64
internal_value=3.29521e-05 -0.00312772 0.0128721 0.0179939 0.0151178 0.0273283 0.0440254 0.00492238 0.033154 0.0288029 0.0205795 0.0615997 0.00524719 0.0328442
internal_weight=12730 10214 2516 1829 1717 766 438 328 376 198 306 112 951 190
internal_count=12730 10214 2516 1829 1717 766 438 328 376 198 306 112 951 190
is_linear=0
shrinkage=0.05


Tree=50
num_leaves=15
num_cat=0
split_feature=62 61 50 14 8 41 23 57 39 41 11 28 23 23
split_gain=191.688 112.496 125.907 96.798 108.352 64.7285 63.0494 62.2441 67.8052 99.301 99.1993 65.973 80.2566 88.1892
threshold=46177.500000000007 47.500000000000007 3.4500000000000006 28.535714285714288 0.76388888888888895 15.241666666666669 0.21617000000000006 2.7500000000000004 11.150000000000002 6.5236111111111112 0.21111111111111114 0.56500000000000017 0.34828571428571437 0.28617000000000009
decision_type=2 2 8 10 10 10 10 2 8 8 10 10 10 10
left_child=6 -2 3 4 7 -5 -1 -3 10 -10 -9 12 13 -11
right_child=1 2 -4 5 -6 -7 -8 8 9 11 -12 -13 -14 -15
leaf_value=-0.0057206904127864097 -0.0076383242725821827 0.014467739668344807 0.074652092276976029 -0.077992472449938455 0.059224351647664125 -0.0023735975010657877 -0.053663466784352666 0.0015055096736401568 0.083269664807484878 0.01599609956725417 -0.039737981926849589 -0.023657810307563622 0.058383778591251857 -0.051425219605302566
leaf_weight=6131 1224 2218 72 52 106 63 69 1810 50 508 158 117 99 53
leaf_count=6131 1224 2218 72 52 106 63 69 1810 50 508 158 117 99 53
internal_value=3.19236e-05 0.00601216 0.00916622 0.00825356 0.00927798 -0.0369725 -0.00626256 0.00821107 0.00323539 0.0152475 -0.00180226 0.0107873 0.0169447 0.00954188
internal_weight=12730 6530 5306 5234 5119 115 6200 5013 2795 827 1968 777 660 561
internal_count=12730 6530 5306 5234 5119 115 6200 5013 2795 827 1968 777 660 561
is_linear=0
shrinkage=0.05


Tree=51
num_leaves=15
num_cat=0
split_feature=62 14 32 53 29 11 28 62 1 11 40 9 40 61
split_gain=180.665 83.8324 78.2266 209.295 89.5549 81.8275 100.538 109.982 105.018 80.8058 80.1067 74.6456 72.1769 62.6181
threshold=386115.50000000006 1.1833333333333336 1.2521666666666669 1.4142857142857144 0.43521650000000006 0.2678571428571429 0.69900000000000018 2526181.5000000005 6.2250000000000005 1.0000000180025095e-35 19.990000000000006 0.41666666666666669 10.277500000000002 62.500000000000007
decision_type=2 10 8 8 10 10 10 2 10 10 10 10 10 2
left_child=1 -1 5 -4 9 6 8 -8 13 -5 12 -12 -7 -2
right_child=2 -3 3 4 -6 10 7 -9 -10 -11 11 -13 -14 -15
leaf_value=-0.0061822148181138806 -0.00049385534102848884 0.0030120870670556459 0.098583818693212019 0.026905916282656595 0.045931744855271288 0.010918492552659968 -0.078954093960615312 0.016627973009173465 0.064222904864284724 -0.039005963919051173 0.057535305555707732 -0.019613987847793203 -0.047530725769587417 0.022790706489671186
leaf_weight=6535 474 3990 93 85 124 76 58 61 112 101 64 60 167 730
leaf_count=6535 474 3990 93 85 124 76 58 61 112 101 64 60 167 730
internal_value=3.02201e-05 -0.00269433 0.0130441 0.0329676 0.0130752 0.00856666 0.0139625 -0.0298845 0.0179562 -0.00875951 -0.0124537 0.0200753 -0.0291628 0.0136067
internal_weight=12730 10525 2205 403 310 1802 1435 119 1316 186 367 124 243 1204
internal_count=12730 10525 2205 403 310 1802 1435 119 1316 186 367 124 243 1204
is_linear=0
shrinkage=0.05


Tree=52
num_leaves=15
num_cat=0
split_feature=62 12 25 60 22 50 40 17 26 41 32 61 60 58
split_gain=163.111 82.0364 77.4606 66.1947 110.524 73.9205 58.4458 88.6622 119.657 88.2023 113.844 113.685 85.1462 80.766
threshold=386115.50000000006 0.58333333333333337 0.22500000000000006 1.5000000000000002 0.014000000000000014 2.5277777777777781 14.000000000000004 0.41428571428571431 0.033143000000000013 15.930000000000001 1.2521666666666669 92.500000000000014 1.5000000000000002 1122.5000000000002
decision_type=2 10 8 2 10 10 10 10 10 10 10 2 2 2
left_child=1 -1 6 5 -5 -3 7 12 -9 13 11 -11 -2 -8
right_child=2 3 -4 4 -6 -7 9 8 -10 10 -12 -13 -14 -15
leaf_value=-0.005942031360719649 0.008972566086880086 0.0030717648701405788 0.056265396401865189 -0.0048760890570178472 0.07272561787717087 -0.03595839458632754 -0.050711441589897412 0.098877840177387211 -0.00174549533293979 -0.014559977790888618 0.083665109744060384 0.063616344554960222 0.062368764133198452 0.001599011024767736
leaf_weight=6633 1293 3585 96 94 88 125 135 70 50 212 51 59 79 160
leaf_count=6633 1293 3585 96 94 88 125 135 70 50 212 51 59 79 160
internal_value=2.92093e-05 -0.0025595 0.0123949 0.00319883 0.0326051 0.00174533 0.0103732 0.0157267 0.0569107 -0.00253414 0.0155037 0.00245369 0.0120869 -0.0223004
internal_weight=12730 10525 2205 3892 182 3710 2109 1492 120 617 322 271 1372 295
internal_count=12730 10525 2205 3892 182 3710 2109 1492 120 617 322 271 1372 295
is_linear=0
shrinkage=0.05


Tree=53
num_leaves=15
num_cat=0
split_feature=36 13 36 1 40 17 38 14 61 8 46 45 45 4
split_gain=151.294 65.5928 65.6153 99.8923 122.138 107.041 77.5665 76.2735 88.8809 125.963 93.2959 73.9116 111.466 108.271
threshold=11.566666666666663 5.6333333333333337 22.566666666666674 5.7750000000000012 11.050000000000002 0.23611111111111113 15.073333333333336 14.52777777777778 57.500000000000007 0.58571428571428574 7.21 3.9416666666666673 3.2333333333333338 60.100000000000009
decision_type=10 10 10 10 10 10 10 10 2 10 10 10 10 10
left_child=-1 -2 11 6 5 -5 -4 -8 -9 10 -10 12 -3 -13
right_child=1 2 3 4 -6 -7 7 8 9 -11 -12 13 -14 -15
leaf_value=-0.0026748766918251285 -0.027323172572440525 0.028667702392208089 0.01546057968034617 0.013650861250029671 0.0044919140937976368 0.1010782662242503 -0.046593476432544696 -0.052552729887928043 0.089920425865830489 -0.035903768507158679 0.0011225258146435762 0.055907759656743897 -0.025993615386015068 0.017349399959081423
leaf_weight=10214 106 188 221 67 322 75 173 69 59 78 60 253 184 661
leaf_count=10214 106 188 221 67 322 75 173 69 59 78 60 253 184 661
internal_value=2.86078e-05 0.011012 0.0127138 0.00385892 0.0216394 0.0601954 -0.00861034 -0.0207887 -0.00385622 0.0131632 0.0455496 0.0204293 0.00156521 0.0280746
internal_weight=12730 2516 2410 1124 464 142 660 439 266 197 119 1286 372 914
internal_count=12730 2516 2410 1124 464 142 660 439 266 197 119 1286 372 914
is_linear=0
shrinkage=0.05


Tree=54
num_leaves=15
num_cat=0
split_feature=62 29 57 56 10 11 44 40 49 4 4 44 3 3
split_gain=143.712 91.7485 91.3493 94.3638 83.168 108.977 110.606 85.3494 82.1104 81.8629 100.816 99.8627 81.0192 79.1424
threshold=46177.500000000007 0.18542 3.7500000000000004 0.31666666666666671 0.55000000000000016 0.29285714285714287 42.414285714285718 13.140000000000001 3.1000000000000005 91.500000000000014 80.90000000000002 41.95000000000001 72.166666666666671 83.166666666666671
decision_type=2 8 2 8 10 10 10 10 10 10 10 10 10 10
left_child=-1 4 8 -4 5 6 -2 -8 9 10 12 13 -3 -12
right_child=1 2 3 -5 -6 -7 7 -9 -10 -11 11 -13 -14 -15
leaf_value=-0.0054222490317946343 0.00047537481747538961 0.020125811187769214 0.0092702340471490299 -0.037091745134504119 0.0478161308854659 -0.035477772572767761 0.096937458089419781 0.012280017596024734 0.066447116014707153 -0.033028689879023174 0.0030317085195881452 -0.0167341574972634 -0.012362773420723418 0.065673031022658743
leaf_weight=6200 4036 729 390 152 93 204 52 71 90 76 64 60 259 254
leaf_count=6200 4036 729 390 152 93 204 52 71 90 76 64 60 259 254
internal_value=2.7642e-05 0.00520596 0.0138929 -0.00370777 0.001156 0.000150311 0.00190794 0.0485201 0.0201353 0.0172054 0.0200297 0.0419998 0.0115818 0.053169
internal_weight=12730 6530 2074 542 4456 4363 4159 123 1532 1442 1366 378 988 318
internal_count=12730 6530 2074 542 4456 4363 4159 123 1532 1442 1366 378 988 318
is_linear=0
shrinkage=0.05


Tree=55
num_leaves=15
num_cat=0
split_feature=12 60 41 23 37 29 57 41 31 32 28 23 28 3
split_gain=131.514 132.612 81.4725 153.873 69.6065 67.8941 67.1547 83.9464 131.192 110.541 73.3791 138.933 77.8706 84.7587
threshold=1.0000000180025095e-35 1.5000000000000002 10.142222222222225 0.15725000000000003 1.9200000000000004 0.10309200000000003 3.7500000000000004 14.775000000000002 0.87400000000000022 1.1900000000000002 0.74500000000000011 0.52350000000000019 0.098625000000000004 82.833333333333357
decision_type=10 2 10 10 10 10 2 10 10 10 10 10 10 10
left_child=-1 5 3 4 -3 -2 7 10 -9 -10 11 12 -7 -14
right_child=1 2 -4 -5 -6 6 -8 8 9 -11 -12 -13 13 -15
leaf_value=-0.0047877701150016924 -0.00097146294072713289 0.068337776968731501 0.0015726725386309736 0.13147281434866462 0.00082469182509907902 0.042324747970189987 -0.0036753309391060955 0.094758440037431516 -0.031251341683401483 0.051903586584843078 -0.036245915568937921 0.070677245916032846 -0.0026258431157221533 0.029526876062084352
leaf_weight=6706 3322 68 108 50 88 155 645 80 69 93 78 98 906 264
leaf_count=6706 3322 68 108 50 88 155 645 80 69 93 78 98 906 264
internal_value=2.68135e-05 0.00539058 0.0370084 0.0554165 0.0305375 0.00364441 0.010075 0.0151772 0.0425116 0.0163447 0.0107409 0.0133458 0.00906151 0.00461728
internal_weight=12730 6024 314 206 156 5710 2388 1743 242 162 1501 1423 1325 1170
internal_count=12730 6024 314 206 156 5710 2388 1743 242 162 1501 1423 1325 1170
is_linear=0
shrinkage=0.05


Tree=56
num_leaves=15
num_cat=0
split_feature=62 61 58 61 62 14 61 23 31 2 56 7 39 37
split_gain=121.926 82.355 73.2869 71.8902 114.871 182.697 113.127 59.4112 56.5377 64.1948 99.8685 91.7835 90.7521 80.3458
threshold=46177.500000000007 47.500000000000007 1297.5000000000002 102.50000000000001 947906.50000000012 15.450000000000001 124.50000000000001 0.21617000000000006 1.3882200000000002 3.0500000000000003 0.58571428571428574 0.90000000000000013 10.916666666666668 5.7100000000000017
decision_type=2 2 2 2 2 10 2 10 8 10 10 10 10 10
left_child=7 -2 3 8 -5 -6 -7 -1 9 12 11 -11 -3 -14
right_child=1 2 -4 4 5 6 -8 -9 -10 10 -12 -13 13 -15
leaf_value=-0.0044672607428695842 -0.0068819769364947105 0.0065275570625876181 -0.0092183073352454757 -0.012662587774907306 0.13722585698608125 0.061246300947827265 -0.027436034451437816 -0.05099823020613023 0.023780601284332317 -0.0035019530456754581 -0.061742009287768046 0.048478686829896575 0.077249462735949098 0.02105980744769036
leaf_weight=6131 1224 2193 582 91 50 92 58 69 502 1180 68 91 80 319
leaf_count=6131 1224 2193 582 91 50 92 58 69 502 1180 68 91 80 319
internal_value=2.6478e-05 0.00479633 0.00749542 0.00956061 0.0336417 0.0548139 0.0268125 -0.00499321 0.00797058 0.00594247 -0.00293213 0.000217652 0.0105363 0.0324711
internal_weight=12730 6530 5306 4724 291 200 150 6200 4433 3931 1339 1271 2592 399
internal_count=12730 6530 5306 4724 291 200 150 6200 4433 3931 1339 1271 2592 399
is_linear=0
shrinkage=0.05


Tree=57
num_leaves=15
num_cat=0
split_feature=62 25 25 53 42 37 27 21 26 50 50 56 32 36
split_gain=112.852 66.729 57.7309 86.3103 61.9537 89.001 57.3719 125.4 85.661 142.206 118.323 110.089 118.535 108.34
threshold=386115.50000000006 0.22500000000000006 0.13500000000000004 1.3666666666666669 68.500000000000014 40.460000000000008 0.093431666666666677 0.11666666666666668 0.037542000000000006 1.788888888888889 2.2750000000000004 0.29285714285714287 1.0435000000000003 22.233333333333338
decision_type=2 8 10 10 10 10 10 10 10 10 10 10 10 10
left_child=-1 2 4 -4 5 6 -2 -8 10 11 -9 13 -13 -10
right_child=1 -3 3 -5 -6 -7 7 8 9 -11 -12 12 -14 -15
leaf_value=-0.0021275757197163634 0.0010787686949061384 0.051025212034969139 0.019043589758611944 -0.057607645138054143 -0.03163308201414166 0.061288103914960139 0.085709752352865598 0.019681827386614878 0.029610405941104052 -0.027242061125594866 0.099042216772618499 0.012324615816275281 0.12007071681465338 -0.053680120709062633
leaf_weight=10525 890 96 68 78 82 89 65 267 113 238 57 52 51 59
leaf_count=10525 890 96 68 78 82 89 65 267 113 238 57 52 51 59
internal_value=2.53479e-05 0.0103113 0.00843449 -0.0217933 0.0107004 0.0125671 0.010117 0.0190017 0.0137434 0.000974229 0.0338515 0.02549 0.0662385 0.00082211
internal_weight=12730 2205 2109 146 1963 1881 1792 902 837 513 324 275 103 172
internal_count=12730 2205 2109 146 1963 1881 1792 902 837 513 324 275 103 172
is_linear=0
shrinkage=0.05


Tree=58
num_leaves=15
num_cat=0
split_feature=12 60 61 47 40 57 62 23 29 50 62 16 54 37
split_gain=107.111 118.999 72.146 120.762 90.2053 58.1402 87.568 117.598 62.1193 73.4324 85.4894 60.9348 88.6246 58.4562
threshold=1.0000000180025095e-35 1.5000000000000002 70.500000000000014 4.9150000000000009 4.6500000000000021 3.7500000000000004 4537392.0000000009 0.57050000000000012 0.10309200000000003 0.89444444444444449 150843.50000000003 0.36666666666666675 0.41666666666666669 19.220000000000006
decision_type=10 2 2 10 10 2 2 10 10 10 2 10 10 10
left_child=-1 5 3 4 -3 6 8 -8 9 10 -2 13 -13 -11
right_child=1 2 -4 -5 -6 -7 7 -9 -10 11 -12 12 -14 -15
leaf_value=-0.004319694261178752 0.0054935764258381634 0.0055403018193371477 0.071194307735806622 -0.045605002254794497 0.079940506192593797 -0.0052382784872991714 0.1062483143983501 -0.00039621602211679734 0.012528296748656569 -0.0036343997470573083 0.056454870703676087 -0.057013630235649974 0.0021613946290431072 0.027662008393861605
leaf_weight=6706 320 89 95 54 76 1498 50 52 1664 1600 111 124 127 164
leaf_count=6706 320 89 95 54 76 1498 50 52 1664 1600 111 124 127 164
internal_value=2.51146e-05 0.00486592 0.0348168 0.0187965 0.0400985 0.0032116 0.00622301 0.0518999 0.00507716 0 0.0187263 -0.00400103 -0.0270283 -0.000703574
internal_weight=12730 6024 314 219 165 5710 4212 102 4110 2446 431 2015 251 1764
internal_count=12730 6024 314 219 165 5710 4212 102 4110 2446 431 2015 251 1764
is_linear=0
shrinkage=0.05


Tree=59
num_leaves=15
num_cat=0
split_feature=62 50 13 0 41 4 58 3 43 53 36 10 3 49
split_gain=98.0379 63.2524 97.7109 80.3631 59.3411 63.4708 58.1917 72.1848 92.261 155.705 68.7452 89.6656 61.904 72.6036
threshold=44558.500000000007 3.4500000000000006 35.500000000000007 7.8333333333333348 15.930000000000001 75.90000000000002 1297.5000000000002 13.16666666666667 6.6333333333333337 1.3666666666666669 1.4833333333333336 1.0000000180025095e-35 82.833333333333357 2.7750000000000004
decision_type=2 8 10 10 10 10 2 8 8 10 10 10 8 10
left_child=-1 2 3 6 5 -5 7 -2 9 -9 -11 -12 -10 -14
right_child=1 -3 -4 4 -6 -7 -8 8 12 10 11 -13 13 -15
leaf_value=-0.0045119530014352581 -0.0025301278892790637 0.046521737864507098 -0.056123790796156287 0.0583454455170676 0.084127158907675512 -0.015948815789164569 -0.010110513577726852 0.087461200804772932 0.0015816827393186281 -0.011150036515581864 0.064176210546011234 -0.014857532172848326 0.019499763636262272 -0.037683847565681508
leaf_weight=6150 1975 87 67 53 50 61 704 96 2122 140 103 54 1010 58
leaf_count=6150 1975 87 67 53 50 61 704 96 2122 140 103 54 1010 58
internal_value=2.45482e-05 0.00426841 0.00369487 0.00432677 0.0388392 0.0184771 0.00341588 0.00513444 0.009366 0.032226 0.0141712 0.036873 0.00653726 0.0163547
internal_weight=12730 6580 6493 6426 164 114 6262 5558 3583 393 297 157 3190 1068
internal_count=12730 6580 6493 6426 164 114 6262 5558 3583 393 297 157 3190 1068
is_linear=0
shrinkage=0.05


Tree=60
num_leaves=15
num_cat=0
split_feature=29 38 38 4 3 38 1 32 32 46 31 11 26 31
split_gain=89.8341 81.7422 97.688 77.1661 94.3054 136.177 125.138 111.874 107.093 173.108 105.437 99.0836 112.337 93.7009
threshold=0.10700000000000001 5.6100000000000012 6.9055555555555568 90.100000000000009 82.833333333333357 31.040000000000003 6.5500000000000007 1.6839999999999999 1.283166666666667 6.3900000000000015 0.86389000000000016 0.11805555555555557 0.071333333333333346 1.1110000000000004
decision_type=10 10 10 10 10 10 10 10 10 10 10 10 10 10
left_child=-1 -2 -3 4 10 6 7 8 11 -10 -4 12 13 -6
right_child=1 2 3 -5 5 -7 -8 -9 9 -11 -12 -13 -14 -15
leaf_value=-0.0021814418891139544 -0.011409513321446678 0.051974514603876233 0.016748842047943569 -0.02931674275927398 0.11544020039828745 -0.024212947168001316 0.113826786852119 -0.028750312262111239 0.021201681273173442 0.14840561089771134 -0.010433609291373797 -0.016915594142769021 -0.011234201555666717 0.026146895976170249
leaf_weight=9976 451 142 794 122 63 102 50 67 56 52 646 95 57 57
leaf_count=9976 451 142 794 122 63 102 50 67 56 52 646 95 57 57
internal_value=2.35345e-05 0.00801879 0.011836 0.00917547 0.0114975 0.0281692 0.0389835 0.0304381 0.0409637 0.0830801 0.00453775 0.0240275 0.0461292 0.0735178
internal_weight=12730 2754 2303 2161 2039 599 497 447 380 108 1440 272 177 120
internal_count=12730 2754 2303 2161 2039 599 497 447 380 108 1440 272 177 120
is_linear=0
shrinkage=0.05


Tree=61
num_leaves=15
num_cat=0
split_feature=12 60 61 47 47 57 25 62 48 59 5 5 44 47
split_gain=85.1349 106.798 64.7175 109.502 80.9639 53.2964 77.6022 55.7527 66.5308 94.272 170.959 100.702 94.6733 153.003
threshold=1.0000000180025095e-35 1.5000000000000002 70.500000000000014 4.9535714285714301 2.4183333333333339 2.7500000000000004 0.18450000000000003 4537392.0000000009 1.1666666666666667 1103.7500000000002 78.422222222222231 56.45000000000001 23.633333333333336 4.6950000000000012
decision_type=10 2 2 10 10 2 10 2 10 2 8 10 10 10
left_child=-1 5 3 4 -3 6 7 8 -2 12 11 -11 13 -10
right_child=1 2 -4 -5 -6 -7 -8 -9 9 10 -12 -13 -14 -15
leaf_value=-0.0038504585138707686 0.015642875335542303 0.0098713869057991659 0.067169365007917911 -0.044541289873212299 0.082041936124286327 -0.0015398710533205077 0.069596198702802745 0.055632248073816309 -0.0063359715950010694 0.017872811177697789 0.08245742365628661 -0.044004169657740289 -0.033862204679757667 0.084014114329941797
leaf_weight=6706 1000 103 95 53 63 3174 50 57 649 273 83 86 288 50
leaf_count=6706 1000 103 95 53 63 3174 50 57 649 273 83 86 288 50
internal_value=2.28669e-05 0.00433882 0.0327125 0.0175325 0.0375757 0.00277141 0.00817641 0.00691729 0.00575262 -0.00115404 0.0180046 0.00293979 -0.00976379 0.000146532
internal_weight=12730 6024 314 219 166 5710 2536 2486 2429 1429 442 359 987 699
internal_count=12730 6024 314 219 166 5710 2536 2486 2429 1429 442 359 987 699
is_linear=0
shrinkage=0.05


Tree=62
num_leaves=15
num_cat=0
split_feature=62 50 14 37 37 5 27 43 46 57 43 62 62 28
split_gain=80.219 62.9426 89.8791 73.424 88.6435 105.151 84.2867 82.648 112.408 133.212 68.521 66.4122 82.2469 113.645
threshold=46177.500000000007 3.4500000000000006 28.535714285714288 29.820000000000004 25.360000000000003 82.725000000000009 0.13418000000000005 42.100000000000009 6.3900000000000015 2.7500000000000004 6.1000000000000005 61620.000000000007 812471.50000000012 0.25633333333333341
decision_type=2 8 10 10 10 10 8 10 10 2 8 2 2 10
left_child=-1 2 3 4 6 -6 -2 8 10 -10 -8 -12 -13 -14
right_child=1 -3 -4 -5 5 -7 7 -9 9 -11 11 12 13 -15
leaf_value=-0.004048630482186088 0.00043136411113806322 0.046533633167828214 -0.040368776434621258 0.027336206864939868 -0.04692200130119234 0.015180680654769721 0.059757029450089816 -0.044840336804804592 0.10840239563997645 0.018468670134253348 0.060384449331449867 -0.0007019832977863843 0.087691406621277793 0.012469218493046127
leaf_weight=6200 4104 85 115 323 184 107 69 57 68 106 59 967 65 221
leaf_count=6200 4104 85 115 323 184 107 69 57 68 106 59 967 65 221
internal_value=2.26076e-05 0.00389194 0.00332212 0.00412295 0.00286842 -0.0240144 0.00424337 0.0139297 0.0161138 0.0539684 0.0113084 0.00871956 0.00624376 0.0297756
internal_weight=12730 6530 6445 6330 6007 291 5716 1612 1555 174 1381 1312 1253 286
internal_count=12730 6530 6445 6330 6007 291 5716 1612 1555 174 1381 1312 1253 286
is_linear=0
shrinkage=0.05


Tree=63
num_leaves=15
num_cat=0
split_feature=36 13 36 12 12 42 46 37 44 44 27 36 52 48
split_gain=74.1918 53.8203 69.2839 83.9283 70.683 85.4233 103.261 83.2683 89.6943 134.72 70.6983 69.5134 70.1181 94.4012
threshold=11.566666666666663 5.6333333333333337 22.566666666666674 19.166666666666668 16.583333333333339 15.833333333333334 1.9100000000000001 12.980000000000002 18.81666666666667 27.650000000000002 0.28713666666666676 18.966666666666672 1.5500000000000003 1.1666666666666667
decision_type=10 10 10 10 10 10 10 10 10 10 10 10 10 10
left_child=-1 -2 4 -4 5 6 -3 8 -7 -10 -6 12 13 -9
right_child=1 2 3 -5 10 7 -8 11 9 -11 -12 -13 -14 -15
leaf_value=-0.0018701251588852733 -0.027015171500858567 0.049348534854847616 -0.024566178254428365 0.0077222688192150743 0.088318004828827984 0.020093922127915453 -0.021233399124559488 0.078345629862211288 0.1292044935640225 0.018038027154878507 0.020623140664875209 0.040386263679754258 -0.022100222171724911 -0.0018122753076873751
leaf_weight=10214 106 63 262 862 65 163 279 51 60 51 98 135 195 126
leaf_count=10214 106 63 262 862 65 163 279 51 60 51 98 135 195 126
internal_value=2.24587e-05 0.00771441 0.00925759 0.000166149 0.0171812 0.0126723 -0.00810541 0.0218023 0.0440116 0.0786622 0.0479585 0.0097188 -0.00138267 0.0212989
internal_weight=12730 2516 2410 1124 1286 1123 342 781 274 111 163 507 372 177
internal_count=12730 2516 2410 1124 1286 1123 342 781 274 111 163 507 372 177
is_linear=0
shrinkage=0.05


Tree=64
num_leaves=15
num_cat=0
split_feature=14 60 56 3 1 14 57 26 46 46 30 41 41 1
split_gain=69.5334 69.4144 64.0729 94.0318 77.0342 102.523 43.1551 80.4473 72.1434 115.257 81.2645 63.5086 81.3159 53.6809
threshold=1.1833333333333336 1.5000000000000002 0.38750000000000007 53.166666666666679 3.5500000000000003 5.4142857142857155 2.7500000000000004 0.14050000000000004 7.8550000000000004 8.5225000000000026 1.8583333333333336 11.181666666666668 15.470714285714289 5.5500000000000007
decision_type=10 2 10 10 10 10 2 10 10 10 10 10 10 10
left_child=-1 6 4 -4 5 -3 7 8 10 -10 13 -11 -13 -2
right_child=1 2 3 -5 -6 -7 -8 -9 9 11 -12 12 -14 -15
leaf_value=-0.0034659354724815607 0.0056901470037280123 0.026673374828321259 0.10094305868777964 0.013257430695501485 0.056992070273212771 -0.060593326954740637 -0.0012222464111138489 0.061026471418185825 -0.078185913974046714 0.0481892539870621 0.062996563271239953 -0.066429539252782152 0.01231304725815106 0.048953452946355683
leaf_weight=6728 2065 75 58 66 57 60 3162 68 62 50 67 52 86 74
leaf_count=6728 2065 75 58 66 57 60 3162 68 62 50 67 52 86 74
internal_value=2.22263e-05 0.00393644 0.0267355 0.0547132 0.00844149 -0.0120078 0.00266275 0.00753895 0.00603573 -0.0193634 0.00892921 5.88069e-05 -0.0173103 0.00720964
internal_weight=12730 6002 316 124 192 135 5686 2524 2456 250 2206 188 138 2139
internal_count=12730 6002 316 124 192 135 5686 2524 2456 250 2206 188 138 2139
is_linear=0
shrinkage=0.05


Tree=65
num_leaves=15
num_cat=0
split_feature=62 61 41 49 41 41 17 50 29 14 12 21 38 53
split_gain=67.1634 57.0692 113.579 86.9334 149.23 140.628 69.124 94.3174 223.27 79.7726 87.5702 91.9185 150.104 137.146
threshold=386115.50000000006 87.500000000000014 20.040000000000003 1.7333333333333336 10.981666666666669 7.2316666666666682 0.13392857142857145 2.0500000000000003 0.3853571428571429 5.4142857142857155 24.833333333333339 0.20333333333333345 22.610000000000003 1.3666666666666669
decision_type=2 2 8 10 10 10 10 8 10 10 10 10 10 10
left_child=-1 6 3 4 -3 -5 7 -2 -9 -8 11 -11 -13 -14
right_child=1 2 -4 5 -6 -7 9 8 -10 10 -12 12 13 -15
leaf_value=-0.0016384846076595906 0.0072227371043848748 -0.01274518567849608 0.088974975312457363 0.062921487964759368 0.09425839829694975 -0.03141607026325112 -0.057903740144977282 0.10655082863715529 -0.02009402158831762 -0.0082946301588311087 -0.031009975310385698 0.0029435038194834816 0.017096828503741158 0.12633738628564736
leaf_weight=10525 612 59 59 53 71 150 64 81 60 450 190 240 58 58
leaf_count=10525 612 59 59 53 71 150 64 81 60 450 190 240 58 58
internal_value=2.19537e-05 0.00795754 0.0252569 0.0137761 0.0456409 -0.00656913 0.00419742 0.0157825 0.0526022 -0.00401236 -0.000497057 0.00667958 0.0256629 0.0722395
internal_weight=12730 2205 392 333 130 203 1813 753 141 1060 996 806 356 116
internal_count=12730 2205 392 333 130 203 1813 753 141 1060 996 806 356 116
is_linear=0
shrinkage=0.05


Tree=66
num_leaves=15
num_cat=0
split_feature=62 61 50 14 8 41 30 28 22 40 62 22 1 21
split_gain=63.1391 55.1923 78.2411 92.7241 65.0337 51.5976 46.0226 45.4796 96.003 145.93 63.1334 55.9953 94.5431 60.7537
threshold=37092.500000000007 47.500000000000007 3.4500000000000006 28.535714285714288 0.76388888888888895 17.020000000000003 1.6483333333333337 0.73056800000000011 0.54700000000000015 11.050000000000002 2103914.0000000005 0.46700000000000003 6.5500000000000007 0.5916666666666669
decision_type=2 2 8 10 10 10 8 10 10 10 2 10 10 10
left_child=-1 6 3 4 7 -5 -2 8 11 -10 -9 12 13 -3
right_child=1 2 -4 5 -6 -7 -8 10 9 -11 -12 -13 -14 -15
leaf_value=-0.0038254024462617692 -0.0039239678546806401 0.0040190763433754807 0.056013776250923714 -0.07437205527414073 0.044396346800484016 -0.0069097936430499579 -0.050494182403493043 -0.05637940903927418 0.10126915289912114 -0.0066491273193319961 0.013042256704046707 -0.026308086828181622 0.063393720031695841 0.057152139470664734
leaf_weight=5800 1280 4780 75 55 106 60 55 70 64 60 60 142 69 54
leaf_count=5800 1280 4780 75 55 106 60 55 70 64 60 60 142 69 54
internal_value=2.153e-05 0.00324484 0.00542675 0.00472989 0.00568071 -0.0395731 -0.0058795 0.00489741 0.00563682 0.0490328 -0.0242199 0.00456049 0.00546219 0.00462364
internal_weight=12730 6930 5595 5520 5405 115 1335 5299 5169 124 130 5045 4903 4834
internal_count=12730 6930 5595 5520 5405 115 1335 5299 5169 124 130 5045 4903 4834
is_linear=0
shrinkage=0.05


Tree=67
num_leaves=15
num_cat=0
split_feature=29 38 38 12 28 0 44 39 22 55 40 58 46 10
split_gain=58.6355 67.1454 90.8568 100.881 67.8639 274.034 66.1651 65.2849 87.3908 65.9464 70.6857 65.7556 90.579 58.7153
threshold=0.10700000000000001 5.6100000000000012 6.9055555555555568 2.1666666666666674 0.29225000000000007 5.166666666666667 13.35416666666667 12.566666666666668 0.14700000000000005 0.22500000000000003 5.0900000000000007 1122.5000000000002 3.7100000000000009 0.55000000000000016
decision_type=10 10 10 10 10 10 10 8 10 10 10 2 10 10
left_child=13 -2 3 -3 5 7 -6 9 -9 11 -11 12 -4 -1
right_child=1 2 4 -5 6 -7 -8 8 -10 10 -12 -13 -14 -15
leaf_value=-0.0021359395905316656 -0.011127153814797099 -0.0031844426622301076 0.014994882305027614 0.082506100740283736 -0.04787116659598218 0.11365129054664709 0.0029364356655941989 0.0015125635597440933 0.0897431665377037 0.0090361922201676863 -0.051034435915514598 -0.0042202218489092629 0.089060684150873537 0.037661628281687676
leaf_weight=9883 451 56 167 86 67 69 1261 58 55 98 96 235 55 93
leaf_count=9883 451 56 167 86 67 69 1261 58 55 98 96 235 55 93
internal_value=2.04741e-05 0.00648025 0.00994085 0.0486446 0.00737539 0.018559 0.00033723 0.00986935 0.0448831 0.00372355 -0.0206157 0.0141216 0.0336158 -0.00176056
internal_weight=12730 2754 2303 142 2161 833 1328 764 113 651 194 457 222 9976
internal_count=12730 2754 2303 142 2161 833 1328 764 113 651 194 457 222 9976
is_linear=0
shrinkage=0.05


Tree=68
num_leaves=15
num_cat=0
split_feature=61 5 4 40 3 43 3 48 36 11 11 24 46 43
split_gain=57.0215 94.8661 73.6013 56.4357 46.9213 74.8579 68.9444 108.425 55.0931 51.7541 71.7265 46.2622 72.8859 99.6218
threshold=102.50000000000001 79.83750000000002 60.45000000000001 13.010000000000003 82.833333333333357 39.900000000000006 84.833333333333357 1.5833333333333337 25.63333333333334 0.35416666666666669 0.23611111111111113 0.11596333333333333 7.21 32.550000000000004
decision_type=2 8 10 10 10 10 10 10 10 10 10 10 10 10
left_child=4 2 -2 -3 5 9 7 -6 -7 10 11 12 13 -1
right_child=1 3 -4 -5 6 8 -8 -9 -10 -11 -12 -13 -14 -15
leaf_value=-0.0014186762900659611 0.016386138212326998 0.082825207187345748 -0.056519012304373312 0.022357988858800287 0.079381482138891124 -0.064410435760313745 0.0041751836119471369 -0.0030731219092225721 -0.0027805127700169883 0.032543108481011204 -0.029751480605188986 0.025335226053590173 -0.060567551793403999 0.047639659578292567
leaf_weight=10434 109 67 50 95 82 81 1017 76 67 113 218 166 51 104
leaf_count=10434 109 67 50 95 82 81 1017 76 67 113 218 166 51 104
internal_value=2.02782e-05 0.0208117 -0.00648858 0.0476978 -0.000516363 -0.00151275 0.00898522 0.0396775 -0.0367821 -0.001038 -0.00138757 -0.000808958 -0.00122235 -0.000929908
internal_weight=12730 321 159 162 12409 11234 1175 158 148 11086 10973 10755 10589 10538
internal_count=12730 321 159 162 12409 11234 1175 158 148 11086 10973 10755 10589 10538
is_linear=0
shrinkage=0.05


Tree=69
num_leaves=15
num_cat=0
split_feature=12 60 41 44 36 11 62 58 44 44 23 59 3 57
split_gain=52.1903 89.9188 68.9243 144.337 96.4339 45.8905 83.437 45.2149 89.2403 128.503 117.637 59.4532 65.4984 54.5063
threshold=1.0000000180025095e-35 1.5000000000000002 10.142222222222225 14.422222222222224 2.3000000000000007 0.18333333333333338 993774.50000000012 1042.5000000000002 12.422222222222224 21.387500000000003 0.18633333333333338 1077.5000000000002 71.166666666666671 3.7500000000000004
decision_type=10 2 10 10 10 10 2 2 10 10 10 2 10 2
left_child=5 7 3 4 -3 6 -1 8 -2 10 -10 12 -9 -13
right_child=1 2 -4 -5 -6 -7 -8 11 9 -11 -12 13 -14 -15
leaf_value=-0.0030316405828408602 -0.0092645284341186223 0.058944189717082207 -0.0027030224521313946 0.10578080189489102 -0.024237005215085358 -0.037444533140481455 0.058515175056081642 -0.0032398450601416641 0.03035220391787849 0.0039510463757372379 0.12996439174527216 0.0063224303785570542 -0.03901402337187318 -0.0052638696361187705
leaf_weight=6556 190 68 108 68 70 95 55 429 71 150 52 3137 183 1498
leaf_count=6556 190 68 108 68 70 95 55 429 71 150 52 3137 183 1498
internal_value=1.94451e-05 0.0033991 0.029433 0.0463678 0.0166351 -0.0030128 -0.00251144 0.00196063 0.0169322 0.0352393 0.0730228 0.000633279 -0.014001 0.00257226
internal_weight=12730 6024 314 206 138 6706 6611 5710 463 273 123 5247 612 4635
internal_count=12730 6024 314 206 138 6706 6611 5710 463 273 123 5247 612 4635
is_linear=0
shrinkage=0.05


Tree=70
num_leaves=15
num_cat=0
split_feature=39 39 62 42 62 14 3 53 11 57 39 1 41 40
split_gain=49.7367 105.46 145.352 104.916 72.6943 64.2562 72.2258 73.7552 94.9228 105.676 58.8319 50.3714 53.8466 98.2532
threshold=9.9833333333333361 8.8833333333333346 1557365.0000000002 31.833333333333339 1094476.5000000002 17.154761904761909 72.833333333333357 1.4142857142857144 0.11805555555555557 3.7500000000000004 4.783333333333335 1.2250000000000003 15.470714285714289 17.930000000000003
decision_type=10 10 2 8 2 10 10 10 10 2 10 10 10 10
left_child=1 2 5 10 -3 6 -1 -8 9 -9 -4 -2 13 -13
right_child=11 4 3 -5 -6 -7 7 8 -10 -11 -12 12 -14 -15
leaf_value=-0.0018022271162068686 0.041536816827407702 -0.019414880955680711 -0.01956096010498044 0.079722119953463427 -0.086113613554574919 -0.037107273672957977 -0.013675358002422797 0.07335404480829287 -0.014023847267931742 -0.0083379044371578743 0.046908139024884249 0.0042077434826207263 0.018577465926783433 -0.044116688045588409
leaf_weight=9788 102 209 73 93 51 124 113 149 74 53 60 1177 549 115
leaf_count=9788 102 209 73 93 51 124 113 149 74 53 60 1177 549 115
internal_value=1.8806e-05 -0.00130573 -0.000525605 0.0390915 -0.0327342 -0.00139907 -0.000959733 0.02015 0.0340889 0.0518289 0.0103012 0.00738358 0.00546699 -8.96399e-05
internal_weight=12730 10787 10527 226 260 10301 10177 389 276 202 133 1943 1841 1292
internal_count=12730 10787 10527 226 260 10301 10177 389 276 202 133 1943 1841 1292
is_linear=0
shrinkage=0.05


Tree=71
num_leaves=15
num_cat=0
split_feature=61 11 44 25 24 24 23 30 48 25 26 49 25 61
split_gain=50.0685 57.2014 53.2202 40.4847 46.4701 69.5947 58.9761 38.4718 37.4918 90.4099 86.3182 52.2691 42.4116 44.0476
threshold=47.500000000000007 0.11805555555555557 11.316666666666668 0.20300000000000004 0.16742000000000001 0.14166666666666669 0.34527777777777785 2.2500000000000004 1.1666666666666667 0.086163000000000017 0.10700000000000001 1.9000000000000001 0.070141000000000023 61.500000000000007
decision_type=2 8 10 10 10 10 10 10 10 10 10 10 10 2
left_child=1 2 -1 4 5 7 -6 8 9 11 -10 12 13 -2
right_child=3 -3 -4 -5 6 -7 -8 -9 10 -11 -12 -13 -14 -15
leaf_value=-0.0043738911948080234 0.00045601427904829839 -0.030567891553011463 0.036011477733800513 0.035296421485711202 0.0015945866324339705 0.046763397934119828 -0.063574794080199268 0.034490941305405406 -0.00046307383104603845 0.056734792100165243 -0.047268981720084577 0.053120333784930064 -0.042167334439288273 0.013345209166900069
leaf_weight=3362 2446 205 83 90 78 86 61 88 5034 83 100 53 50 911
leaf_count=3362 2446 205 83 90 78 86 61 88 5034 83 100 53 50 911
internal_value=1.75125e-05 -0.00492589 -0.00338855 0.00200759 0.0016696 0.0021234 -0.0269511 0.00167991 0.00134229 0.00529974 -0.00138414 0.00405065 0.0032723 0.00396271
internal_weight=12730 3650 3445 9080 8990 8851 139 8765 8677 3543 5134 3460 3407 3357
internal_count=12730 3650 3445 9080 8990 8851 139 8765 8677 3543 5134 3460 3407 3357
is_linear=0
shrinkage=0.05


Tree=72
num_leaves=15
num_cat=0
split_feature=61 5 4 29 39 53 29 14 4 4 39 42 4 28
split_gain=46.1564 84.4885 67.6977 60.2055 66.0201 41.0596 39.4013 86.5884 88.199 58.6159 69.2375 75.8734 89.2509 90.9631
threshold=102.50000000000001 79.83750000000002 60.45000000000001 0.67912250000000018 17.050000000000004 1.3666666666666669 0.10700000000000001 9.4142857142857164 70.700000000000003 90.100000000000009 27.933333333333334 55.166666666666679 84.100000000000009 0.65700000000000014
decision_type=2 8 10 8 10 10 10 10 10 10 10 10 10 10
left_child=6 2 5 4 -3 -2 7 8 -1 10 11 12 13 -8
right_child=1 3 -4 -5 -6 -7 9 -9 -10 -11 -12 -13 -14 -15
leaf_value=-0.001458567846290065 0.046352712322618367 0.1017842836232267 -0.055012256194754409 0.00048768715334868216 0.022481986304911057 -0.014575950135435679 0.0047677254224516791 -0.019288968844158413 0.029542018901833555 -0.031716311214999723 0.057644265000672303 -0.054302607845692408 0.030611035821334728 -0.047583289969863232
leaf_weight=8861 53 58 50 54 50 56 2009 669 235 104 64 52 329 86
leaf_count=8861 53 58 50 54 50 56 2009 669 235 104 64 52 329 86
internal_value=1.70089e-05 0.0187232 -0.00703317 0.0441003 0.0655735 0.014898 -0.000465609 -0.00193353 -0.000653323 0.00494571 0.00646262 0.00511821 0.00641416 0.00259594
internal_weight=12730 321 159 162 108 109 12409 9765 9096 2644 2540 2476 2424 2095
internal_count=12730 321 159 162 108 109 12409 9765 9096 2644 2540 2476 2424 2095
is_linear=0
shrinkage=0.05


Tree=73
num_leaves=15
num_cat=0
split_feature=62 23 57 26 48 26 24 4 39 44 45 12 23 5
split_gain=43.3077 48.6704 43.6371 64.704 62.9467 68.6146 61.5373 71.324 152.003 69.1048 114.686 144.014 80.2775 88.7765
threshold=37092.500000000007 0.21803500000000003 2.7500000000000004 0.14450000000000002 1.1666666666666667 0.10824650000000001 0.00066500000000000012 25.100000000000005 1.3333333333333341 14.183333333333335 6.5333333333333341 13.833333333333334 0.26819500000000007 74.550000000000011
decision_type=2 10 2 10 8 10 10 8 10 10 10 10 10 10
left_child=1 -1 3 4 -2 6 7 8 -6 -8 11 -11 -12 -14
right_child=2 -3 -4 -5 5 -7 9 -9 -10 10 12 -13 13 -15
leaf_value=-0.0027102915165852746 0.015170650052213805 -0.04937568474725812 -0.00081764951710439179 0.056378465583761229 -0.0013654092488189539 -0.056061403978438611 -0.0083706210086914312 -0.018816864360831208 0.085333036624633526 0.024050536403914517 0.05036474678700216 0.11188716068311975 -0.063664687800228145 0.01541221859241953
leaf_weight=5744 1161 56 3888 65 562 52 217 513 55 156 53 67 66 75
leaf_count=5744 1161 56 3888 65 562 52 217 513 55 156 53 67 66 75
internal_value=1.62953e-05 -0.00316938 0.00268616 0.00717202 0.00607996 0.000251789 0.0019414 -0.00503717 0.00638533 0.0144131 0.0263251 0.050744 -0.00167386 -0.02152
internal_weight=12730 5800 6930 3042 2977 1816 1764 1130 617 634 417 223 194 141
internal_count=12730 5800 6930 3042 2977 1816 1764 1130 617 634 417 223 194 141
is_linear=0
shrinkage=0.05


Tree=74
num_leaves=15
num_cat=0
split_feature=61 11 57 62 23 23 23 62 43 47 45 37 39 13
split_gain=43.2278 51.7574 47.2807 68.5922 127.033 52.0631 219.099 106.651 80.2368 55.0801 58.5622 96.3742 105.485 104.333
threshold=47.500000000000007 0.11805555555555557 3.7500000000000004 4537392.0000000009 0.49150000000000005 0.52350000000000019 0.57850000000000013 3405965.5000000005 38.900000000000006 9.1650000000000009 6.4666666666666677 17.380000000000006 12.483333333333336 15.900000000000002
decision_type=2 8 2 2 10 8 8 2 8 10 10 10 10 10
left_child=1 -1 3 5 -5 7 -7 9 -8 10 11 -2 13 -13
right_child=2 -3 -4 4 -6 6 8 -9 -10 -11 -12 12 -14 -15
leaf_value=-0.0031148647123731771 0.0021606312305140567 -0.028969055976165767 -0.0042881560156545675 0.10074082289650604 -0.003664023679842178 0.11136967700460683 -0.051553956951413842 -0.067996002622296881 0.01701594593936771 0.039618287202137621 -0.012638548404769226 0.047949064622008347 0.076138857256766806 -0.015178216512465396
leaf_weight=3445 5210 205 2320 51 66 57 52 53 226 100 593 118 89 145
leaf_count=3445 5210 205 2320 51 66 57 52 53 226 100 593 118 89 145
internal_value=1.55933e-05 -0.00457757 0.00186487 0.00398041 0.041868 0.00330625 0.0225076 0.00228086 0.00403062 0.00288571 0.00228169 0.00387792 0.0291857 0.0130874
internal_weight=12730 3650 9080 6760 117 6643 335 6308 278 6255 6155 5562 352 263
internal_count=12730 3650 9080 6760 117 6643 335 6308 278 6255 6155 5562 352 263
is_linear=0
shrinkage=0.05


Tree=75
num_leaves=15
num_cat=0
split_feature=61 11 44 62 23 43 24 53 58 39 53 40 62 55
split_gain=39.0287 46.72 46.6493 38.624 55.9731 43.1332 106.293 113.204 52.2746 92.0506 48.2246 84.8461 136.281 76.8717
threshold=47.500000000000007 0.11805555555555557 11.316666666666668 44558.500000000007 0.21617000000000006 6.6333333333333337 0.0033333333333333353 1.8944444444444446 1068.7500000000002 0.50000000000000078 1.0500000000000003 3.3900000000000006 211637.00000000003 0.55000000000000016
decision_type=2 8 10 2 10 10 10 10 2 8 10 10 2 10
left_child=1 2 -1 4 -2 6 8 -8 9 -5 11 12 -7 -13
right_child=3 -3 -4 5 -6 10 7 -9 -10 -11 -12 13 -14 -15
leaf_value=-0.0038821464728037778 -0.0012869559036699715 -0.02752412752749131 0.03392798211090936 0.0092602094975602883 -0.047589699900884158 -0.020685905715318646 0.0698934479451086 -0.0069474730354089007 0.0015979059052701793 0.084198320341539817 0.0043402957498842173 -0.0035467716250438376 0.087473193803262489 -0.041032069059343014
leaf_weight=3362 3678 205 83 161 66 63 143 71 1053 55 3157 357 53 223
leaf_count=3362 3678 205 83 161 66 63 143 71 1053 55 3157 357 53 223
internal_value=1.50249e-05 -0.00434925 -0.00295914 0.00177228 -0.00211611 0.0045052 0.0117525 0.0443262 0.00622444 0.0286075 0.00170809 -0.0101901 0.0286804 -0.0180252
internal_weight=12730 3650 3445 9080 3744 5336 1483 214 1269 216 3853 696 116 580
internal_count=12730 3650 3445 9080 3744 5336 1483 214 1269 216 3853 696 116 580
is_linear=0
shrinkage=0.05


Tree=76
num_leaves=15
num_cat=0
split_feature=61 12 48 30 1 3 4 23 4 13 23 51 1 14
split_gain=39.0601 79.8025 98.4855 36.3099 73.898 32.6594 66.0521 109.082 111.393 64.252 63.1652 91.6646 61.6307 65.9992
threshold=102.50000000000001 29.500000000000004 1.1666666666666667 0.12411666666666668 3.3666666666666671 82.833333333333357 86.450000000000017 0.11687500000000001 83.675000000000011 29.100000000000005 0.37462500000000004 1.4166666666666667 6.5500000000000007 9.3166666666666682
decision_type=2 8 10 10 8 10 10 10 10 10 10 10 10 10
left_child=5 2 -2 4 -4 -1 7 -7 10 12 11 -9 13 -8
right_child=1 -3 3 -5 -6 6 9 8 -10 -11 -12 -13 -14 -15
leaf_value=-0.0012610562038916071 0.064295876033530375 0.058953938808446453 0.00071324303558787468 0.018133083925160588 -0.076414418427070779 -0.0066528910840917875 0.029354725334109096 0.08624194575155654 0.089261515207103737 -0.05427311076908499 -0.01790572865832624 0.0053148588154487272 0.052158848813793679 -0.012117408416429526
leaf_weight=11234 50 84 79 58 50 206 122 61 84 55 69 83 55 440
leaf_count=11234 50 84 79 58 50 206 122 61 84 55 69 83 55 440
internal_value=1.43487e-05 0.0172227 0.00223369 -0.0143543 -0.0291678 -0.000429465 0.00749714 0.0211956 0.0405742 -0.0027273 0.0210924 0.0399493 0.00186729 -0.00305203
internal_weight=12730 321 237 187 129 12409 1175 503 297 672 213 144 617 562
internal_count=12730 321 237 187 129 12409 1175 503 297 672 213 144 617 562
is_linear=0
shrinkage=0.05


Tree=77
num_leaves=15
num_cat=0
split_feature=61 48 48 41 3 3 43 4 23 4 51 13 0 29
split_gain=35.3041 74.9896 98.888 89.4138 87.1281 29.5014 67.5655 59.6472 98.5482 100.549 60.8696 58.0493 57.6949 57.2631
threshold=102.50000000000001 2.8333333333333335 1.1666666666666667 15.640000000000004 68.166666666666671 82.833333333333357 39.900000000000006 86.450000000000017 0.11687500000000001 83.675000000000011 1.1666666666666667 29.100000000000005 7.166666666666667 0.25250000000000006
decision_type=2 10 8 8 10 10 10 10 10 10 10 10 10 10
left_child=5 2 -2 4 -4 6 -1 8 10 13 -7 12 -9 -10
right_child=1 -3 3 -5 -6 7 -8 11 9 -11 -12 -13 -14 -15
leaf_value=-0.00074688961611128128 0.065471688665094827 0.064604915343513786 0.004311571279482812 0.04337978359619412 -0.071344951669184073 0.028587530711365324 -0.034704440756879673 -0.0027401535449311596 0.066017951020627338 0.084824850972323021 -0.027380933405464682 -0.05158390348424783 0.053013287614604533 0.0052614023009171854
leaf_weight=11086 52 64 80 54 71 77 148 567 51 84 129 55 50 162
leaf_count=11086 52 64 80 54 71 77 148 567 51 84 129 55 50 162
internal_value=1.42907e-05 0.0163745 0.00416458 -0.0113863 -0.0312151 -0.000407548 -0.00119801 0.00712593 0.0201436 0.0385634 -0.00632105 -0.00258851 0.00177674 0.0200464
internal_weight=12730 321 257 205 151 12409 11234 1175 503 297 206 672 617 213
internal_count=12730 321 257 205 151 12409 11234 1175 503 297 206 672 617 213
is_linear=0
shrinkage=0.05


Tree=78
num_leaves=15
num_cat=0
split_feature=25 24 5 24 3 4 42 62 10 11 62 1 22 24
split_gain=34.1714 37.6839 53.0712 45.5378 60.5771 119.777 84.4451 118.105 82.8448 73.364 108.339 140.266 128.883 62.6283
threshold=0.20300000000000004 0.17833333333333337 66.105555555555569 0.10728000000000003 115.83333333333336 90.100000000000009 65.166666666666671 4537392.0000000009 0.55000000000000016 0.18333333333333338 1557365.0000000002 3.4500000000000006 0.35000000000000009 0.038645000000000006
decision_type=10 10 10 10 10 10 10 2 10 10 2 10 10 10
left_child=1 3 -3 4 5 6 7 8 9 10 13 -12 -13 -1
right_child=-2 2 -4 -5 -6 -7 -8 -9 -10 -11 11 12 -14 -15
leaf_value=-0.00094493917255376197 0.030461645264768862 0.010380303697420819 -0.056919637300672322 0.019192618643481416 0.043934808793215971 -0.050297979291342977 -0.049710508993668863 0.060897220687577559 0.04588658028316004 -0.014174193793041627 0.086944708526134507 -0.051108126360604661 0.052137905168533331 0.018811452683663656
leaf_weight=10222 91 50 68 303 76 120 85 79 96 921 82 58 62 417
leaf_count=10222 91 50 68 303 76 120 85 79 96 921 82 58 62 417
internal_value=1.42183e-05 -0.00020422 -0.0282683 5.93823e-05 -0.000413832 -0.000695278 -0.000196008 0.000156543 -0.000248564 -0.000629173 0.000519843 0.0367493 0.00202318 -0.000167382
internal_weight=12730 12639 118 12521 12218 12142 12022 11937 11858 11762 10841 202 120 10639
internal_count=12730 12639 118 12521 12218 12142 12022 11937 11858 11762 10841 202 120 10639
is_linear=0
shrinkage=0.05


Tree=79
num_leaves=15
num_cat=0
split_feature=61 50 14 25 50 61 14 51 8 38 62 40 62 41
split_gain=33.644 78.053 101.892 99.4886 74.8312 136.128 70.9834 126.215 59.2783 135.982 79.4747 81.9369 94.4804 61.043
threshold=62.500000000000007 3.4500000000000006 28.535714285714288 0.20300000000000004 0.89444444444444449 66.500000000000014 17.535714285714288 1.5833333333333337 0.47222222222222227 21.990000000000006 2526181.5000000005 15.670000000000003 901329.00000000012 15.640000000000004
decision_type=2 8 10 10 10 2 10 10 10 10 2 10 2 10
left_child=6 2 3 4 5 -2 -1 -8 -6 -10 11 12 -11 -12
right_child=1 -3 -4 -5 8 -7 7 -9 9 10 13 -13 -14 -15
leaf_value=-0.00093830795761012031 0.10303184346666615 0.06358282665867325 -0.045596662124366943 0.069985688620287437 -0.0013837319711181035 0.0097285652342993592 0.013632314584471963 -0.069308570994109642 0.083004885577481161 -0.006024171182206859 -0.036112845934913193 -0.016839765916610586 0.076009480885012248 0.025953794303721037
leaf_weight=9044 51 54 103 57 2592 166 82 102 68 53 130 72 100 56
leaf_count=9044 51 54 103 57 2592 166 82 102 68 53 130 72 100 56
internal_value=1.39895e-05 0.00418817 0.00324165 0.00475955 0.00361073 0.0319584 -0.00156753 -0.0322735 0.00159464 0.0177482 0.00680301 0.0268105 0.0475027 -0.0172726
internal_weight=12730 3502 3448 3345 3288 217 9228 184 3071 479 411 225 153 186
internal_count=12730 3502 3448 3345 3288 217 9228 184 3071 479 411 225 153 186
is_linear=0
shrinkage=0.05


Tree=80
num_leaves=15
num_cat=0
split_feature=47 43 1 21 0 8 37 21 46 39 5 39 37 50
split_gain=33.4815 52.0533 46.8536 101.691 62.9766 61.8202 45.8392 101.049 61.8368 67.3329 76.7016 91.4575 84.2901 68.9062
threshold=11.210000000000003 60.100000000000009 6.5500000000000007 0.45833333333333343 7.5833333333333348 0.58571428571428574 25.360000000000003 0.60043333333333349 6.3450000000000015 6.7833333333333341 63.95000000000001 25.016666666666669 22.510000000000005 1.788888888888889
decision_type=10 10 10 10 10 10 10 10 10 10 10 10 10 10
left_child=1 2 6 5 -5 -4 8 -8 -1 -10 -11 12 13 -12
right_child=-2 -3 3 4 -6 -7 7 -9 9 10 11 -13 -14 -15
leaf_value=-0.00061420646266302286 0.026357163516921481 -0.049448666074008586 0.097857718820710787 -0.051308972882752373 0.020549904579430626 0.02032810184386892 -0.030643544985818529 0.033607739268564717 -0.034859916319449742 0.067629093394653325 0.027644365587655234 -0.045678685057177169 0.075160507277677993 -0.038250042949247803
leaf_weight=11498 119 53 51 50 76 54 301 76 52 84 144 53 65 54
leaf_count=11498 119 53 51 50 76 54 301 76 52 84 144 53 65 54
internal_value=1.38177e-05 -0.000233816 -2.2158e-05 0.0222614 -0.00785799 0.0585076 -0.000442652 -0.0175974 9.71714e-05 0.0182292 0.0252281 0.0137889 0.0259317 0.00949614
internal_weight=12730 12611 12558 231 126 105 12327 377 11950 452 400 316 263 198
internal_count=12730 12611 12558 231 126 105 12327 377 11950 452 400 316 263 198
is_linear=0
shrinkage=0.05


Tree=81
num_leaves=15
num_cat=0
split_feature=61 50 13 0 31 31 62 12 48 30 45 4 62 4
split_gain=31.9156 46.7132 80.7264 49.7163 55.519 77.9855 46.9965 45.7784 93.7146 43.1919 46.6634 42.9831 74.5901 70.9184
threshold=47.500000000000007 3.4500000000000006 35.500000000000007 7.8333333333333348 1.1370000000000002 0.59300000000000019 137239.00000000003 24.833333333333339 1.8333333333333337 1.6483333333333337 3.4166666666666674 90.100000000000009 609603.00000000012 14.550000000000002
decision_type=2 8 10 10 10 10 2 10 10 8 10 10 2 10
left_child=9 2 3 7 5 -5 -3 11 -9 10 -1 12 -2 -14
right_child=1 6 -4 4 -6 -7 -8 8 -10 -11 -12 -13 13 -15
leaf_value=-0.0035943543409828987 0.00044416253473076049 0.0041446950084479284 -0.053270160122602078 0.051447230989024754 0.070265460697882767 -0.033859945409888521 0.068795028488034191 0.016996286361675546 -0.045149877625065907 -0.029734275743389244 0.038361062788990916 -0.022200694104164271 0.062485258530440006 0.01112018843105006
leaf_weight=3428 7251 64 67 52 54 54 51 101 149 155 67 183 72 982
leaf_count=3428 7251 64 67 52 54 54 51 101 149 155 67 183 72 982
internal_value=1.33592e-05 0.00160262 0.00119261 0.00160848 0.0291905 0.00779918 0.0332059 0.00109893 -0.0199592 -0.00393304 -0.00277753 0.00172325 0.00225472 0.0146807
internal_weight=12730 9080 8965 8898 160 106 115 8738 250 3650 3495 8488 8305 1054
internal_count=12730 9080 8965 8898 160 106 115 8738 250 3650 3495 8488 8305 1054
is_linear=0
shrinkage=0.05


Tree=82
num_leaves=15
num_cat=0
split_feature=47 43 47 22 40 28 50 28 39 36 12 22 28 25
split_gain=30.9617 46.2208 41.6174 34.8959 148.933 175.953 77.8089 41.8591 42.2611 80.9939 104.84 94.812 86.5974 135.473
threshold=11.210000000000003 60.100000000000009 12.770000000000001 0.54700000000000015 11.050000000000002 0.69900000000000018 2.0500000000000003 0.6090000000000001 10.916666666666668 22.433333333333341 16.583333333333339 0.38450000000000006 0.38181500000000007 0.099000000000000032
decision_type=10 10 10 10 10 10 10 10 10 10 10 10 10 10
left_child=1 3 -2 7 5 -5 -6 8 -1 10 11 12 13 -10
right_child=2 -3 -4 4 6 -7 -8 -9 9 -11 -12 -13 -14 -15
leaf_value=-0.0012977224550556085 0.054516370936243001 -0.046600673741293272 -0.0041076892302097648 0.11300904011284862 -0.039791016726999244 -0.0014234369410608049 0.030864275493158785 -0.041930075630176172 0.0055251260949414054 -0.0098280242607251198 0.070711759750887476 0.065845061293963725 -0.043763371165485898 0.089685632606733193
leaf_weight=10790 60 53 59 67 108 66 60 60 686 440 80 72 78 51
leaf_count=10790 60 53 59 67 108 66 60 60 686 440 80 72 78 51
internal_value=1.31551e-05 -0.000224903 0.0253459 -2.53394e-05 0.0167775 0.0562431 -0.0143919 -0.00044068 -0.000232824 0.00791347 0.0160129 0.0110143 0.00610225 0.0114397
internal_weight=12730 12611 119 12558 301 133 168 12257 12197 1407 967 887 815 737
internal_count=12730 12611 119 12558 301 133 168 12257 12197 1407 967 887 815 737
is_linear=0
shrinkage=0.05


Tree=83
num_leaves=15
num_cat=0
split_feature=57 62 32 23 23 62 47 44 46 3 21 24 58 28
split_gain=29.9108 56.5537 107.982 49.834 210.006 91.5617 55.0003 54.6855 62.3576 49.7354 66.4137 74.7725 56.9668 52.4585
threshold=3.7500000000000004 4537392.0000000009 0.76949999999999996 0.52350000000000019 0.58950000000000025 3405965.5000000005 9.1650000000000009 37.350000000000001 7.410000000000001 82.833333333333357 0.28026666666666672 0.11596333333333333 1116.2500000000002 0.30225000000000007
decision_type=2 2 10 10 10 2 10 10 10 10 10 10 2 10
left_child=1 3 -3 5 -5 6 7 9 -9 10 11 -1 -13 -12
right_child=-2 2 -4 4 -6 -7 -8 8 -10 -11 13 12 -14 -15
leaf_value=0.00040722102112573943 -0.0041319336636270196 0.086618741748535691 -0.0090064538240432739 0.093866065809194987 -0.022442804149218967 -0.064696102761707022 0.037690396638429581 -0.062775393035905111 5.3597333138449154e-05 0.014365588294807462 0.0055287975139334299 0.0042472998494083444 0.078363110135317937 -0.032610748989899511
leaf_weight=7753 3241 55 62 69 87 53 100 72 85 646 134 51 54 268
leaf_count=7753 3241 55 62 69 87 53 100 72 85 646 134 51 54 268
internal_value=1.27751e-05 0.00143119 0.0359101 0.000996197 0.0289773 0.0005183 0.000901747 0.00049101 -0.0287088 0.00101015 -3.21348e-05 0.000979438 0.0427917 -0.0198444
internal_weight=12730 9489 117 9372 156 9216 9163 9063 157 8906 8260 7858 105 402
internal_count=12730 9489 117 9372 156 9216 9163 9063 157 8906 8260 7858 105 402
is_linear=0
shrinkage=0.05


Tree=84
num_leaves=15
num_cat=0
split_feature=61 50 14 8 32 44 41 58 41 48 24 37 37 29
split_gain=27.566 41.7266 75.9954 51.2619 39.3722 49.673 39.181 36.3477 35.6632 44.6658 49.3149 40.9995 107.697 75.5434
threshold=47.500000000000007 3.4500000000000006 28.535714285714288 0.76388888888888895 1.2440350000000002 11.316666666666668 17.020000000000003 1118.7500000000002 25.790000000000003 3.1666666666666674 0.06494666666666668 31.84 25.360000000000003 0.34550000000000008
decision_type=2 8 10 10 8 10 10 2 10 10 8 10 10 10
left_child=4 2 3 8 5 -1 -4 -3 9 11 -11 12 -2 -13
right_child=1 7 6 -5 -6 -7 -8 -9 -10 10 -12 13 -14 -15
leaf_value=-0.0035090594079125203 0.0022625483562413325 0.062681096199068059 -0.069556994353597232 0.036118528075481243 -0.027806144143128916 0.034005078951215878 -0.010585983233018355 0.0057188106484191365 0.034552072341196567 -0.007337532592077387 -0.056186993445006717 0.072359876072277202 -0.028477434578230338 -0.0032825899474761065
leaf_weight=3399 7918 51 55 106 161 90 60 64 79 254 65 57 295 76
leaf_count=3399 7918 51 55 106 161 90 60 64 79 254 65 57 295 76
internal_value=1.25792e-05 0.00148972 0.00110206 0.00163057 -0.00365492 -0.00252947 -0.039185 0.0313588 0.00120758 0.000898717 -0.0174418 0.00160372 0.0011537 0.0290979
internal_weight=12730 9080 8965 8850 3650 3489 115 115 8744 8665 319 8346 8213 133
internal_count=12730 9080 8965 8850 3650 3489 115 115 8744 8665 319 8346 8213 133
is_linear=0
shrinkage=0.05


Tree=85
num_leaves=15
num_cat=0
split_feature=60 39 37 13 56 38 41 27 39 41 16 47 23 29
split_gain=30.0888 77.655 132.472 75.0198 51.4735 45.6027 27.1972 71.5045 68.8783 85.0384 100.952 110.412 65.0402 191.857
threshold=1.5000000000000002 0.16666666666666727 1.9200000000000004 13.450000000000001 0.38750000000000007 8.4300000000000033 15.930000000000001 0.84000000000000019 10.916666666666668 17.325000000000003 0.22500000000000003 6.7900000000000009 0.52350000000000019 0.61550000000000005
decision_type=2 10 10 10 10 10 10 10 10 10 10 10 10 10
left_child=6 -2 -3 4 5 -4 7 12 -8 -10 11 -11 -1 -14
right_child=1 2 3 -5 -6 -7 8 -9 9 10 -12 -13 13 -15
leaf_value=-0.0011060336047507635 -0.0056180736480262051 0.09807032746798823 0.0065752362297608127 0.051737599979394568 0.029936807941857393 -0.058800211253466905 -0.036196504511850344 -0.038462241052874463 0.061007029009597924 -0.0149168619059569 -0.017967598850924773 0.061922876064669452 0.11160267045592319 -0.0064160449075144387
leaf_weight=11240 348 56 50 83 61 55 69 126 89 75 200 121 50 107
leaf_count=11240 348 56 50 83 61 55 69 126 89 75 200 121 50 107
internal_value=1.18343e-05 0.0104635 0.0288734 0.0130455 -0.00624774 -0.0275485 -0.000551626 -0.00107403 0.0102604 0.0169517 0.00692283 0.0324295 -0.000656825 0.0312458
internal_weight=12730 653 305 249 166 105 12077 11523 554 485 396 196 11397 157
internal_count=12730 653 305 249 166 105 12077 11523 554 485 396 196 11397 157
is_linear=0
shrinkage=0.05


Tree=86
num_leaves=15
num_cat=0
split_feature=61 37 40 13 44 53 7 32 13 4 45 44 14 16
split_gain=26.5598 70.8392 112.61 68.7841 45.079 29.0256 94.1058 40.8729 61.7822 53.3858 51.7913 53.8905 32.9207 30.104
threshold=102.50000000000001 20.090000000000007 13.010000000000003 7.4500000000000011 54.800000000000004 0.95000000000000007 0.55000000000000016 0.41450000000000009 12.900000000000002 56.100000000000009 3.5416666666666674 6.7750000000000012 1.1833333333333336 0.63333333333333341
decision_type=2 8 8 10 8 8 10 10 10 10 10 8 10 10
left_child=5 3 -3 -2 -4 6 7 9 -9 10 11 12 -1 -7
right_child=1 2 4 -5 -6 13 -8 8 -10 -11 -12 -13 -14 -15
leaf_value=-0.0044356219695332764 0.014957149701322465 0.087662770656001476 -0.030083579326620199 -0.055209429179494444 0.034339643276145318 0.00023136455987441537 -0.06866526857387921 0.04715747383633101 -0.018225099606727198 -0.043250019248896446 0.044750209337118832 -0.031343151702861158 0.032362559915649416 0.037487369734759725
leaf_weight=538 93 65 50 55 58 11213 60 86 61 98 50 181 68 54
leaf_count=538 93 65 50 55 58 11213 60 86 61 98 50 181 68 54
internal_value=1.15201e-05 0.014202 0.0359168 -0.011048 0.00428247 -0.000354106 -0.00794901 -0.00452886 0.0198866 -0.00840275 -0.00426943 -0.00744194 -0.000241957 0.000413798
internal_weight=12730 321 173 148 108 12409 1142 1082 147 935 837 787 606 11267
internal_count=12730 321 173 148 108 12409 1142 1082 147 935 837 787 606 11267
is_linear=0
shrinkage=0.05


Tree=87
num_leaves=15
num_cat=0
split_feature=60 39 37 37 41 37 0 59 27 4 26 12 16 21
split_gain=27.3078 70.0619 119.194 69.9102 106.214 65.3287 28.8327 82.7904 78.9941 72.7577 45.916 53.7766 61.1214 45.4452
threshold=1.5000000000000002 0.16666666666666727 1.9200000000000004 11.700000000000001 10.255000000000003 6.8200000000000003 7.166666666666667 1087.5000000000002 0.32833333333333342 90.100000000000009 0.18041250000000006 24.833333333333339 1.0000000180025095e-35 0.59500000000000008
decision_type=2 10 10 10 10 8 10 2 10 10 10 10 10 10
left_child=6 -2 -3 5 -5 -4 9 -8 -9 10 11 13 -13 -1
right_child=1 2 3 4 -6 -7 7 8 -10 -11 -12 12 -14 -15
leaf_value=-0.00061988195739178876 -0.0053040057768139297 0.093096956037050871 0.0197938954935242 0.093189561592405934 0.0020727063276175131 -0.056126114415910547 -0.036751095417141916 0.066475041384933986 0.0068401176310502569 -0.03354537654833907 0.046199408751868065 0.011885420887366585 -0.052081250303099604 0.027128576159626744
leaf_weight=11238 348 56 58 51 86 54 62 85 162 168 52 57 104 149
leaf_count=11238 348 56 58 51 86 54 62 85 162 168 52 57 104 149
internal_value=1.10379e-05 0.0099681 0.0274553 0.0124354 0.0363895 -0.0166749 -0.000525658 0.0145337 0.0275561 -0.000923807 -0.000447776 -0.000661982 -0.0293132 -0.00025342
internal_weight=12730 653 305 249 137 112 12077 309 247 11768 11600 11548 161 11387
internal_count=12730 653 305 249 137 112 12077 309 247 11768 11600 11548 161 11387
is_linear=0
shrinkage=0.05


Tree=88
num_leaves=15
num_cat=0
split_feature=57 50 46 45 61 42 58 39 60 37 30 48 2 26
split_gain=26.5956 42.6649 84.951 63.0653 59.0112 39.2083 36.1042 38.6842 67.0681 92.1297 77.9973 52.0811 51.9374 106.904
threshold=3.7500000000000004 3.4500000000000006 12.560000000000002 11.516666666666667 59.500000000000007 54.416666666666679 1247.5000000000002 0.083333333333331566 1.5000000000000002 2.2200000000000006 0.61833333333333351 0.83333333333333337 3.2678571428571432 0.061200499999999998
decision_type=2 8 10 10 2 10 2 10 2 10 10 10 10 10
left_child=1 2 3 6 -3 -2 7 -1 11 -10 -11 12 -9 -14
right_child=5 4 -4 -5 -6 -7 -8 8 9 10 -12 -13 13 -15
leaf_value=-0.0017765859970843537 -0.0030922701177619953 -0.0020772419902293578 -0.059592937367117932 0.042447622249255308 0.071338752599306485 -0.041924846967808294 -0.030122943809507668 0.018219241542291716 0.082925847222331941 -0.0084580022169638679 0.058888344764709478 -0.00014315159608558104 -0.037293158505035909 0.048478868777312126
leaf_weight=4872 3175 57 57 92 51 66 92 829 61 136 62 3007 122 51
leaf_count=4872 3175 57 57 92 51 66 92 829 61 136 62 3007 122 51
internal_value=1.10403e-05 0.00134865 0.000985295 0.00136148 0.03253 -0.00389712 0.000947061 0.00126417 0.0047409 0.0293871 0.0125995 0.00313894 0.0130086 -0.0117968
internal_weight=12730 9489 9381 9324 108 3241 9232 9140 4268 259 198 4009 1002 173
internal_count=12730 9489 9381 9324 108 3241 9232 9140 4268 259 198 4009 1002 173
is_linear=0
shrinkage=0.05


Tree=89
num_leaves=15
num_cat=0
split_feature=53 30 43 43 40 61 2 40 14 51 44 38 36 1
split_gain=25.6876 77.6572 61.2536 48.9198 70.8825 76.3763 98.7801 43.5932 41.0994 47.8431 44.6521 39.6249 39.3171 80.022
threshold=2.0500000000000003 2.2500000000000004 28.225000000000005 11.225000000000001 5.5100000000000007 52.500000000000007 2.4722222222222228 0.54000000000000048 12.121428571428572 2.8333333333333335 17.527777777777782 21.990000000000006 11.566666666666663 2.1000000000000005
decision_type=8 10 10 10 10 2 10 8 10 10 10 10 8 10
left_child=1 12 3 7 5 -5 -7 -2 9 10 -6 -4 13 -1
right_child=2 -3 11 4 8 6 -8 -9 -10 -11 -12 -13 -14 -15
leaf_value=0.00072281999849729741 -0.0009791954898104025 0.063042859117140859 -0.014621715039297304 -0.011702180339382329 -0.0025670036848951883 0.10024374929025658 0.008581313076685396 -0.016792908505787244 0.029773681889648088 0.020677500030799222 -0.050446600534316516 -0.065684522215912977 0.0067030048397388083 -0.017616421325645591
leaf_weight=7048 1404 50 105 54 111 66 54 634 81 85 88 61 2240 649
leaf_count=7048 1404 50 105 54 111 66 54 634 81 85 88 61 2240 649
internal_value=1.03662e-05 0.00118945 -0.0042729 -0.00236296 0.0110099 0.0372271 0.0594099 -0.00591385 -0.00145353 -0.0104844 -0.0239386 -0.0336768 0.000872555 -0.000821315
internal_weight=12730 9987 2743 2577 539 174 120 2038 365 284 199 166 9937 7697
internal_count=12730 9987 2743 2577 539 174 120 2038 365 284 199 166 9937 7697
is_linear=0
shrinkage=0.05


Tree=90
num_leaves=15
num_cat=0
split_feature=25 24 5 3 4 42 62 10 43 12 17 29 5 61
split_gain=24.5804 37.7201 47.1505 38.1877 54.996 72.936 135.79 64.0713 61.6391 45.694 99.3946 75.9747 77.5106 59.3741
threshold=0.20300000000000004 0.17833333333333337 66.105555555555569 118.83333333333336 90.100000000000009 65.166666666666671 4537392.0000000009 0.63333333333333341 39.500000000000007 24.833333333333339 1.0000000180025095e-35 0.3357965 85.63333333333334 74.500000000000014
decision_type=10 10 10 10 10 10 2 10 10 10 10 10 10 2
left_child=1 3 -3 4 5 6 7 9 -6 11 -11 -1 13 -13
right_child=-2 2 -4 -5 8 -7 -8 -9 -10 10 -12 12 -14 -15
leaf_value=-0.00061779022150626212 0.025833445374187226 0.0081530894678418005 -0.055251179515880391 0.036024006152031378 -0.057761546840212945 -0.044224301588217746 0.061943611565082435 0.056329113731880001 0.006041354081012253 0.038490091536356054 -0.035068347948895795 -0.00087174283217568448 0.060080623876449114 0.033334341707998372
leaf_weight=11114 91 50 68 73 86 91 89 50 66 57 224 397 89 185
leaf_count=11114 91 50 68 73 86 91 89 50 66 57 224 397 89 185
internal_value=9.74834e-06 -0.000175217 -0.028253 8.8513e-05 -0.000121657 0.000246426 0.000581844 0.000126501 -0.0299647 -0.000106649 -0.0200166 0.000366789 0.0167003 0.00997769
internal_weight=12730 12639 118 12521 12448 12296 12205 12116 152 12066 281 11785 671 582
internal_count=12730 12639 118 12521 12448 12296 12205 12116 152 12066 281 11785 671 582
is_linear=0
shrinkage=0.05


Tree=91
num_leaves=15
num_cat=0
split_feature=32 37 32 61 25 42 42 4 5 6 36 38 62 25
split_gain=25.2083 59.6608 59.4647 108.434 72.6231 34.4308 90.3005 71.3664 64.1233 111.469 133.478 63.3137 69.441 141.312
threshold=1.7095000000000005 21.700000000000006 1.4727500000000002 53.500000000000007 0.070141000000000023 66.166666666666671 58.833333333333336 90.100000000000009 87.050000000000011 1.0000000180025095e-35 26.100000000000005 24.045000000000005 1557365.0000000002 0.026000000000000013
decision_type=10 10 10 2 10 10 10 10 10 10 10 10 2 10
left_child=2 -2 5 -4 -5 6 7 8 11 -10 -11 12 -1 -14
right_child=1 -3 3 4 -6 -7 -8 -9 9 10 -12 -13 13 -15
leaf_value=-0.00034267871429629888 0 -0.062828210414013028 -0.027859553615979062 0.084485522243711697 0.011376468613597118 -0.028198804665133699 0.054245233769510307 -0.034465961460259271 -0.020484576074604216 0.098060105588065091 0.0090327965640104729 -0.023539957675758911 0.069690072935395947 -0.008366019314103447
leaf_weight=11233 130 53 61 76 63 108 76 150 89 75 97 287 106 126
leaf_count=11233 130 53 61 76 63 108 76 150 89 75 97 287 106 126
internal_value=9.71738e-06 -0.0183863 0.00028074 0.0272927 0.0516885 -0.00015587 9.06876e-05 -0.000247855 0.000178744 0.0246687 0.0481695 -0.000364053 0.000214924 0.0272632
internal_weight=12730 183 12547 200 139 12347 12239 12163 12013 261 172 11752 11465 232
internal_count=12730 183 12547 200 139 12347 12239 12163 12013 261 172 11752 11465 232
is_linear=0
shrinkage=0.05


Tree=92
num_leaves=15
num_cat=0
split_feature=57 26 14 5 59 13 3 21 29 38 58 5 31 45
split_gain=24.4952 49.6773 40.1477 56.8612 92.438 176.812 64.8623 51.8728 92.983 84.4074 79.8733 120.526 66.3765 64.7124
threshold=2.7500000000000004 0.14050000000000004 26.050000000000004 81.950000000000017 1098.7500000000002 13.100000000000001 89.833333333333357 0.29400000000000009 0.17050000000000001 16.010000000000002 1042.5000000000002 55.550000000000004 0.51610000000000011 3.6666666666666674
decision_type=2 10 10 10 2 10 10 8 10 10 2 10 10 10
left_child=1 2 3 7 6 -6 -5 8 9 13 -10 12 -12 -1
right_child=-2 -3 -4 4 5 -7 -8 -9 10 -11 11 -13 -14 -15
leaf_value=0.00028921280473319404 -0.0019484702194181376 0.043040981148713388 -0.032896018615620998 0.035860143470988197 -0.0079459891599767355 0.10893314156337833 -0.026436269446391963 -0.013965056707412738 0.071273690262797534 -0.038720973379938323 0.011795856910403709 -0.017928237305412126 0.074679889194449497 0.02528977790192978
leaf_weight=3884 7079 74 81 71 59 70 100 507 78 131 85 149 85 277
leaf_count=3884 7079 74 81 71 59 70 100 507 78 131 85 149 85 277
internal_value=9.12483e-06 0.00246578 0.0019191 0.0024397 0.0235912 0.0554595 -0.000395597 0.00121152 0.00285914 0.000710437 0.0259959 0.0147524 0.0435113 0.00196236
internal_weight=12730 5651 5577 5496 300 129 171 5196 4689 4292 397 319 170 4161
internal_count=12730 5651 5577 5496 300 129 171 5196 4689 4292 397 319 170 4161
is_linear=0
shrinkage=0.05


Tree=93
num_leaves=15
num_cat=0
split_feature=45 45 27 27 21 12 0 1 12 1 22 37 41 37
split_gain=24.273 95.4553 30.2619 72.5939 62.0599 47.6944 55.1392 41.413 61.7114 49.7574 60.4258 40.342 40.107 40.6588
threshold=12.333333333333334 14.85 0.85471000000000019 0.76166666666666683 0.87666666666666682 31.166666666666668 7.166666666666667 6.6333333333333337 24.833333333333339 6.1000000000000005 0.54700000000000015 23.900000000000006 25.790000000000003 25.360000000000003
decision_type=10 10 10 10 10 10 10 10 10 10 10 10 10 10
left_child=2 -2 3 5 -4 6 7 8 9 10 12 -10 13 -1
right_child=1 -3 4 -5 -6 -7 -8 -9 11 -11 -12 -13 -14 -15
leaf_value=-8.9527257566913109e-05 0.058352774966683167 -0.029033568752146213 -0.058889888147361402 0.048608365658835397 0.007428744237943991 -0.036822547216368261 0.040507656746281838 0.03689858893420072 -0.0045104892975693454 -0.047806300051988812 0.041716374637763627 -0.064091204357147213 0.041796885180262339 -0.025994005185288018
leaf_weight=11677 74 53 65 76 75 88 83 74 54 54 86 62 56 153
leaf_count=11677 74 53 65 76 75 88 83 74 54 54 86 62 56 153
internal_value=9.1228e-06 0.0217175 -0.000208501 4.96305e-05 -0.0232841 -0.000248232 1.29131e-05 -0.000261823 -0.000491868 -0.000138942 7.59621e-05 -0.0367083 -0.000224962 -0.000427753
internal_weight=12730 127 12603 12463 140 12387 12299 12216 12142 12026 11972 116 11886 11830
internal_count=12730 127 12603 12463 140 12387 12299 12216 12142 12026 11972 116 11886 11830
is_linear=0
shrinkage=0.05


Tree=94
num_leaves=15
num_cat=0
split_feature=32 43 32 61 25 7 22 22 39 45 30 2 1 37
split_gain=23.9357 76.5466 52.4458 96.8063 65.4737 31.151 65.8232 78.889 83.8777 48.9766 69.3314 40.08 64.1953 57.6127
threshold=1.7095000000000005 13.633333333333335 1.4727500000000002 53.500000000000007 0.070141000000000023 0.90000000000000013 0.64100000000000013 0.54700000000000015 10.741666666666669 13.341666666666669 1.031666666666667 6.3166666666666673 6.2250000000000005 25.360000000000003
decision_type=10 10 10 2 10 10 10 10 10 10 10 10 10 10
left_child=2 -2 5 -4 -5 6 7 11 -9 10 -7 12 13 -1
right_child=1 -3 3 4 -6 9 -8 8 -10 -11 -12 -13 -14 -15
leaf_value=-5.2478676597148677e-05 0.029140137556271678 -0.039979964907307076 -0.026456378512387354 0.079836282498063224 0.010401375668020699 0.059855107588585088 -0.039228566869887342 0.089469397038516432 -0.00011080392053194135 -0.021993758225614585 -0.012477561506894556 -0.035648867729125747 0.045406438449239417 -0.025573138824092047
leaf_weight=11560 58 125 61 76 63 94 108 50 53 51 50 80 76 225
leaf_count=11560 58 125 61 76 63 94 108 50 53 51 50 80 76 225
internal_value=8.4862e-06 -0.0179171 0.00027263 0.0256404 0.0486951 -0.000137281 -0.000457814 -0.000106462 0.0433553 0.0196599 0.0346103 -0.000485246 -0.000244474 -0.000542906
internal_weight=12730 183 12547 200 139 12347 12152 12044 103 195 144 11941 11861 11785
internal_count=12730 183 12547 200 139 12347 12152 12044 103 195 144 11941 11861 11785
is_linear=0
shrinkage=0.05


Tree=95
num_leaves=15
num_cat=0
split_feature=47 43 59 62 38 38 2 28 22 25 44 2 50 41
split_gain=23.3716 41.7508 35.886 33.7977 26.5298 67.5185 47.7228 42.9647 73.6383 69.2269 39.0755 84.4472 109.498 55.6373
threshold=11.210000000000003 60.100000000000009 1142.5000000000002 4537392.0000000009 31.840000000000007 28.965 6.8285714285714292 0.74500000000000011 0.54700000000000015 0.045065000000000008 36.250000000000007 3.683333333333334 1.788888888888889 22.991666666666671
decision_type=10 10 2 2 10 10 10 10 10 10 10 10 10 10
left_child=1 3 -2 4 5 7 -6 8 10 -10 13 -12 -13 -1
right_child=2 -3 -4 -5 6 -7 -8 -9 9 -11 11 12 -14 -15
leaf_value=-0.00032603755003227905 -0.0053046312590106191 -0.044274825178017126 0.049119961219608849 0.031693581210638949 -0.049112229885495441 0.042337037909795899 0.013070486574655489 -0.037916226443273346 0.083604903740457981 0.005082195974488295 0.019920135722188894 -0.010702037055100968 -0.098679024558346554 0.043609354650152143
leaf_weight=11757 59 53 60 83 73 93 52 75 50 65 83 100 55 72
leaf_count=11757 59 53 60 83 73 93 52 75 50 65 83 100 55 72
internal_value=7.89023e-06 -0.000198683 0.0220178 -8.91686e-06 -0.000223109 7.29945e-06 -0.023096 -0.000313552 -7.84475e-05 0.0396531 -0.000460793 -0.0204986 -0.0422974 -5.46691e-05
internal_weight=12730 12611 119 12558 12475 12350 125 12257 12182 115 12067 238 155 11829
internal_count=12730 12611 119 12558 12475 12350 125 12257 12182 115 12067 238 155 11829
is_linear=0
shrinkage=0.05


Tree=96
num_leaves=15
num_cat=0
split_feature=53 30 43 31 58 41 44 2 17 32 32 46 2 31
split_gain=22.5667 65.2986 53.2404 45.1202 58.245 38.2659 74.3471 61.9942 62.8757 36.4382 52.1472 144.837 124.265 46.0479
threshold=2.0500000000000003 2.2500000000000004 28.225000000000005 1.3110000000000002 1072.5000000000002 13.878888888888889 21.725000000000005 2.6458333333333335 0.13392857142857145 1.6110000000000004 1.2521666666666669 6.3900000000000015 5.2678571428571432 0.86900000000000022
decision_type=8 10 10 10 2 10 10 10 10 10 10 10 10 10
left_child=1 9 3 5 -5 6 7 8 -2 10 13 -12 -13 -1
right_child=2 -3 -4 4 -6 -7 -8 -9 -10 -11 11 12 -14 -15
leaf_value=0.0015744371844604245 -0.0040868960803453437 0.05783214300944664 -0.031421049796156696 0.067151540879270818 0.0045039156574278967 -0.042142188710759781 0.054620980275495813 -0.039991034877530501 0.044239535190754659 -0.030234860688607326 -0.011749584348620596 0.12295548701749265 0.016360038568165678 -0.011079767929306761
leaf_weight=8822 2080 50 166 50 144 64 54 116 69 93 129 51 60 782
leaf_count=8822 2080 50 166 50 144 64 54 116 69 93 129 51 60 782
internal_value=7.57842e-06 0.00111284 -0.00400695 -0.00222559 0.0209099 -0.00412353 -0.00305465 -0.00445248 -0.00251367 0.000822039 0.00111951 0.0241182 0.0658923 0.00054095
internal_weight=12730 9987 2743 2577 194 2383 2319 2265 2149 9937 9844 240 111 9604
internal_count=12730 9987 2743 2577 194 2383 2319 2265 2149 9937 9844 240 111 9604
is_linear=0
shrinkage=0.05


Tree=97
num_leaves=15
num_cat=0
split_feature=60 41 41 29 3 0 59 27 4 21 21 59 36 12
split_gain=22.4965 63.1929 89.3349 42.2298 33.9687 23.8006 69.7454 73.2763 54.354 43.0311 111.129 66.9606 51.4622 90.3671
threshold=1.5000000000000002 3.4350000000000009 10.142222222222225 0.17900800000000003 84.416666666666671 7.166666666666667 1087.5000000000002 0.32833333333333342 90.100000000000009 0.77666666666666673 0.59500000000000008 1157.5000000000002 22.566666666666674 16.583333333333339
decision_type=2 10 10 10 10 10 2 10 10 10 10 2 10 10
left_child=5 -2 3 -3 -4 8 -7 -8 9 10 12 -12 13 -1
right_child=1 2 4 -5 -6 6 7 -9 -10 -11 11 -13 -14 -15
leaf_value=-0.00045486584324563233 -0.0031140333504188111 0.033663332495609481 -0.033614479395273691 0.091629317312419994 0.02189877040816092 -0.033855255290865902 0.062637430823772974 0.0052099783237163841 -0.029037356173249314 -0.038567392193541238 0.087274919219512859 0.012221181631543255 -0.015480627802011688 0.039765378953921925
leaf_weight=10706 404 89 53 51 56 62 85 162 168 73 56 65 559 141
leaf_count=10706 404 89 53 51 56 62 85 162 168 73 56 65 559 141
internal_value=7.58942e-06 0.00904523 0.0288404 0.0552084 -0.00489584 -0.000479358 0.0132025 0.0251601 -0.00084128 -0.000429534 -0.000184178 0.0473788 -0.000692994 6.74607e-05
internal_weight=12730 653 249 140 109 12077 309 247 11768 11600 11527 121 11406 10847
internal_count=12730 653 249 140 109 12077 309 247 11768 11600 11527 121 11406 10847
is_linear=0
shrinkage=0.05


Tree=98
num_leaves=15
num_cat=0
split_feature=57 39 40 61 52 59 4 42 42 5 41 58 39 41
split_gain=22.2007 51.9843 77.6456 102.406 87.792 97.9283 167.246 78.9112 84.7901 77.234 70.7675 64.3284 98.2709 65.9474
threshold=2.7500000000000004 0.16666666666666727 3.1000000000000014 76.500000000000014 0.55000000000000016 1101.2500000000002 78.225000000000009 37.833333333333336 22.833333333333339 56.45000000000001 4.6633333333333349 1052.5000000000002 6.8999999999999995 12.675000000000002
decision_type=2 10 10 2 10 2 10 10 10 10 10 2 10 10
left_child=1 -1 3 -3 -4 11 9 8 -8 10 -7 12 -6 -14
right_child=-2 2 4 -5 5 6 7 -9 -10 -11 -12 -13 13 -15
leaf_value=-0.0019432826039883742 -0.0018559598125658227 0.014909642732706195 -0.05729878517728644 0.074589052063582295 -0.019803141748170647 -0.015134147843702242 0.042415703052566173 0.02183153578350621 0.13360765249094117 -0.025157632246811525 0.039596305698111067 -0.012033353698873655 0.012675664004915385 0.066037744005857893
leaf_weight=3135 7079 582 59 82 150 91 52 77 53 150 164 795 173 88
leaf_count=3135 7079 582 59 82 150 91 52 77 53 150 164 795 173 88
internal_value=7.60301e-06 0.00234647 0.00770086 0.0223679 0.00242416 0.00441875 0.0211649 0.0609139 0.089098 0.00318766 0.0199758 -0.00371682 0.0123042 0.0308549
internal_weight=12730 5651 2516 664 1852 1793 587 182 105 405 255 1206 411 261
internal_count=12730 5651 2516 664 1852 1793 587 182 105 405 255 1206 411 261
is_linear=0
shrinkage=0.05


Tree=99
num_leaves=15
num_cat=0
split_feature=32 43 31 5 5 42 50 3 42 42 3 30 30 29
split_gain=21.4085 68.1846 44.0726 61.8384 90.7773 62.3538 50.9052 40.7369 40.7187 58.5769 53.1416 32.0917 77.6942 63.7845
threshold=1.7095000000000005 13.633333333333335 1.3882200000000002 76.550000000000011 56.828571428571429 32.833333333333336 1.2928571428571431 118.83333333333336 66.166666666666671 57.166666666666679 90.166666666666671 1.2850000000000001 1.2050000000000003 0.37275000000000008
decision_type=10 10 10 10 10 10 10 10 10 10 10 10 10 10
left_child=2 -2 7 4 6 -5 -4 8 9 10 11 12 -1 -13
right_child=1 -3 3 5 -6 -7 -8 -9 -10 -11 -12 13 -14 -15
leaf_value=-0.0001872912613514751 0.027453711125840493 -0.037772501957606508 3.4972359833208101e-05 0.066332836683195937 -0.027177910167483096 0.0024158908836259189 0.071348997397754008 0.042461227967932419 -0.033700933272802762 0.041767272949218753 -0.037463335901344381 0 0.042129881638548763 -0.048833725597727952
leaf_weight=11424 58 125 51 95 131 65 50 55 91 82 96 198 109 100
leaf_count=11424 58 125 51 95 131 65 50 55 91 82 96 198 109 100
internal_value=7.75787e-06 -0.016945 0.000257674 0.0167492 0.000133463 0.0406108 0.0357628 -0.000272789 -0.000470847 -0.000215567 -0.00050804 -0.000204491 0.000212296 -0.0163918
internal_weight=12730 183 12547 392 232 160 101 12155 12100 12009 11927 11831 11533 298
internal_count=12730 183 12547 392 232 160 101 12155 12100 12009 11927 11831 11533 298
is_linear=0
shrinkage=0.05


Tree=100
num_leaves=15
num_cat=0
split_feature=45 45 4 41 3 61 10 17 42 3 38 37 17 38
split_gain=21.0996 83.2375 41.6557 49.549 59.2269 58.265 41.2589 38.044 47.6515 48.0739 77.2695 131.635 51.2389 83.1679
threshold=12.333333333333334 14.85 90.100000000000009 17.325000000000003 114.83333333333336 64.500000000000014 0.70833333333333337 0.61250000000000016 55.833333333333336 82.833333333333357 32.483333333333341 29.820000000000004 0.29285714285714287 18.110000000000003
decision_type=10 10 10 10 10 2 10 10 10 10 10 10 10 10
left_child=2 -2 6 4 5 -4 7 8 9 -1 11 12 -11 -14
right_child=1 -3 3 -5 -6 -7 -8 -9 -10 10 -12 -13 13 -15
leaf_value=-0.0008166296262608415 0.054465590898672617 -0.027123771252754694 0.00723670034272836 -0.063957528909233133 0.034538250256364589 -0.068438878094795916 0.045276138519333438 0.040215122820729886 -0.03415162461378226 0.00015404745746151432 -0.041659751505583757 0.077660190260488232 0.059970106366532966 0.0014677310829812832
leaf_weight=11262 74 53 50 53 53 50 50 58 102 538 64 76 110 137
leaf_count=11262 74 53 50 53 53 50 50 58 102 538 64 76 110 137
internal_value=7.7401e-06 0.0202476 -0.000195028 -0.022468 -0.00777142 -0.0305046 0.000173955 -8.49023e-06 -0.000201995 8.14871e-05 0.0110377 0.0150058 0.00886246 0.0276909
internal_weight=12730 127 12603 206 153 100 12397 12347 12289 12187 925 861 785 247
internal_count=12730 127 12603 206 153 100 12397 12347 12289 12187 925 861 785 247
is_linear=0
shrinkage=0.05


Tree=101
num_leaves=15
num_cat=0
split_feature=57 7 41 30 41 24 13 27 37 49 28 40 40 55
split_gain=20.7588 38.5255 110.031 70.898 42.0977 38.4164 94.7114 72.2174 56.4284 60.1199 66.9001 49.0695 55.3284 85.2532
threshold=3.7500000000000004 0.77500000000000013 10.905000000000003 1.031666666666667 14.775000000000002 0.22500000000000003 19.500000000000004 0.35799500000000006 19.090000000000007 2.3666666666666671 0.49010900000000007 8.8100000000000023 13.390000000000002 0.29166666666666669
decision_type=2 10 10 10 10 10 10 10 10 10 10 10 10 10
left_child=1 5 3 -3 -4 6 8 -8 -1 10 11 -10 -13 -14
right_child=-2 2 4 -5 -6 -7 7 -9 9 -11 -12 12 13 -15
leaf_value=0.0003059072240430826 -0.0034448322750142146 0.091811158880591395 -0.036122725042353934 0.01494509948401892 0.015309043569224221 0.03740069986525791 -0.0037873004873593651 -0.057640881597259899 -0.0091259961849764776 0.066618080748164138 -0.029398763851280426 0.065401227122911534 0.049974133827744571 -0.036084457674976624
leaf_weight=8462 3241 63 72 59 87 70 130 121 85 57 78 89 66 50
leaf_count=8462 3241 63 72 59 87 70 130 121 85 57 78 89 66 50
internal_value=7.71611e-06 0.0011897 0.0194134 0.055055 -0.0078643 0.000629828 0.000343384 -0.029911 0.00120232 0.0189704 0.0114419 0.0225444 0.035788 0.0126697
internal_weight=12730 9489 281 122 159 9208 9138 251 8887 425 368 290 205 116
internal_count=12730 9489 281 122 159 9208 9138 251 8887 425 368 290 205 116
is_linear=0
shrinkage=0.05


Tree=102
num_leaves=15
num_cat=0
split_feature=61 5 30 47 4 57 53 37 45 43 17 14 1 45
split_gain=20.6002 63.0509 55.7722 62.732 45.2357 35.1634 27.1807 82.9609 68.354 56.4021 47.4001 42.5318 40.2383 91.7417
threshold=102.50000000000001 79.83750000000002 0.75513333333333343 9.7650000000000023 60.45000000000001 2.7500000000000004 0.95000000000000007 17.780000000000005 4.8500000000000023 9.9000000000000021 0.10555555555555557 15.550000000000002 6.4500000000000011 9.2833333333333368
decision_type=2 8 10 10 10 2 8 10 10 8 10 10 10 10
left_child=6 4 3 -3 5 -2 7 8 9 10 -1 -9 -8 -14
right_child=1 2 -4 -5 -6 -7 12 11 -10 -11 -12 -13 13 -15
leaf_value=-0.0037913382667863443 0.037342422504291359 0.018064058114082442 -0.0044382209595069926 0.096485603844175261 -0.048927473372752127 -0.019095726719999737 1.7393494034103487e-05 -0.076772158936313964 0.042512743126961496 -0.029527537742388279 0.041128674750180207 -0.020355762506437582 0.060823695487895263 -0.0062123409437335186
leaf_weight=655 53 54 58 50 50 56 11060 57 77 204 64 85 88 119
leaf_count=655 53 54 58 50 50 56 11060 57 77 204 64 85 88 119
internal_value=7.65653e-06 0.0125053 0.0344454 0.0562872 -0.00972995 0.00816357 -0.000314113 -0.00766379 -0.00254979 -0.00635712 0.000198162 -0.0433671 0.000428924 0.0222435
internal_weight=12730 321 162 104 159 109 12409 1142 1000 923 719 142 11267 207
internal_count=12730 321 162 104 159 109 12409 1142 1000 923 719 142 11267 207
is_linear=0
shrinkage=0.05


Tree=103
num_leaves=15
num_cat=0
split_feature=60 17 44 26 32 41 42 8 38 37 28 0 16 22
split_gain=20.5411 61.6653 67.7045 122.465 27.1068 48.1835 21.8618 65.1186 86.7366 74.4768 62.4772 56.8215 62.3161 54.4819
threshold=1.5000000000000002 0.31666666666666671 26.31666666666667 0.028999999999999998 0.24527777777777782 3.4350000000000009 68.500000000000014 0.89444444444444449 32.483333333333341 29.820000000000004 0.65100000000000013 5.416666666666667 0.29166666666666669 0.54700000000000015
decision_type=2 8 10 10 10 10 10 10 10 10 10 10 10 10
left_child=6 2 3 4 5 -2 7 8 9 10 13 -11 -13 -1
right_child=1 -3 -4 -5 -6 -7 -8 -9 -10 11 -12 12 -14 -15
leaf_value=-0.00059565279474772716 -0.0021678789743619612 0.0601141255505592 -0.048020652338730554 0.0765247439303674 -0.033596302082042888 0.042943128378044634 -0.023683605432065567 0.040430720482881259 -0.047322700070548181 0.072193451115821039 -0.038316657230870368 0.040855018650040487 -0.026488069795135762 0.051449343739169665
leaf_weight=11426 364 53 56 60 50 70 100 97 98 57 109 82 58 50
leaf_count=11426 364 53 56 60 50 70 100 97 98 57 109 82 58 50
internal_value=7.24872e-06 0.00864326 0.00400877 0.00944983 0.00101277 0.0050916 -0.000457967 -0.00026098 -0.000597019 -0.000204252 -0.000725364 0.0302385 0.0127828 -0.000364487
internal_weight=12730 653 600 544 484 434 12077 11977 11880 11782 11585 197 140 11476
internal_count=12730 653 600 544 484 434 12077 11977 11880 11782 11585 197 140 11476
is_linear=0
shrinkage=0.05


Tree=104
num_leaves=15
num_cat=0
split_feature=58 39 25 32 31 40 42 37 21 36 24 24 59 24
split_gain=20.1499 70.0411 37.2179 58.2154 100.464 56.4196 52.8654 68.4409 57.7635 38.4408 32.8337 26.757 62.0281 52.1839
threshold=1052.5000000000002 18.81666666666667 0.10617400000000002 0.64050000000000018 0.78500000000000025 5.5100000000000007 28.833333333333339 9.6000000000000032 1.0000000180025095e-35 2.4666666666666681 0.030000000000000013 0.17833333333333337 1127.5000000000002 0.13246500000000003
decision_type=2 10 8 10 10 10 10 10 10 10 10 10 2 10
left_child=1 2 3 6 -5 -6 7 8 -1 -10 -7 13 -13 -2
right_child=11 -3 -4 4 5 10 -8 -9 9 -11 -12 12 -14 -15
leaf_value=-0.0032594301656667861 -0.00085581925624557951 0.057618910898038049 -0.031516554196472882 0.083726521146272423 0.05344778190104707 -0.032430797180392011 0.047195106356040295 -0.050403392575953138 0.054684140200035702 0.0009357430756646248 0.016594953846048428 -0.063791762655684814 0.0010217432567875505 0.0283139880351315
leaf_weight=946 10825 61 73 59 51 68 57 68 77 60 67 55 108 155
leaf_count=946 10825 61 73 59 51 68 57 68 77 60 67 55 108 155
internal_value=7.01259e-06 0.00527918 0.0031524 0.00492164 0.0271199 0.00885368 0.000389465 -0.00192623 0.00111637 0.0314155 -0.00794354 -0.000741816 -0.0208231 -0.000440494
internal_weight=12730 1587 1526 1453 245 186 1208 1151 1083 137 135 11143 163 10980
internal_count=12730 1587 1526 1453 245 186 1208 1151 1083 137 135 11143 163 10980
is_linear=0
shrinkage=0.05


end of trees

feature_importances:
selected=119
minutes_roll3=81
value=80
fixture_count=64
creativity_roll10=52
difficulty=45
opponent_attack_strength=43
bps_roll10=39
creativity_roll5=39
ict_index_roll3=39
influence_roll5=38
minutes_roll10=37
minutes_roll5=36
creativity_roll3=36
threat_roll10=36
team_goals_scored_roll10=34
expected_goals_roll10=31
expected_goals_conceded_roll10=31
influence_roll3=31
ict_index_roll10=28
ict_index_roll5=26
bps_roll3=25
threat_roll3=25
expected_assists_roll5=24
expected_goal_involvements_roll10=24
expected_assists_roll10=23
expected_goal_involvements_roll5=22
threat_roll5=22
expected_goals_roll3=21
team_goals_scored_roll3=21
bps_roll5=20
influence_roll10=20
opponent_defence_strength=20
total_points_roll5=19
expected_assists_roll3=18
expected_goal_involvements_roll3=18
total_points_roll3=17
expected_goals_conceded_roll3=17
expected_goals_conceded_roll5=17
total_points_roll10=16
assists_roll10=15
team_goals_conceded_roll10=15
expected_goals_roll5=13
goals_scored_roll10=11
clean_sheets_roll10=11
assists_roll5=9
team_goals_conceded_roll3=8
team_clean_sheet_roll10=6
goals_scored_roll5=5
clean_sheets_roll5=5
team_goals_scored_roll5=5
team_goals_conceded_roll5=4
team_clean_sheet_roll5=4
goals_scored_roll3=2
team_clean_sheet_roll3=2
assists_roll3=1

parameters:
[boosting: gbdt]
[objective: regression]
[metric: l1]
[tree_learner: serial]
[device_type: cpu]
[data_sample_strategy: bagging]
[data: ]
[valid: ]
[num_iterations: 500]
[learning_rate: 0.05]
[num_leaves: 15]
[num_threads: 0]
[seed: 0]
[deterministic: 0]
[force_col_wise: 0]
[force_row_wise: 0]
[histogram_pool_size: -1]
[max_depth: -1]
[min_data_in_leaf: 50]
[min_sum_hessian_in_leaf: 0.001]
[bagging_fraction: 1]
[pos_bagging_fraction: 1]
[neg_bagging_fraction: 1]
[bagging_freq: 0]
[bagging_seed: 3]
[bagging_by_query: 0]
[feature_fraction: 0.8]
[feature_fraction_bynode: 1]
[feature_fraction_seed: 2]
[extra_trees: 0]
[extra_seed: 6]
[early_stopping_round: 0]
[early_stopping_min_delta: 0]
[first_metric_only: 0]
[max_delta_step: 0]
[lambda_l1: 0.5]
[lambda_l2: 0.5]
[linear_lambda: 0]
[min_gain_to_split: 0]
[drop_rate: 0.1]
[max_drop: 50]
[skip_drop: 0.5]
[xgboost_dart_mode: 0]
[uniform_drop: 0]
[drop_seed: 4]
[top_rate: 0.2]
[other_rate: 0.1]
[min_data_per_group: 100]
[max_cat_threshold: 32]
[cat_l2: 10]
[cat_smooth: 10]
[max_cat_to_onehot: 4]
[top_k: 20]
[monotone_constraints: ]
[monotone_constraints_method: basic]
[monotone_penalty: 0]
[feature_contri: ]
[forcedsplits_filename: ]
[refit_decay_rate: 0.9]
[cegb_tradeoff: 1]
[cegb_penalty_split: 0]
[cegb_penalty_feature_lazy: ]
[cegb_penalty_feature_coupled: ]
[path_smooth: 0]
[interaction_constraints: ]
[verbosity: -1]
[saved_feature_importance_type: 0]
[use_quantized_grad: 0]
[num_grad_quant_bins: 4]
[quant_train_renew_leaf: 0]
[stochastic_rounding: 1]
[linear_tree: 0]
[max_bin: 255]
[max_bin_by_feature: ]
[min_data_in_bin: 3]
[bin_construct_sample_cnt: 200000]
[data_random_seed: 1]
[is_enable_sparse: 1]
[enable_bundle: 1]
[use_missing: 1]
[zero_as_missing: 0]
[feature_pre_filter: 1]
[pre_partition: 0]
[two_round: 0]
[header: 0]
[label_column: ]
[weight_column: ]
[group_column: ]
[ignore_column: ]
[categorical_feature: ]
[forcedbins_filename: ]
[precise_float_parser: 0]
[parser_config_file: ]
[objective_seed: 5]
[num_class: 1]
[is_unbalance: 0]
[scale_pos_weight: 1]
[sigmoid: 1]
[boost_from_average: 1]
[reg_sqrt: 0]
[alpha: 0.9]
[fair_c: 1]
[poisson_max_delta_step: 0.7]
[tweedie_variance_power: 1.5]
[lambdarank_truncation_level: 30]
[lambdarank_norm: 1]
[label_gain: ]
[lambdarank_position_bias_regularization: 0]
[eval_at: ]
[multi_error_top_k: 1]
[auc_mu_weights: ]
[num_machines: 1]
[local_listen_port: 12400]
[time_out: 120]
[machine_list_filename: ]
[machines: ]
[gpu_platform_id: -1]
[gpu_device_id: -1]
[gpu_device_id_list: ]
[gpu_use_dp: 0]
[num_gpu: 1]

end of parameters

pandas_categorical:[]
