tree
version=v4
num_class=1
num_tree_per_iteration=1
label_index=0
max_feature_idx=62
objective=regression
feature_names=total_points_roll3 total_points_roll5 total_points_roll10 minutes_roll3 minutes_roll5 minutes_roll10 goals_scored_roll3 goals_scored_roll5 goals_scored_roll10 assists_roll3 assists_roll5 assists_roll10 bps_roll3 bps_roll5 bps_roll10 clean_sheets_roll3 clean_sheets_roll5 clean_sheets_roll10 saves_roll3 saves_roll5 saves_roll10 expected_goals_roll3 expected_goals_roll5 expected_goals_roll10 expected_assists_roll3 expected_assists_roll5 expected_assists_roll10 expected_goal_involvements_roll3 expected_goal_involvements_roll5 expected_goal_involvements_roll10 expected_goals_conceded_roll3 expected_goals_conceded_roll5 expected_goals_conceded_roll10 defensive_contribution_roll3 defensive_contribution_roll5 defensive_contribution_roll10 influence_roll3 influence_roll5 influence_roll10 creativity_roll3 creativity_roll5 creativity_roll10 threat_roll3 threat_roll5 threat_roll10 ict_index_roll3 ict_index_roll5 ict_index_roll10 team_goals_scored_roll3 team_goals_scored_roll5 team_goals_scored_roll10 team_goals_conceded_roll3 team_goals_conceded_roll5 team_goals_conceded_roll10 team_clean_sheet_roll3 team_clean_sheet_roll5 team_clean_sheet_roll10 difficulty opponent_attack_strength opponent_defence_strength fixture_count value selected
feature_infos=[-0.33333333333333331:12] [-0.33333333333333331:12] [-0.33333333333333331:12] [0:150] [0:144] [0:135] [0:0] [0:0] [0:0] [0:0.66666666666666663] [0:0.40000000000000002] [0:0.33333333333333331] [-6:46] [-6:46] [-6:46] [0:1.3333333333333333] [0:1.2] [0:1] [0:10] [0:9] [0:9] [0:0.040000000000000001] [0:0.024] [0:0.012] [0:0.073333333333333334] [0:0.043999999999999997] [0:0.02375] [0:0.066893333333333332] [0:0.040204000000000004] [0:0.02375] [0:4.5233333333333334] [0:4.0999999999999996] [0:4.0999999999999996] [0:0] [0:0] [0:0] [0:75] [0:75] [0:75] [0:10] [0:10] [0:10] [0:5.666666666666667] [0:3.3999999999999999] [0:1.7] [0:8.3666666666666671] [0:7.5] [0:7.5] [0:6.333333333333333] [0:5] [0:5] [0:6] [0:5] [0:5] [0:1.3333333333333333] [0:1.2] [0:1] [1:5] [1000:1400] [990:1390] [1:2] [36:63] [0:3963612]
tree_sizes=1383 1434 1426 1432 1435 1439 1450 1443 1451 1458 1441 1444 1458 1451 1452 1457 1446 1460 1445 1448 1454 1444 1442 1437 1451 1464 1462 1468 1443 1452 1457 1451 1458 1451 1455 1453 1464 1445 1441 1457 1450 1446 1464 1449 1462 1449 1455 1461 1466 1478 1471 1457 1474 1466 1454 1455 1463 1475 1448 1459 1468 1465 1461 1470 1451 1470 1470 1474 1446 1446 1457 1481 1473 1468 1475 1465 1466 1476 1488 1486 1476 1476 1483 1460 1479 1483 1469 1465 1473 1464 1497 1452 1454 1482 1474 1469 1492 1499 1503 1472 1487 1495 1479 1503 1484 1477 1498 1510 1485 1486 1490 1497 1487 1492 1483 1500 1467 1477 1489 1464 1495 1478 1461 1495 1506 1493 1495 1486 1448 1486 1458 1464 1469 1462 1493 1474 1474 1494 1455 1485 1465 1489 1473 1467 1471 1501 1491 1491 1492 1484 1492 1483 1486 1482 1468 1460 1478 1488 1474 1450

Tree=0
num_leaves=15
num_cat=0
split_feature=0 60 36 62 62 61 5 2 59 16 12 62 61 58
split_gain=20232.7 1159 601.024 589.417 339.872 277.126 223.889 163.58 122.359 106.391 83.426 85.5486 82.1684 92.8773
threshold=0.83333333333333337 1.5000000000000002 0.73333333333333339 159175.00000000003 95198.500000000015 44.500000000000007 89.800000000000011 3.5857142857142863 1148.7500000000002 1.0000000180025095e-35 14.583333333333334 67764.000000000015 40.500000000000007 1217.5000000000002
decision_type=10 2 8 2 2 2 10 10 2 8 10 2 2 2
left_child=2 3 -1 10 -4 -6 12 -3 -8 -7 11 -2 -5 -14
right_child=1 7 4 6 5 9 8 -9 -10 -11 -12 -13 13 -15
leaf_value=0.88023268481137695 0.95015004091091693 1.1210129049580584 0.89912856502817662 0.96163307531628495 0.92011311654866679 0.96153516912587922 1.0666953572525608 1.23261314389987 1.0375849759645472 1.0509429614057302 1.0081652481822654 0.99877677800956077 1.0311991408725003 0.97148218109360285
leaf_weight=7794 205 77 391 64 138 54 778 68 736 93 293 166 464 79
leaf_count=7794 205 77 391 64 138 54 778 68 736 93 293 166 464 79
internal_value=0.923333 1.03658 0.884155 1.02935 0.929344 0.970855 1.04224 1.1744 1.0526 1.01851 0.988074 0.972047 1.01626 1.02261
internal_weight=11400 2930 8470 2785 676 285 2121 145 1514 147 664 371 607 543
internal_count=11400 2930 8470 2785 676 285 2121 145 1514 147 664 371 607 543
is_linear=0
shrinkage=1


Tree=1
num_leaves=15
num_cat=0
split_feature=3 60 3 62 62 2 59 61 4 61 57 38 3 31
split_gain=18269.1 832.717 751.776 430.359 294.043 193.315 191.463 187.184 140.972 86.4562 86.1239 74.0651 73.4455 72.7876
threshold=58.833333333333336 1.5000000000000002 1.1666666666666667 162808.00000000003 91779.000000000015 3.5857142857142863 1148.7500000000002 49.500000000000007 89.100000000000009 43.500000000000007 4.7500000000000009 12.250000000000002 67.166666666666671 0.74300000000000022
decision_type=10 2 8 2 2 10 2 2 10 2 2 8 10 10
left_child=2 3 -1 12 11 -3 9 -6 13 -5 -10 -4 -2 -8
right_child=1 5 4 6 7 -7 8 -9 10 -11 -12 -13 -14 -15
leaf_value=-0.041015042413951611 0.032381926183386339 0.16769787974931577 0.0092765502424062962 0.089165220268194359 0.023604470821780951 0.29110169620822662 0.093902915391015876 0.1101779466969256 0.11558446486642418 0.13573715230061353 0.071501131951274832 -0.033008324424043015 0.075914217919809998 0.030808411001613956
leaf_weight=7774 126 67 161 120 286 69 86 80 710 922 139 285 473 102
leaf_count=7774 126 67 161 120 286 69 86 80 710 922 139 285 473 102
internal_value=1.51588e-06 0.110555 -0.0362331 0.10437 0.00951544 0.231327 0.115155 0.0427203 0.0997134 0.130443 0.108443 -0.0176948 0.0668335 0.0599759
internal_weight=11400 2814 8586 2678 812 136 2079 366 1037 1042 849 446 599 188
internal_count=11400 2814 8586 2678 812 136 2079 366 1037 1042 849 446 599 188
is_linear=0
shrinkage=0.05


Tree=2
num_leaves=15
num_cat=0
split_feature=3 60 12 62 62 57 2 61 3 30 1 25 1 48
split_gain=16491 752.473 680.075 394.963 312.313 186.172 174.375 154.284 137.629 100.146 80.353 79.1094 74.973 73.3883
threshold=58.833333333333336 1.5000000000000002 1.5000000000000002 95198.500000000015 91779.000000000015 3.7500000000000004 3.5857142857142863 49.500000000000007 89.333333333333357 1.091666666666667 3.6333333333333337 2.7000000000000002e-05 3.3666666666666671 1.5833333333333337
decision_type=10 2 8 2 2 2 10 2 10 10 10 10 10 10
left_child=2 3 -1 -2 -4 8 -3 -6 -5 10 12 -11 -10 -12
right_child=1 6 4 5 7 -7 -8 -9 9 11 13 -13 -14 -15
leaf_value=-0.038778088840676607 0.051346187469873156 0.15937509523497689 -0.017576180772986554 0.07670082890078532 0.028104943873937551 0.082024023959259965 0.27665132382790819 0.10868431937637602 0.13944677756160251 0.093000670041861716 0.093900582239828043 0.1291853817011149 0.20213905489292203 0.13569682482736453
leaf_weight=7835 375 67 420 211 253 577 69 78 302 444 196 248 63 262
leaf_count=7835 375 67 420 211 253 577 69 78 302 444 196 248 63 262
internal_value=5.1075e-06 0.105041 -0.0344209 0.0991612 0.0109987 0.106923 0.219854 0.0473041 0.115206 0.120526 0.132563 0.106089 0.150598 0.117987
internal_weight=11400 2814 8586 2678 751 2303 136 331 1726 1515 823 692 365 458
internal_count=11400 2814 8586 2678 751 2303 136 331 1726 1515 823 692 365 458
is_linear=0
shrinkage=0.05


Tree=3
num_leaves=15
num_cat=0
split_feature=3 60 36 62 62 61 59 56 31 3 52 40 58 62
split_gain=14886.9 679.911 615.702 363.762 267.261 172.739 153.676 148.053 142.501 136.24 92.9583 82.8566 82.1696 70.8312
threshold=58.833333333333336 1.5000000000000002 0.73333333333333339 230286.50000000003 91779.000000000015 41.500000000000007 1148.7500000000002 0.38750000000000007 0.054570000000000014 67.166666666666671 2.6333333333333337 2.0100000000000002 1297.5000000000002 95198.500000000015
decision_type=10 2 8 2 2 2 2 10 10 10 10 10 2 2
left_child=2 3 -1 9 -4 -6 -5 -3 -7 -2 12 -8 13 -11
right_child=1 7 4 6 5 8 11 -9 -10 10 -12 -13 -14 -15
leaf_value=-0.036968105647155435 0.023850083055477297 0.16328799896445012 -0.016527104650092665 0.12073213096876044 -0.0019936479477982816 0.11421284468437967 0.087920178422167469 0.27367135683695476 0.031838349583099078 0.06826091534649778 0.027694478573140793 0.15453987057926588 0.034069411683556261 0.10778302734389025
leaf_weight=7794 157 81 442 942 136 98 879 55 116 206 88 51 75 280
leaf_count=7794 157 81 442 942 136 98 879 55 116 206 88 51 75 280
internal_value=9.283e-06 0.0998064 -0.0326995 0.0942163 0.00927288 0.041903 0.106342 0.20895 0.0698561 0.0659747 0.0761004 0.0916815 0.0836176 0.0911696
internal_weight=11400 2814 8586 2678 792 350 1872 136 214 806 649 930 561 486
internal_count=11400 2814 8586 2678 792 350 1872 136 214 806 649 930 561 486
is_linear=0
shrinkage=0.05


Tree=4
num_leaves=15
num_cat=0
split_feature=3 60 3 62 61 2 59 12 3 52 61 58 30 47
split_gain=13438.2 614.431 556.216 328.065 221.64 148.098 138.544 123.957 122.949 83.8414 80.3324 74.0789 75.215 71.1902
threshold=58.833333333333336 1.5000000000000002 1.0000000180025095e-35 230286.50000000003 49.500000000000007 3.5857142857142863 1148.7500000000002 3.5000000000000004 67.166666666666671 2.6333333333333337 44.500000000000007 1297.5000000000002 1.0750000000000004 1.9707142857142861
decision_type=10 2 8 2 2 10 2 10 10 10 2 2 10 10
left_child=2 3 -1 8 7 -3 -5 10 -2 11 -4 12 13 -10
right_child=1 5 4 6 -6 -7 -8 -9 9 -11 -12 -13 -14 -15
leaf_value=-0.03519434919073107 0.022661365289536734 0.14287085107079259 -0.031147508776497364 0.11469872753088924 0.078881986997066403 0.25092140015402287 0.087105246417500656 0.025719878107761853 0.07298443361839152 0.026317577596522319 0.014292793500647751 0.032377222436942805 0.069907788023841608 0.13598652529589675
leaf_weight=7768 157 67 317 942 97 69 930 265 80 88 139 75 289 117
leaf_count=7768 157 67 317 942 97 69 930 265 80 88 139 75 289 117
internal_value=1.22233e-05 0.0948295 -0.0310642 0.0895145 0.00812356 0.198592 0.101031 -0.00140937 0.0626903 0.0723103 -0.0172409 0.0794505 0.0866228 0.110778
internal_weight=11400 2814 8586 2678 818 136 1872 721 806 649 456 561 486 197
internal_count=11400 2814 8586 2678 818 136 1872 721 806 649 456 561 486 197
is_linear=0
shrinkage=0.05


Tree=5
num_leaves=15
num_cat=0
split_feature=0 60 3 3 61 62 62 31 57 58 62 20 32 49
split_gain=12211.8 744.85 388.125 340.699 228.283 177.352 160.726 208.07 125.758 125.161 103.925 80.4492 77.5383 76.6537
threshold=0.83333333333333337 1.5000000000000002 89.333333333333357 1.0000000180025095e-35 40.500000000000007 162808.00000000003 190224.00000000003 0.087300000000000003 3.7500000000000004 1161.2500000000002 436377.00000000006 2.1339285714285716 0.75873500000000005 2.5500000000000003
decision_type=10 2 10 8 2 2 2 10 2 2 2 10 10 10
left_child=3 2 10 -1 -5 -4 -6 -8 12 -3 -2 -12 13 -7
right_child=1 9 5 4 6 8 7 -9 -10 -11 11 -13 -14 -15
leaf_value=-0.033434745584390815 0.024787860943728045 0.23896545904451574 0.062515531478662165 -0.030420713495262104 0.0031799134123817237 0.11106795715490979 0.13627709806427477 0.016673636948962133 0.074987235444444841 0.14088269530273065 0.10750381917278203 0.039025256836282614 0.093854247561280968 0.16228978867688892
leaf_weight=7768 320 84 451 296 257 562 64 85 465 61 86 90 721 90
leaf_count=7768 320 84 451 296 257 562 64 85 465 61 86 90 721 90
internal_value=1.49194e-05 0.0879947 0.0821976 -0.0304201 0.00290328 0.0908981 0.0272676 0.0684981 0.0978299 0.198501 0.0419444 0.0728378 0.105518 0.118296
internal_weight=11400 2930 2785 8470 702 2289 406 149 1838 145 496 176 1373 652
internal_count=11400 2930 2785 8470 702 2289 406 149 1838 145 496 176 1373 652
is_linear=0
shrinkage=0.05


Tree=6
num_leaves=15
num_cat=0
split_feature=0 62 45 62 3 61 59 62 32 45 20 59 62 17
split_gain=11023.5 407.429 308.096 258.013 160.467 152.012 133.204 109.028 78.7361 84.3425 76.7513 76.1642 72.2984 69.2262
threshold=0.83333333333333337 230286.50000000003 0.43333333333333351 95198.500000000015 89.333333333333357 41.500000000000007 1282.5000000000002 40972.500000000007 0.75873500000000005 1.7833333333333339 2.1339285714285716 1148.7500000000002 1217482.0000000002 0.29285714285714287
decision_type=10 2 8 2 10 2 2 2 10 10 10 2 2 10
left_child=2 7 -1 -4 10 -5 8 -2 9 -6 -3 -9 -11 -8
right_child=1 4 3 5 6 -7 13 11 -10 12 -12 -13 -14 -15
leaf_value=-0.031512987248844458 0.024604620718579183 0.082878323464367021 -0.020221701268469519 -0.013444008812942405 0.14627006024052769 0.074661755393779242 0.093082935409792233 0.082905166204934988 0.095725658193412944 0.12045615592187849 0.025691044303129348 0.049394913541889469 0.07882743535744359 0.040915923960068649
leaf_weight=7878 217 134 364 70 214 158 135 333 776 362 108 365 159 127
leaf_count=7878 217 134 364 70 214 158 135 333 776 362 108 365 159 127
internal_value=1.77877e-05 0.0836078 -0.0288985 0.00584857 0.0961962 0.0475321 0.101437 0.0558211 0.107191 0.119189 0.0575654 0.0654656 0.107888 0.0680172
internal_weight=11400 2930 8470 592 2015 228 1773 915 1511 735 242 698 521 262
internal_count=11400 2930 8470 592 2015 228 1773 915 1511 735 242 698 521 262
is_linear=0
shrinkage=0.05


Tree=7
num_leaves=15
num_cat=0
split_feature=0 60 36 5 61 15 59 32 12 59 47 49 25 61
split_gain=9950.9 667.177 278.263 253.867 209.14 117.178 101.917 101.083 100.954 100.863 83.1569 74.2457 80.1638 71.8993
threshold=0.83333333333333337 1.5000000000000002 0.73333333333333339 89.800000000000011 40.500000000000007 1.0000000180025095e-35 1132.5000000000002 1.9025000000000005 13.16666666666667 1157.5000000000002 1.6845238095238098 2.6750000000000003 5.5000000000000002e-05 48.500000000000007
decision_type=10 2 8 10 2 10 2 10 10 2 10 10 10 2
left_child=2 3 -1 6 -4 -3 -2 9 -8 10 -5 12 -11 -6
right_child=1 5 4 7 13 -7 8 -9 -10 11 -12 -13 -14 -15
leaf_value=-0.030122867527701793 0.07218882483150689 0.1235266633424069 -0.028635958986641202 0.1478745166603373 0.014773773975174818 0.21981865016290747 0.019250664959537395 0.051665892614129121 0.061480440722128375 0.061118900161652057 0.095912289480830359 0.13182194916020454 0.10153338394947907 0.064679661200214664
leaf_weight=7794 429 55 291 90 288 90 296 204 276 515 752 56 167 97
leaf_count=7794 429 55 291 90 288 90 296 204 276 515 752 56 167 97
internal_value=1.96396e-05 0.0794388 -0.0274537 0.073953 0.00328325 0.184016 0.0536817 0.085295 0.0397068 0.0896034 0.101581 0.0758451 0.0711189 0.0274799
internal_weight=11400 2930 8470 2785 676 145 1001 1784 572 1580 842 738 682 385
internal_count=11400 2930 8470 2785 676 145 1001 1784 572 1580 842 738 682 385
is_linear=0
shrinkage=0.05


Tree=8
num_leaves=15
num_cat=0
split_feature=0 60 3 3 58 58 59 16 14 36 0 25 37 59
split_gain=8983.05 602.714 302.171 253.548 133.738 114.491 83.4168 73.5905 66.045 57.1105 94.2455 63.9013 51.7444 51.6439
threshold=0.83333333333333337 1.5000000000000002 89.333333333333357 1.0000000180025095e-35 1310.0000000000002 1161.2500000000002 1103.7500000000002 0.36666666666666675 11.850000000000003 30.699999999999999 1.4166666666666667 2.7000000000000002e-05 19.690000000000001 1047.5000000000002
decision_type=10 2 10 8 2 2 2 10 10 10 10 10 10 2
left_child=3 2 6 -1 9 -3 -2 -8 -5 10 12 13 -4 -12
right_child=1 5 4 8 -6 -7 7 -9 -10 -11 11 -13 -14 -15
leaf_value=-0.028681521458830503 0.065328075825975163 0.21343471083415333 0.079848662470720089 -0.0018332881832546473 0.03964484768697274 0.12008459190043008 0.0099664957086201267 0.070936552662987359 0.054515888654025263 0.067346103513051592 0.12472498110442792 0.11120348914905831 0.01806298941373825 0.081627274602779992
leaf_weight=7768 154 84 64 646 211 61 282 60 56 535 79 310 75 1015
leaf_count=7768 154 84 64 646 211 61 282 60 56 535 79 310 75 1015
internal_value=2.21817e-05 0.0754804 0.0702656 -0.0260808 0.0779426 0.174883 0.034744 0.0208239 0.00266182 0.0818088 0.0867838 0.0906991 0.0468745 0.0848178
internal_weight=11400 2930 2785 8470 2289 145 496 342 702 2078 1543 1404 139 1094
internal_count=11400 2930 2785 8470 2289 145 496 342 702 2078 1543 1404 139 1094
is_linear=0
shrinkage=0.05


Tree=9
num_leaves=15
num_cat=0
split_feature=0 60 3 45 58 56 59 32 16 32 50 24 31 52
split_gain=8109.41 544.491 272.597 230.506 120.649 106.555 75.254 67.0343 66.4612 65.2282 64.3242 58.1869 70.7245 62.5325
threshold=0.83333333333333337 1.5000000000000002 89.333333333333357 0.43333333333333351 1310.0000000000002 0.38750000000000007 1103.7500000000002 1.9025000000000005 0.36666666666666675 0.078000000000000014 1.6833333333333336 0.00011833333333333334 0.64391000000000009 0.90000000000000013
decision_type=10 2 10 8 2 10 2 10 10 8 10 10 10 10
left_child=3 2 6 -1 7 -3 10 11 -8 -5 -2 12 -4 -14
right_child=1 5 4 9 -6 -7 8 -9 -10 -11 -12 -13 13 -15
leaf_value=-0.027038216151054995 0.087177111555875278 0.12912139036825726 0.087312553971186646 0.054470890692689206 0.037667291363080342 0.21982273496369009 0.0094690527672986538 0.049179894932974276 0.06741903858982827 -0.00027399824992338186 0.019702054088951176 0.10060663248133649 0.032060536325414793 0.071758919868242343
leaf_weight=7878 96 87 785 60 211 58 282 194 60 532 58 317 121 661
leaf_count=7878 96 87 785 60 211 58 282 194 60 532 58 317 121 661
internal_value=2.44191e-05 0.0717196 0.0667624 -0.0247767 0.0740544 0.166204 0.0330192 0.0777272 0.0197923 0.00527356 0.0620722 0.0806397 0.0765537 0.0656727
internal_weight=11400 2930 2785 8470 2289 145 496 2078 342 592 154 1884 1567 782
internal_count=11400 2930 2785 8470 2289 145 496 2078 342 592 154 1884 1567 782
is_linear=0
shrinkage=0.05


Tree=10
num_leaves=15
num_cat=0
split_feature=3 60 12 62 62 0 59 4 48 62 20 58 36 37
split_gain=7322.44 350.768 293.353 222.401 216.517 152.167 128.693 88.7761 81.6852 67.1262 63.5066 63.1853 72.4872 59.4638
threshold=58.833333333333336 1.5000000000000002 3.5000000000000004 95198.500000000015 91779.000000000015 3.1666666666666674 1148.7500000000002 89.100000000000009 1.4166666666666667 504298.50000000006 1.4722222222222225 1310.0000000000002 31.433333333333341 10.700000000000001
decision_type=10 2 8 2 2 10 2 10 8 2 10 2 10 8
left_child=2 3 -1 -2 13 -3 -5 10 -6 -10 -8 12 -9 -4
right_child=1 5 4 6 8 -7 7 11 9 -11 -12 -13 -14 -15
leaf_value=-0.025551971634250492 0.030120717655723484 0.080319311327048559 0.020912280032744989 0.083762042438561723 0.0092355434978423339 0.1909080144932527 0.079875551135215953 0.080445886433969771 0.039550457129797267 0.1060123771781058 0.016115398469034179 0.037884235851443876 0.041589117979097791 -0.026267386963064583
leaf_weight=7939 375 53 86 1148 109 83 51 616 102 63 170 163 155 287
leaf_count=7939 375 53 86 1148 109 83 51 616 102 63 170 163 155 287
internal_value=2.63526e-05 0.0700182 -0.0229128 0.065999 0.00942709 0.148446 0.0718225 0.0599025 0.0431585 0.0653215 0.0310892 0.0666732 0.0726986 -0.0153091
internal_weight=11400 2814 8586 2678 647 136 2303 1155 274 165 221 934 771 373
internal_count=11400 2814 8586 2678 647 136 2303 1155 274 165 221 934 771 373
is_linear=0
shrinkage=0.05


Tree=11
num_leaves=15
num_cat=0
split_feature=0 60 62 3 3 62 30 30 58 59 62 57 29 50
split_gain=6611.97 453.129 245.885 190.049 156.709 145.83 126.991 111.92 104.73 86.7969 82.6627 73.5072 56.0308 55.418
threshold=0.83333333333333337 1.5000000000000002 396017.00000000006 1.0000000180025095e-35 67.166666666666671 275104.50000000006 0.16666666666666671 1.0750000000000004 1161.2500000000002 1112.5000000000002 1528821.0000000002 3.7500000000000004 0.0017758333333333335 1.9500000000000002
decision_type=10 2 2 8 10 2 10 10 2 2 2 2 10 10
left_child=3 2 4 -1 13 -5 -7 11 -3 10 12 -6 -4 -2
right_child=1 8 9 5 7 6 -8 -9 -10 -11 -12 -13 -14 -15
leaf_value=-0.024618197613765415 0.021660381005322908 0.18768659382176822 0.09157374006642964 -0.0095366820189575503 0.086101087182918909 0.091821492675519145 0.00080826497349724088 0.037504029532803629 0.098882680770948653 0.06379613503581151 0.055289037935621427 0.037280813442143401 0.14462427574823178 -0.033161939369595571
leaf_weight=7768 228 84 397 548 293 75 79 512 61 978 150 109 61 57
leaf_count=7768 228 84 397 548 293 75 79 512 61 978 150 109 61 57
internal_value=2.78089e-05 0.0647663 0.060243 -0.0223665 0.0430732 0.00251375 0.0454484 0.0531697 0.150968 0.0731897 0.0881938 0.0729886 0.098844 0.0105695
internal_weight=11400 2930 2785 8470 1199 702 154 914 145 1586 608 402 458 285
internal_count=11400 2930 2785 8470 1199 702 154 914 145 1586 608 402 458 285
is_linear=0
shrinkage=0.05


Tree=12
num_leaves=15
num_cat=0
split_feature=3 62 3 62 59 36 3 38 14 2 62 48 25 36
split_gain=5976.96 269.413 236.271 134.669 119.609 94.1532 93.8989 81.2054 74.2006 71.6052 78.2317 67.9846 66.5512 91.0814
threshold=58.833333333333336 254167.00000000003 1.0000000180025095e-35 91779.000000000015 1282.5000000000002 6.0000000000000027 67.166666666666671 10.010000000000002 8.8500000000000032 2.4142857142857146 876312.00000000012 1.5833333333333337 2.7000000000000002e-05 29.233333333333338
decision_type=10 2 8 2 2 8 10 10 10 10 2 10 10 10
left_child=2 6 -1 -4 7 -5 -2 -3 -9 10 -10 -7 -11 -14
right_child=1 4 3 5 -6 11 -8 8 9 12 -12 -13 13 -15
leaf_value=-0.023387366436220944 0.0065682627503878994 0.140584902135899 -0.013512114386951699 -0.0091913992484493733 0.043285012482657183 0.019604455321183746 0.048262119102732648 0.023352612908243729 0.15495510669750012 0.069554997386337844 0.073315312079161657 0.072220606441739249 0.11483733278854441 0.058459114967250481
leaf_weight=7768 168 53 449 119 280 132 723 64 64 1072 60 118 217 113
leaf_count=7768 168 53 449 119 280 132 723 64 64 1072 60 118 217 113
internal_value=2.91593e-05 0.0632647 -0.0206954 0.00483649 0.0738155 0.0272188 0.0404368 0.0789885 0.0768761 0.0790961 0.116106 0.0446337 0.0757647 0.0957254
internal_weight=11400 2814 8586 818 1923 369 891 1643 1590 1526 124 250 1402 330
internal_count=11400 2814 8586 818 1923 369 891 1643 1590 1526 124 250 1402 330
is_linear=0
shrinkage=0.05


Tree=13
num_leaves=15
num_cat=0
split_feature=12 60 62 15 61 31 61 62 47 59 26 0 32 61
split_gain=5403.13 380.36 249.546 123.224 112.587 107.532 136.118 94.0204 128.499 82.9085 82.2011 80.5572 80.5146 76.7058
threshold=3.8333333333333335 1.5000000000000002 315583.00000000006 1.0000000180025095e-35 41.500000000000007 0.24176000000000003 43.500000000000007 19203.000000000004 0.57250000000000012 1112.5000000000002 0.0033476666666666676 1.1666666666666667 0.5485000000000001 53.500000000000007
decision_type=10 2 2 10 2 8 2 2 10 2 10 10 10 2
left_child=5 2 4 -3 -2 -1 -7 -6 -9 10 12 -10 13 -4
right_child=1 3 9 -5 7 6 -8 8 11 -11 -12 -13 -14 -15
leaf_value=-0.022306443704464433 -0.012726651334384987 0.077371574099324325 0.072969337378781807 0.17236249549365834 -0.010154952443915712 -0.023170508204105069 0.021657105302224863 0.12110650187979143 -0.0035694541130712968 0.056574803664339902 0.13433670590477667 0.045307855610995221 0.054590567907956113 0.12731393399931815
leaf_weight=7704 110 59 197 90 84 350 327 52 93 1065 63 807 296 103
leaf_count=7704 110 59 197 90 84 350 327 52 93 1065 63 807 296 103
internal_value=3.02867e-05 0.05738 0.0533031 0.1353 0.035147 -0.0206274 -0.00148127 0.0402579 0.0447354 0.0653438 0.0794237 0.0402303 0.0734695 0.0918916
internal_weight=11400 3019 2870 149 1146 8381 677 1036 952 1724 659 900 596 300
internal_count=11400 3019 2870 149 1146 8381 677 1036 952 1724 659 900 596 300
is_linear=0
shrinkage=0.05


Tree=14
num_leaves=15
num_cat=0
split_feature=0 62 45 62 57 61 26 31 48 52 62 51 45 52
split_gain=4872.24 236.228 139.764 166.957 135.991 112.482 90.3699 89.3366 81.086 67.4179 56.7102 61.0221 51.7626 52.5915
threshold=0.83333333333333337 91779.000000000015 0.43333333333333351 95198.500000000015 3.7500000000000004 41.500000000000007 0.0069200000000000008 0.19300000000000003 1.8333333333333337 0.77500000000000013 396017.00000000006 2.1666666666666674 3.0166666666666675 0.90000000000000013
decision_type=10 2 8 2 2 2 10 10 10 10 2 10 10 10
left_child=2 -2 -1 -4 6 -5 7 8 -3 -10 -9 12 13 -12
right_child=1 4 3 5 -6 -7 -8 10 9 -11 11 -13 -14 -15
leaf_value=-0.020953507263958508 0.021157017553848939 0.06783830711174349 -0.016762783852072412 -0.014668293994791965 0.040812369007392595 0.061086684997760536 0.12164314376971415 0.041044460047604675 0.15279279845564264 0.088225900362139231 0.04071521084942592 0.10276194995201622 0.033281238019242022 0.077797944928572504
leaf_weight=7878 428 469 364 70 611 158 77 383 57 170 139 96 151 349
leaf_count=7878 428 469 364 70 611 158 77 383 57 170 139 96 151 349
internal_value=3.09898e-05 0.055604 -0.0191924 0.00419931 0.0614812 0.037738 0.0681337 0.0658157 0.0800118 0.104849 0.0569239 0.0651309 0.0593624 0.0673391
internal_weight=11400 2930 8470 592 2502 228 1891 1814 696 227 1118 735 639 488
internal_count=11400 2930 8470 592 2502 228 1891 1814 696 227 1118 735 639 488
is_linear=0
shrinkage=0.05


Tree=15
num_leaves=15
num_cat=0
split_feature=12 60 62 15 12 32 55 29 32 5 1 62 62 62
split_gain=4412.5 338.374 203.207 109.68 88.748 87.4187 74.998 66.9105 86.7943 73.9115 86.4351 69.8292 66.7467 62.7869
threshold=3.8333333333333335 1.5000000000000002 315583.00000000006 1.0000000180025095e-35 14.41666666666667 0.14250000000000004 0.36666666666666675 0.0033126666666666673 0.53050000000000008 89.800000000000011 2.1000000000000005 546321.00000000012 50679.500000000007 190224.00000000003
decision_type=10 2 2 10 10 8 10 10 10 10 10 2 2 2
left_child=5 2 4 -3 6 -1 12 8 11 -10 -11 -4 -2 -7
right_child=1 3 7 -5 -6 13 -8 -9 9 10 -12 -13 -14 -15
leaf_value=-0.02045493214509176 0.0019154259812999676 0.070699130499563306 0.099591395044417108 0.16031065995480806 0.046185668500661581 -0.013045552543181953 -0.018681060568734403 0.088145040080968226 0.021938524543856308 0.10674267337783008 0.047287049443258768 0.060210118908174716 0.040594671925015591 0.014667685995411933
leaf_weight=7438 176 59 148 90 548 645 111 179 255 70 536 536 311 298
leaf_count=7438 176 59 148 90 548 645 111 179 255 70 536 536 311 298
internal_value=3.20647e-05 0.0518586 0.0480134 0.125349 0.0316251 -0.0186359 0.0182128 0.0588804 0.0554463 0.0447477 0.0542784 0.0688343 0.0266837 -0.00425819
internal_weight=11400 3019 2870 149 1146 8381 598 1724 1545 861 606 684 487 943
internal_count=11400 3019 2870 149 1146 8381 598 1724 1545 861 606 684 487 943
is_linear=0
shrinkage=0.05


Tree=16
num_leaves=15
num_cat=0
split_feature=3 60 12 13 62 58 62 38 61 32 62 3 52 12
split_gain=3996.52 219.644 157.576 134.932 131.53 95.6251 68.7407 113.806 59.8334 55.3317 60.7312 58.6131 63.9759 58.0247
threshold=58.833333333333336 1.5000000000000002 3.5000000000000004 18.775000000000002 95198.500000000015 1297.5000000000002 504298.50000000006 16.010000000000002 40.500000000000007 0.41763000000000011 396017.00000000006 114.00000000000001 0.90000000000000013 21.166666666666668
decision_type=10 2 10 10 2 2 2 8 2 10 2 10 10 10
left_child=2 4 6 -3 -2 8 -1 -8 -6 -10 -11 12 -12 -14
right_child=1 3 -4 -5 5 -7 7 -9 9 10 11 -13 13 -15
leaf_value=-0.019015974166364857 0.020951070423490963 0.061213826234067292 0.01880596380567319 0.16226611494595278 0.012333113626139054 0.024245498418421871 -0.0090753923381427602 0.074494446755045712 0.068934503819938139 0.03479747021923852 0.025719137453134103 0.097497610372740559 0.069482936641729887 0.026187566165942602
leaf_weight=8030 375 66 297 70 75 260 209 50 772 382 157 91 470 96
leaf_count=8030 375 66 297 70 75 260 209 50 772 382 157 91 470 96
internal_value=3.28874e-05 0.0517418 -0.0169134 0.113813 0.0485596 0.0530387 -0.0181974 0.00707389 0.056684 0.0583579 0.051484 0.059258 0.0543464 0.0622133
internal_weight=11400 2814 8586 136 2678 2303 8289 259 2043 1968 1196 814 723 566
internal_count=11400 2814 8586 136 2678 2303 8289 259 2043 1968 1196 814 723 566
is_linear=0
shrinkage=0.05


Tree=17
num_leaves=15
num_cat=0
split_feature=3 3 3 58 16 26 30 30 57 48 1 59 12 57
split_gain=3607.91 142.275 141.709 98.4259 91.8827 70.0126 75.0465 61.3108 57.8015 77.1276 87.1588 150.434 89.1981 91.8132
threshold=58.833333333333336 1.0000000180025095e-35 89.333333333333357 1297.5000000000002 1.0000000180025095e-35 0.0067533333333333343 1.0443333333333338 0.20500000000000002 3.2500000000000004 1.8333333333333337 3.6333333333333337 1092.5000000000002 14.833333333333334 2.7500000000000004
decision_type=10 8 10 2 10 10 10 8 2 10 10 2 10 2
left_child=1 -1 4 5 -2 6 8 -3 9 10 11 -4 -13 -14
right_child=2 7 3 -5 -6 -7 -8 -9 -10 -11 -12 12 13 -15
leaf_value=-0.018156514331519071 -0.0074103754483684217 0.031898176073789981 0.029643739259283472 0.02505162592793584 0.041926656400356317 0.099339592734766752 0.045291768233517285 -0.0028773887268496012 0.037185648284218269 0.089955132186710848 0.03770050047270776 0.056077383544376427 0.16757517711882541 0.080318546583171668
leaf_weight=7768 164 156 110 272 219 96 1005 662 168 312 271 69 69 59
leaf_count=7768 164 156 110 272 219 96 1005 662 168 312 271 69 69 59
internal_value=3.3806e-05 -0.0160674 0.0491645 0.0536252 0.0207533 0.0572068 0.0552104 0.00373952 0.0645828 0.0697025 0.0586588 0.0769868 0.103153 0.128019
internal_weight=11400 8586 2814 2431 383 2159 2063 818 1058 890 578 307 197 128
internal_count=11400 8586 2814 2431 383 2159 2063 818 1058 890 578 307 197 128
is_linear=0
shrinkage=0.05


Tree=18
num_leaves=15
num_cat=0
split_feature=3 60 12 62 0 58 62 41 2 1 41 12 1 53
split_gain=3257.21 195.386 131.398 113.893 111.767 78.4258 61.1599 125.063 53.9491 73.8548 98.8299 102.597 86.7837 70.6656
threshold=58.833333333333336 1.5000000000000002 3.5000000000000004 95198.500000000015 3.1666666666666674 1297.5000000000002 504298.50000000006 1.0000000180025095e-35 1.1339285714285716 3.7750000000000004 0.32500000000000007 16.166666666666668 3.5500000000000003 0.64583333333333337
decision_type=10 2 10 2 10 2 2 8 10 10 10 10 10 10
left_child=2 3 6 -2 -3 8 -1 -8 -5 10 12 -12 -10 -11
right_child=1 4 -4 5 -6 -7 7 -9 9 13 11 -13 -14 -15
leaf_value=-0.017208925386254428 0.018023169117504744 0.047193220828738169 0.017350429896140048 0.010205536106097625 0.14152781138430812 0.021792617312803662 -0.0097447345439764521 0.077216386693773925 0.04924083804058161 0.089253135155511393 0.063137877532301503 0.13851928327162311 0.10339323029223227 0.0380045998931706
leaf_weight=8030 375 53 297 79 83 260 208 51 779 74 113 79 83 836
leaf_count=8030 375 53 297 79 83 260 208 51 779 74 113 79 83 836
internal_value=3.45579e-05 0.0467165 -0.015264 0.0437152 0.105256 0.047883 -0.0164366 0.00739833 0.051185 0.0528176 0.0618966 0.0945633 0.0545409 0.0422462
internal_weight=11400 2814 8586 2678 136 2303 8289 259 2043 1964 1054 192 862 910
internal_count=11400 2814 8586 2678 136 2303 8289 259 2043 1964 1054 192 862 910
is_linear=0
shrinkage=0.05


Tree=19
num_leaves=15
num_cat=0
split_feature=3 60 13 3 61 62 59 4 31 61 47 47 62 13
split_gain=2940.68 176.504 118.037 117.833 106.9 102.806 74.4644 67.6005 62.2342 58.1405 71.8133 80.0693 66.8311 83.1807
threshold=58.833333333333336 1.5000000000000002 18.775000000000002 1.0000000180025095e-35 49.500000000000007 95198.500000000015 1148.7500000000002 89.100000000000009 0.74300000000000022 43.500000000000007 1.6845238095238098 1.4577777777777781 1528821.0000000002 20.733333333333338
decision_type=10 2 10 8 2 2 2 10 10 2 10 10 2 10
left_child=3 5 -3 -1 -5 -2 9 8 -8 -7 11 -11 -12 -14
right_child=1 2 -4 4 -6 6 7 -9 -10 10 12 -13 13 -15
leaf_value=-0.016401738532608276 0.017123210268845713 0.050902794274900645 0.14531874375563142 -0.0030872200033546775 0.052675329432225762 0.022233983082514185 0.040529805291166059 0.042328953481999484 -0.012568707718540734 0.062440369559658905 0.058465368017715014 0.13523158341153593 0.050536422623447125 -0.030977007215565972
leaf_weight=7768 375 66 70 721 97 127 100 934 121 112 718 60 81 50
leaf_count=7768 375 66 70 721 97 127 100 934 121 112 718 60 81 50
internal_value=3.56536e-05 0.0443915 0.100037 -0.0145005 0.0035228 0.0415382 0.0454982 0.0364367 0.0113822 0.0545735 0.0585588 0.088296 0.0524564 0.0192348
internal_weight=11400 2814 136 8586 818 2678 2303 1155 221 1148 1021 172 849 131
internal_count=11400 2814 136 8586 818 2678 2303 1155 221 1148 1021 172 849 131
is_linear=0
shrinkage=0.05


Tree=20
num_leaves=15
num_cat=0
split_feature=12 60 62 58 12 56 36 36 48 62 16 58 29 32
split_gain=2665.07 236.404 141.892 104.129 82.4137 80.5357 60.9546 103.19 93.2022 59.4207 154.136 54.706 63.8982 57.259
threshold=3.8333333333333335 1.5000000000000002 396017.00000000006 1161.2500000000002 14.41666666666667 0.29285714285714287 25.700000000000006 23.600000000000005 1.8333333333333337 190224.00000000003 1.0000000180025095e-35 1247.5000000000002 0.0033126666666666673 0.7840950000000001
decision_type=10 2 2 2 10 10 10 10 10 2 8 2 10 10
left_child=9 2 4 -3 5 -2 7 8 -6 -1 -11 12 13 -4
right_child=1 3 11 -5 6 -7 -8 -9 -10 10 -12 -13 -14 -15
leaf_value=-0.015802302293234528 0.022925366129573077 0.13812549216836167 0.057341662005812449 0.052341948033765309 0.018578987408718193 -0.016341586054035549 0.024665082234376606 0.1195191077985579 0.096363304175488718 -0.010454860903311243 0.053167115720072468 0.023279107127634684 0.082022902398348252 0.035545126125811781
leaf_weight=7620 474 85 641 64 143 179 371 52 53 650 111 215 148 594
leaf_count=7620 474 85 641 64 143 179 371 52 53 650 111 215 148 594
internal_value=3.58768e-05 0.040314 0.0370989 0.101744 0.0245808 0.012119 0.0376664 0.0569267 0.0399314 -0.0144717 -0.00111327 0.0470368 0.0507023 0.046897
internal_weight=11400 3019 2870 149 1272 653 619 248 196 8381 761 1598 1383 1235
internal_count=11400 3019 2870 149 1272 653 619 248 196 8381 761 1598 1383 1235
is_linear=0
shrinkage=0.05


Tree=21
num_leaves=15
num_cat=0
split_feature=12 60 3 58 61 30 62 62 61 4 56 61 32 62
split_gain=2406.06 213.547 157.792 93.9259 65.1906 140.365 75.9336 55.8183 47.102 70.6513 63.9633 70.7049 56.7431 50.156
threshold=3.8333333333333335 1.5000000000000002 89.333333333333357 1161.2500000000002 40.500000000000007 1.281666666666667 169504.00000000003 162808.00000000003 45.500000000000007 40.000000000000007 0.38750000000000007 41.500000000000007 0.64550000000000007 45781.000000000007
decision_type=10 2 10 2 2 8 2 2 2 10 10 2 10 2
left_child=4 2 8 -3 -1 -6 -7 -4 9 10 11 -2 -10 -13
right_child=1 3 7 -5 5 6 -8 -9 12 -11 -12 13 -14 -15
leaf_value=-0.016717678287828538 -0.002377474698527106 0.13125960470792669 0.02526576456537535 0.049745137804700426 -0.010540598944151509 0.0066068672744030695 0.06899660776325188 0.045216704300079902 0.055821069941752489 -0.020508824860666807 -0.025639837188226683 0.027009817951165877 0.00021289164645585626 0.096507145279929762
leaf_weight=5770 72 85 445 64 2409 118 84 1820 112 180 55 55 79 52
leaf_count=5770 72 85 445 64 2409 118 84 1820 112 180 55 55 79 52
internal_value=3.64547e-05 0.0383075 0.0352511 0.0966974 -0.013748 -0.00717383 0.0327809 0.0413145 0.0124942 0.00293956 0.0210887 0.0356173 0.033012 0.0613086
internal_weight=11400 3019 2870 149 8381 2611 202 2265 605 414 234 179 191 107
internal_count=11400 3019 2870 149 8381 2611 202 2265 605 414 234 179 191 107
is_linear=0
shrinkage=0.05


Tree=22
num_leaves=15
num_cat=0
split_feature=45 62 0 49 32 59 0 27 50 55 45 59 32 62
split_gain=2172.44 190.929 79.5081 74.5348 103.195 85.4649 80.0644 68.3358 67.4841 54.9138 51.6988 50.7112 87.8291 51.3885
threshold=0.43333333333333351 95198.500000000015 1.4166666666666667 2.6750000000000003 0.74725000000000019 1157.5000000000002 4.5833333333333348 0.00047500000000000005 1.1833333333333336 0.22500000000000003 2.5416666666666674 1122.5000000000002 1.0695000000000003 1528821.0000000002
decision_type=10 2 10 10 10 2 10 10 10 10 10 2 10 2
left_child=-1 9 8 5 6 11 -5 -7 -3 -2 -9 13 -13 -4
right_child=1 2 3 4 -6 7 -8 10 -10 -11 -12 12 -14 -15
leaf_value=-0.013375068630731242 0.015325929610361839 -0.014160998619463242 0.051638712223351639 0.14834654743544165 0.03361052169914458 0.024604220539384186 0.062306040149667986 0.091256443391110276 0.033244656092820027 -0.028124766747300335 0.034537878989583257 0.10859590614453341 0.040134671494286726 0.018493708772000694
leaf_weight=8275 448 106 733 56 92 794 57 74 250 86 94 97 95 143
leaf_count=8275 448 106 733 56 92 794 57 74 250 86 94 97 95 143
internal_value=3.6015e-05 0.035553 0.0411654 0.0446703 0.073592 0.0417199 0.105632 0.0308161 0.0190593 0.00826172 0.0598661 0.0514991 0.075044 0.0462702
internal_weight=11400 3125 2591 2235 205 2030 113 962 356 534 168 1068 192 876
internal_count=11400 3125 2591 2235 205 2030 113 962 356 534 168 1068 192 876
is_linear=0
shrinkage=0.05


Tree=23
num_leaves=15
num_cat=0
split_feature=45 60 62 58 5 19 1 31 38 30 25 52 49 1
split_gain=1961.35 197.48 133.218 90.1392 50.9778 58.7023 70.7037 53.5872 51.2052 46.6995 49.9532 69.33 50.4634 48.4413
threshold=0.43333333333333351 1.5000000000000002 95198.500000000015 1161.2500000000002 89.800000000000011 2.2250000000000005 2.2250000000000005 0.56900000000000028 26.91 2.2716666666666669 2.7000000000000002e-05 1.9000000000000001 2.6750000000000003 2.1000000000000005
decision_type=10 2 2 2 10 10 10 10 10 10 10 10 10 10
left_child=-1 2 -2 -3 5 6 -4 -8 -7 10 12 -12 13 -6
right_child=1 3 4 -5 9 8 7 -9 -10 -11 11 -13 -14 -15
leaf_value=-0.012706355307311762 0.0080917409699756675 0.12546509376924597 0.020451693707390837 0.044345263134688145 0.062063383959364476 0.0042056309268639911 0.092610069030633013 0.037519439707318566 0.052896412703129218 0.0043966121486658178 0.04968426860394573 0.1105281696258032 0.070231288272473547 0.030476224771961293
leaf_weight=8275 526 82 237 62 142 342 81 104 64 84 294 57 112 938
leaf_count=8275 526 82 237 62 142 342 81 104 64 84 294 57 112 938
internal_value=3.64215e-05 0.0337839 0.0309976 0.0909858 0.0358925 0.0256826 0.0387592 0.0619596 0.0119981 0.0410635 0.0430414 0.0597792 0.0380688 0.0346793
internal_weight=11400 3125 2981 144 2455 828 422 185 406 1627 1543 351 1192 1080
internal_count=11400 3125 2981 144 2455 828 422 185 406 1627 1543 351 1192 1080
is_linear=0
shrinkage=0.05


Tree=24
num_leaves=15
num_cat=0
split_feature=3 16 45 18 61 31 31 45 31 46 49 31 18 20
split_gain=1798.77 156.278 64.6157 97.7434 62.1205 55.7788 77.5272 53.1745 52.5813 45.6069 49.9406 74.4157 49.8642 45.2279
threshold=89.333333333333357 1.0000000180025095e-35 0.43333333333333351 1.5833333333333337 53.500000000000007 2.0277500000000006 1.9260000000000002 1.9166666666666667 0.56900000000000028 1.4100000000000004 2.6750000000000003 1.2810000000000004 1.8333333333333337 2.7071428571428577
decision_type=10 10 10 10 2 10 10 10 10 10 10 10 10 10
left_child=1 4 -3 8 -1 6 9 -5 -4 12 13 -12 -2 -11
right_child=5 2 3 7 -6 -7 -8 -9 -10 10 11 -13 -14 -15
leaf_value=-0.012041813391630679 0.0460162708314047 -0.016449056016333279 0.085295128769709572 -0.019247080968858687 0.042423046330610913 0.01431484269985629 0.096351400293349265 0.041910270390521115 0.023706509206782689 0.024676468200169655 0.092843508321627244 0.016471425067741893 0.10411582373465611 0.040931336806522341
leaf_weight=8529 136 89 88 95 52 226 61 56 60 731 90 51 53 1083
leaf_count=8529 136 89 88 95 52 226 61 56 60 731 90 51 53 1083
internal_value=3.74514e-05 -0.0103008 0.0206963 0.0318454 -0.0117064 0.0381842 0.0406155 0.00333224 0.060659 0.038996 0.0366789 0.0655521 0.0626724 0.0344034
internal_weight=11400 8969 388 299 8581 2431 2205 151 148 2144 1955 141 189 1814
internal_count=11400 8969 388 299 8581 2431 2205 151 148 2144 1955 141 189 1814
is_linear=0
shrinkage=0.05


Tree=25
num_leaves=15
num_cat=0
split_feature=12 60 61 15 62 59 40 61 31 62 13 62 13 17
split_gain=1612.28 170.301 98.1103 88.4597 86.6965 65.6648 85.9333 55.6358 112.087 64.894 47.6691 43.5023 83.0154 45.4716
threshold=3.8333333333333335 1.5000000000000002 41.500000000000007 1.0000000180025095e-35 53745.500000000007 1148.7500000000002 2.0100000000000002 43.500000000000007 1.3050000000000004 169504.00000000003 6.7000000000000002 1528821.0000000002 20.550000000000004 0.31666666666666671
decision_type=10 2 2 10 2 2 10 2 8 2 10 2 10 10
left_child=7 2 -2 -3 -4 11 10 -1 -9 -10 -7 13 -13 -6
right_child=1 3 4 -5 5 6 -8 8 9 -11 -12 12 -14 -15
leaf_value=-0.013369896870324331 -0.0022871695220597517 0.034896306386765316 0.0051305062689028383 0.11472760756289102 0.04040783068635672 0.06940980694456915 0.087080033452392708 -0.0077357178319435276 0.0086257494188942772 0.068500249187182033 0.020763898947418293 0.044653462316793735 -0.026426716014742852 0.064832443752151567
leaf_weight=6591 234 59 283 90 723 53 55 1600 114 76 1073 118 62 269
leaf_count=6591 234 59 283 90 723 53 55 1600 114 76 1073 118 62 269
internal_value=3.77307e-05 0.0313664 0.0286367 0.0835062 0.0313913 0.0345373 0.0261417 -0.0112457 -0.0034086 0.0328237 0.0231056 0.0429613 0.0200264 0.0470856
internal_weight=11400 3019 2870 149 2636 2353 1181 8381 1790 190 1126 1172 180 992
internal_count=11400 3019 2870 149 2636 2353 1181 8381 1790 190 1126 1172 180 992
is_linear=0
shrinkage=0.05


Tree=26
num_leaves=15
num_cat=0
split_feature=3 60 16 58 56 0 30 59 61 58 24 30 5 52
split_gain=1479.04 154.523 126.34 77.0354 57.1354 60.8569 78.5374 57.1337 53.1727 51.0941 39.5291 41.1353 61.1535 53.1026
threshold=89.333333333333357 1.5000000000000002 1.0000000180025095e-35 1152.5000000000002 0.47222222222222227 1.8333333333333337 0.41833333333333339 1177.5000000000002 51.500000000000007 1310.0000000000002 0.00011833333333333334 0.55500000000000016 96.750000000000014 0.90000000000000013
decision_type=10 2 10 2 10 10 10 2 2 2 10 10 10 10
left_child=2 9 8 -3 5 -4 -7 -8 -1 10 11 12 -2 -13
right_child=1 3 4 -5 -6 6 7 -9 -10 -11 -12 13 -14 -15
leaf_value=-0.011010843383647512 0.044993587037525484 0.12949739657645304 -0.0017413575016888814 0.047952453954880986 -0.014473936354311613 0.081505596896127477 0.053808412110166896 -0.019431767395096961 0.027241302969677202 0.0080921956224600401 0.049008483054560154 -0.0057372485027002654 0.0038507660028870116 0.028483240052853076
leaf_weight=8490 672 61 100 59 97 86 52 53 91 211 372 130 106 820
leaf_count=8490 672 61 100 59 97 86 52 53 91 211 372 130 106 820
internal_value=3.76191e-05 0.0346286 -0.00933671 0.0899773 0.0185312 0.0296246 0.0461388 0.0166857 -0.0106007 0.031725 0.0340851 0.0308447 0.0394262 0.0237736
internal_weight=11400 2431 8969 120 388 291 191 105 8581 2311 2100 1728 778 950
internal_count=11400 2431 8969 120 388 291 191 105 8581 2311 2100 1728 778 950
is_linear=0
shrinkage=0.05


Tree=27
num_leaves=15
num_cat=0
split_feature=3 45 61 37 30 5 58 26 16 5 48 39 46 2
split_gain=1335.18 114.365 94.2084 99.2812 72.3882 69.9284 58.5533 51.8742 50.1071 58.5194 44.6673 59.037 67.1261 46.3721
threshold=89.333333333333357 0.43333333333333351 49.500000000000007 11.140000000000002 0.43565000000000004 18.200000000000003 1310.0000000000002 0.0069200000000000008 1.0000000180025095e-35 20.050000000000004 1.8333333333333337 1.0000000180025095e-35 1.8900000000000003 2.7321428571428577
decision_type=10 8 2 8 10 10 2 10 10 10 10 10 10 10
left_child=1 -1 3 5 -4 -3 7 10 9 -5 -2 12 13 -12
right_child=6 2 4 8 -6 -7 -8 -9 -10 -11 11 -13 -14 -15
leaf_value=-0.010931039814713795 0.02854398084151967 0.0046226599671382431 0.068058100082541831 -0.0062448836138839859 0.0040230326125958215 0.05582968255689065 0.0076909458486224798 0.072074884893422453 0.019345708419992169 -0.043124274158742093 0.10153997501542977 0.085960141794597794 0.026757215100952626 0.047397637638557893
leaf_weight=7915 1429 179 99 321 81 107 213 93 104 163 55 76 405 160
leaf_count=7915 1429 179 99 321 81 107 213 93 104 163 55 76 405 160
internal_value=3.71018e-05 -0.00886955 0.0065853 -0.000177775 0.0394718 0.0239318 0.0329029 0.0353105 -0.0119574 -0.0187483 0.0336732 0.0441404 0.0389087 0.0615675
internal_weight=11400 8969 1054 874 180 286 2431 2218 588 484 2125 696 620 215
internal_count=11400 8969 1054 874 180 286 2431 2218 588 484 2125 696 620 215
is_linear=0
shrinkage=0.05


Tree=28
num_leaves=15
num_cat=0
split_feature=3 45 62 1 16 50 38 58 37 61 1 46 1 16
split_gain=1205.38 104.777 64.1188 63.7877 105.482 98.9691 71.3839 63.9092 74.5071 68.7359 59.4389 58.7716 57.1351 54.6486
threshold=89.333333333333357 0.43333333333333351 230286.50000000003 3.6333333333333337 0.36666666666666675 1.4142857142857144 21.210000000000004 1108.7500000000002 26.140000000000008 49.500000000000007 1.9000000000000001 1.3100000000000005 1.9000000000000001 1.0000000180025095e-35
decision_type=10 10 2 10 10 10 10 2 10 2 10 10 10 10
left_child=1 -1 -2 4 5 6 -4 8 -8 -9 -7 12 -3 -13
right_child=2 11 3 -5 -6 10 7 9 -10 -11 -12 13 -14 -15
leaf_value=-0.010004211800544418 0.017726870440823571 0.014276631444741389 0.023364009531166074 0.027000777553869999 0.097396558300895594 0.063248146135863742 0.086895653404442996 0.12908338655206947 0.00028302153044537008 0.05600685607295576 0.015172577923760134 -0.025845639252129501 0.06505930207900866 0.014693552038414014
leaf_weight=8265 650 305 95 926 90 79 50 77 50 60 354 163 68 168
leaf_count=8265 650 305 95 926 90 79 50 77 50 60 354 163 68 168
internal_value=3.71361e-05 -0.0084254 0.0312647 0.0361851 0.0460812 0.0399518 0.0605298 0.0752417 0.044055 0.0975809 0.0240644 0.0100684 0.0236762 -0.00520331
internal_weight=11400 8969 2431 1781 855 765 332 237 100 137 433 704 373 331
internal_count=11400 8969 2431 1781 855 765 332 237 100 137 433 704 373 331
is_linear=0
shrinkage=0.05


Tree=29
num_leaves=15
num_cat=0
split_feature=3 60 45 62 18 58 52 59 5 1 40 32 32 32
split_gain=1088.4 137.68 95.1683 95.1975 72.8416 70.4387 45.33 43.475 42.6255 45.6676 125.86 113.735 56.4483 56.1116
threshold=89.333333333333357 1.5000000000000002 0.43333333333333351 40972.500000000007 1.8333333333333337 1152.5000000000002 2.9000000000000004 1067.5000000000002 45.20000000000001 3.7750000000000004 1.0000000180025095e-35 1.4655000000000002 1.1305000000000003 1.4211250000000002
decision_type=10 2 8 2 10 2 10 2 10 10 10 10 10 10
left_child=2 6 -1 -4 -5 -3 7 -2 -9 10 12 -12 -10 -14
right_child=1 5 3 4 -6 -7 -8 8 9 -11 11 -13 13 -15
leaf_value=-0.0098843428299516239 0.045822977241880621 0.1197058351786156 -0.014545753600768267 0.028025018765247864 -0.0068620800626217979 0.041806618837999701 -0.0077601350281991111 -0.0060363468607489154 0.04056041394328154 0.018818067651660761 0.10618940493154326 0.017122894431983608 -0.011479232249658178 0.02709440906003845
leaf_weight=7915 311 61 364 473 217 59 89 100 379 858 104 56 143 271
leaf_count=7915 311 61 364 473 217 59 89 100 379 858 104 56 143 271
internal_value=3.76355e-05 0.0297114 -0.00800369 0.00609333 0.01702 0.0819453 0.0269711 0.0283749 0.0255111 0.0272681 0.0348356 0.0753223 0.026593 0.0137126
internal_weight=11400 2431 8969 1054 690 120 2311 2222 1911 1811 953 160 793 414
internal_count=11400 2431 8969 1054 690 120 2311 2222 1911 1811 953 160 793 414
is_linear=0
shrinkage=0.05


Tree=30
num_leaves=15
num_cat=0
split_feature=0 60 61 58 30 45 62 61 1 39 45 32 3 47
split_gain=985.799 161.188 135.961 81.3548 61.9341 57.7704 55.3868 58.6076 66.9844 49.7179 77.4342 69.234 105.715 58.9231
threshold=1.4166666666666667 1.5000000000000002 54.500000000000007 1161.2500000000002 1.3137166666666671 1.6333333333333344 53745.500000000007 40.500000000000007 2.1000000000000005 1.0000000180025095e-35 2.0416666666666674 0.41350000000000003 114.00000000000001 1.4950000000000003
decision_type=10 2 2 2 10 10 2 2 10 10 10 10 10 10
left_child=2 6 4 -3 -1 -6 -2 -8 -9 11 -11 13 -13 -10
right_child=1 3 -4 -5 5 -7 7 8 9 10 -12 12 -14 -15
leaf_value=-0.0089734162167224209 -0.0010285058140904839 0.11402440586397725 0.068661219944124649 0.034928372788767356 0.067255029989646206 0.00015493288111373865 -0.011978969845191513 0.051154125589910927 0.073979602636986538 0.098911545251574473 0.031016712306104779 0.0068584771358211772 0.059103906007757903 0.028195877335381023
leaf_weight=8615 198 77 57 59 50 90 94 277 81 53 211 856 109 573
leaf_count=8615 198 77 57 59 50 90 94 277 81 53 211 856 109 573
internal_value=3.68248e-05 0.027167 -0.00792931 0.0801475 -0.00843471 0.0244512 0.0242025 0.0264298 0.0281152 0.0247001 0.0449028 0.0213775 0.0128132 0.0339567
internal_weight=11400 2588 8812 136 8755 140 2452 2254 2160 1883 264 1619 965 654
internal_count=11400 2588 8812 136 8755 140 2452 2254 2160 1883 264 1619 965 654
is_linear=0
shrinkage=0.05


Tree=31
num_leaves=15
num_cat=0
split_feature=0 60 61 56 31 62 61 1 49 32 59 62 62 12
split_gain=890.047 145.617 122.811 75.259 51.4685 50.0349 52.948 60.4135 48.6546 63.7894 56.5813 54.6171 46.6706 45.9646
threshold=1.4166666666666667 1.5000000000000002 54.500000000000007 0.38750000000000007 1.3255000000000001 53745.500000000007 40.500000000000007 2.1000000000000005 2.6750000000000003 0.46550000000000008 1148.7500000000002 1528821.0000000002 1001234.0000000001 17.166666666666668
decision_type=10 2 2 10 10 2 2 10 10 10 2 2 2 10
left_child=2 5 4 -3 -1 13 -7 -8 10 -10 11 12 -9 -2
right_child=1 3 -4 -5 -6 6 7 8 9 -11 -12 -13 -14 -15
leaf_value=-0.0085072754642599845 -0.017167733838612385 0.044122909656176289 0.065258012128912884 0.12072925358120584 0.021746067779808587 -0.011383189756679473 0.048601027669726987 0.028459897466006041 0.08351427026537081 0.019889397463745122 0.01195063198869005 0.0014119402396085001 0.05875983118063216 0.034822553317479001
leaf_weight=8613 137 80 57 56 142 94 277 542 75 86 870 140 170 61
leaf_count=8613 137 80 57 56 142 94 277 542 75 86 870 140 170 61
internal_value=3.72033e-05 0.0258163 -0.00753206 0.0761765 -0.00801252 0.0229979 0.0251148 0.026717 0.0234724 0.0498499 0.0209779 0.0301542 0.0357657 -0.000977211
internal_weight=11400 2588 8812 136 8755 2452 2254 2160 1883 161 1722 852 712 198
internal_count=11400 2588 8812 136 8755 2452 2254 2160 1883 161 1722 852 712 198
is_linear=0
shrinkage=0.05


Tree=32
num_leaves=15
num_cat=0
split_feature=0 61 62 57 25 30 38 47 30 37 5 2 47 57
split_gain=803.62 110.934 63.9326 54.0767 63.4489 51.7151 51.708 53.1891 60.9172 54.7065 68.0077 73.0509 63.7098 58.4517
threshold=1.4166666666666667 54.500000000000007 53745.500000000007 3.7500000000000004 0.0082140000000000043 1.3137166666666671 30.255000000000006 2.6316666666666673 1.5850000000000002 12.660000000000002 85.15000000000002 2.4365079365079372 2.442222222222223 2.2500000000000004
decision_type=10 2 2 2 10 10 10 10 10 10 10 10 10 2
left_child=1 5 -2 4 6 -1 7 9 -9 13 -11 -12 -13 -4
right_child=2 -3 3 -5 -6 -7 -8 8 -10 10 11 12 -14 -15
leaf_value=-0.0081041725928301233 -0.0024294931200048689 0.06202348417561987 0.030296248664926768 0.013422449190664565 0.085044107175319003 0.022435301611965584 0.0094436223605261736 0.065619995036680312 0.012039608830778764 0.0053374754866372083 0.07667411057686313 0.035980117657623947 -0.0019582645404328594 0.09019206382548639
leaf_weight=8615 201 57 105 579 53 140 277 218 72 335 84 450 145 69
leaf_count=8615 201 57 105 579 53 140 277 218 72 335 84 450 145 69
internal_value=3.73218e-05 -0.00715495 0.0245329 0.0268138 0.0310836 -0.00761171 0.029416 0.0331378 0.052447 0.0283832 0.0238726 0.0329699 0.0266988 0.0543817
internal_weight=11400 8812 2588 2387 1808 8755 1755 1478 290 1188 1014 679 595 174
internal_count=11400 8812 2588 2387 1808 8755 1755 1478 290 1188 1014 679 595 174
is_linear=0
shrinkage=0.05


Tree=33
num_leaves=15
num_cat=0
split_feature=3 38 62 41 38 62 1 40 49 16 1 14 12 62
split_gain=737.825 68.4398 55.1829 85.5279 57.2112 49.1434 56.2488 91.2236 131.897 107.324 65.7829 55.8694 51.4824 48.1707
threshold=89.333333333333357 1.7500000000000002 459344.50000000006 1.0050000000000001 15.640000000000004 230286.50000000003 3.6333333333333337 1.0000000180025095e-35 0.70833333333333337 0.36666666666666675 2.1000000000000005 11.850000000000003 15.583333333333334 876312.00000000012
decision_type=10 8 2 8 10 2 10 10 10 10 10 10 10 2
left_child=1 -1 -3 4 -4 -2 7 8 -7 10 11 -10 -9 -6
right_child=5 2 3 -5 13 6 -8 12 9 -11 -12 -13 -14 -15
leaf_value=-0.0087210755995236998 0.012619334414778858 -0.0023119137522961022 0.028184658882640282 0.074975178155124708 -0.050980667222442259 0.10871076841128641 0.020161391060002233 0.043300550080627415 0.0082525907821363684 0.08655966003022092 0.0072699565564921772 0.066525402324090543 0.10458236508585256 0.008682381457765587
leaf_weight=7236 650 1362 173 58 55 50 926 71 69 63 424 106 72 85
leaf_count=7236 650 1362 173 58 55 50 926 71 69 63 424 106 72 85
internal_value=3.74205e-05 -0.00658298 0.00232998 0.0194186 0.00894084 0.0244695 0.0287756 0.0380587 0.0306401 0.0246281 0.018006 0.0437807 0.0745868 -0.0146768
internal_weight=11400 8969 1733 371 313 2431 1781 855 712 662 599 175 143 140
internal_count=11400 8969 1733 371 313 2431 1781 855 712 662 599 175 143 140
is_linear=0
shrinkage=0.05


Tree=34
num_leaves=15
num_cat=0
split_feature=3 60 61 1 31 2 2 52 1 40 30 1 49 0
split_gain=666.273 98.9838 68.9654 100.154 71.98 70.6071 65.2436 38.8637 37.4539 78.4352 94.681 59.0168 55.5981 52.9347
threshold=89.333333333333357 1.5000000000000002 41.500000000000007 1.9000000000000001 0.58300000000000007 2.9500000000000006 3.7638888888888893 2.9000000000000004 3.7750000000000004 1.0000000180025095e-35 1.7283333333333337 3.1000000000000005 0.63333333333333341 4.5833333333333348
decision_type=10 2 2 8 10 8 10 10 10 10 10 10 10 10
left_child=2 7 -1 -4 5 -5 -3 8 9 12 11 -11 -2 -14
right_child=1 6 3 4 -6 -7 -8 -9 -10 10 -12 -13 13 -15
leaf_value=-0.0093344419997333436 0.055129806707761068 0.032110575742499779 -0.0037228001203476347 0.088044393706966095 -0.0067452866055748685 0.024579081930828511 0.10696136386481947 -0.011229909503541096 0.015035302637412996 0.053652391012471462 -0.0012161763186014972 0.12177086748035237 0.015151528373689094 0.066638968522860623
leaf_weight=6004 116 64 2550 55 137 223 56 89 1007 97 51 50 848 53
leaf_count=6004 116 64 2550 55 137 223 56 89 1007 97 51 50 848 53
internal_value=3.75401e-05 0.0232549 -0.00625355 -5.93153e-06 0.0227495 0.0373605 0.0675473 0.02093 0.0222317 0.0281668 0.0570171 0.0773257 0.0225001 0.0182432
internal_weight=11400 2431 8969 2965 415 278 120 2311 2222 1215 198 147 1017 901
internal_count=11400 2431 8969 2965 415 278 120 2311 2222 1215 198 147 1017 901
is_linear=0
shrinkage=0.05


Tree=35
num_leaves=15
num_cat=0
split_feature=12 60 15 61 59 40 12 12 17 46 50 61 30 19
split_gain=599.579 89.2854 66.8847 56.8708 41.9052 61.4644 44.8492 47.0109 45.8233 58.8406 59.9763 37.3134 86.8571 35.5677
threshold=3.5000000000000004 1.5000000000000002 1.0000000180025095e-35 41.500000000000007 1148.7500000000002 2.0100000000000002 5.5000000000000009 14.41666666666667 0.2678571428571429 2.4775000000000005 1.3666666666666669 43.500000000000007 1.405 3.4500000000000006
decision_type=10 2 10 2 2 10 10 10 10 10 10 2 8 10
left_child=11 3 -3 -2 -5 6 -6 -8 9 10 -9 -1 -13 -11
right_child=1 2 -4 4 5 -7 7 8 -10 13 -12 12 -14 -15
leaf_value=-0.0086172598389017176 -0.0063656344401392204 0.014716884409695739 0.083864681813762998 0.025562364278177787 0.048560647903403059 0.061061897592281734 -0.0044366925687485187 0.017438331047693888 0.0038547610610799236 -0.017460380462433794 0.08219894160580192 -0.0041802135894099058 0.032328099907778678 0.025479543397148835
leaf_weight=6584 236 59 90 1307 73 63 455 67 393 69 80 1589 181 154
leaf_count=6584 236 59 90 1307 73 63 455 67 393 69 80 1589 181 154
internal_value=3.73009e-05 0.0190276 0.056792 0.0170672 0.0191556 0.0129456 0.0105554 0.0082381 0.0158272 0.028454 0.0530109 -0.00688458 -0.000424682 0.012072
internal_weight=11400 3046 149 2897 2661 1354 1291 1218 763 370 147 8354 1770 223
internal_count=11400 3046 149 2897 2661 1354 1291 1218 763 370 147 8354 1770 223
is_linear=0
shrinkage=0.05


Tree=36
num_leaves=15
num_cat=0
split_feature=3 60 2 61 1 31 18 52 1 14 14 46 20 14
split_gain=548.427 81.4809 57.7693 55.8305 81.3873 63.3888 66.9889 35.2397 36.1344 61.8644 47.2594 42.8052 30.6192 29.7518
threshold=89.333333333333357 1.5000000000000002 3.5857142857142863 41.500000000000007 1.9000000000000001 0.58300000000000007 1.1666666666666667 2.9000000000000004 2.1000000000000005 12.950000000000001 7.0500000000000007 1.8900000000000003 2.0500000000000003 12.414285714285716
decision_type=10 2 10 2 8 10 8 10 10 10 10 10 8 10
left_child=3 7 -3 12 -5 6 -6 8 9 11 -10 -2 -1 -8
right_child=1 2 -4 4 5 -7 13 -9 10 -11 -12 -13 -14 -15
leaf_value=-0.0077273972217059665 0.041971731493914768 0.023299480888959584 0.093716587611409122 -0.0034000409397862046 0.084668861931868802 -0.0072069968703118246 0.03174910480501475 -0.011629448221299236 -0.029652008332890795 0.058374615711056524 0.018770215851780694 -0.0048837477887158764 -0.026484132899524095 -0.011549493013927253
leaf_weight=5777 87 56 64 2550 53 137 175 89 51 157 1819 108 227 50
leaf_count=5777 87 56 64 2550 53 137 175 89 51 157 1819 108 227 50
internal_value=3.66505e-05 0.0211011 0.0612958 -0.00567082 -4.86474e-05 0.0204634 0.0341777 0.0189903 0.0202304 0.0349976 0.0174287 0.015947 -0.00844286 0.0220121
internal_weight=11400 2431 120 8969 2965 415 278 2311 2222 352 1870 195 6004 225
internal_count=11400 2431 120 8969 2965 415 278 2311 2222 352 1870 195 6004 225
is_linear=0
shrinkage=0.05


Tree=37
num_leaves=15
num_cat=0
split_feature=0 60 61 58 5 56 31 37 12 62 2 18 59 58
split_gain=495.726 99.4183 84.0307 74.2297 38.8482 59.2402 62.7122 61.7308 59.8035 50.0717 62.4005 49.6829 55.6466 52.1093
threshold=1.4166666666666667 1.5000000000000002 54.500000000000007 1161.2500000000002 89.800000000000011 0.41428571428571431 0.49900000000000005 26.853333333333335 16.833333333333339 162808.00000000003 2.683333333333334 3.1666666666666674 1098.7500000000002 1157.5000000000002
decision_type=10 2 2 2 10 10 10 10 10 2 10 10 2 2
left_child=2 4 -1 -3 5 6 7 8 -2 -6 -11 -8 -13 -14
right_child=1 3 -4 -5 9 -7 11 -9 -10 10 -12 12 13 -15
leaf_value=-0.0060111784649362187 0.028776771818617902 0.093152905798727481 0.054592965037116539 0.017931495008974518 5.586109627699305e-05 -0.024889640742714738 -0.012279932326515895 -0.01391930092451172 0.091848960069117247 0.055928782850453065 0.021292508250881748 0.062690080263368461 -0.02401575224681033 0.035523816415832001
leaf_weight=8755 125 77 57 59 239 117 249 50 55 146 1268 57 76 70
leaf_count=8755 125 77 57 59 239 117 249 50 55 146 1268 57 76 70
internal_value=3.5147e-05 0.0192747 -0.00561325 0.0608885 0.0169444 0.00783578 0.0135007 0.034734 0.0483884 0.0213284 0.024905 0.0026145 0.0209922 0.00438378
internal_weight=11400 2588 8812 136 2452 799 682 230 180 1653 1414 452 203 146
internal_count=11400 2588 8812 136 2452 799 682 230 180 1653 1414 452 203 146
is_linear=0
shrinkage=0.05


Tree=38
num_leaves=15
num_cat=0
split_feature=45 60 56 62 1 62 40 45 5 36 2 59 37 50
split_gain=451.07 66.1204 68.6036 47.1542 53.1079 91.3289 88.9463 84.3574 73.3549 52.9658 74.1995 45.1043 52.3767 42.7446
threshold=0.43333333333333351 1.5000000000000002 0.38750000000000007 396017.00000000006 3.6333333333333337 546321.00000000012 1.0000000180025095e-35 2.1833333333333349 89.800000000000011 24.766666666666673 3.3875000000000006 1237.5000000000002 21.580000000000005 2.3666666666666671
decision_type=10 2 10 2 10 2 10 10 10 10 10 2 10 10
left_child=-1 3 -3 13 5 8 9 -8 -5 11 -11 12 -7 -2
right_child=1 2 -4 4 -6 6 7 -9 -10 10 -12 -13 -14 -15
leaf_value=-0.0060751360821189983 0.0095169220688796768 0.020408077952532758 0.091257263656355392 0.033783746293679938 0.011134813953651766 0.024413301937221389 0.10644454041442349 0.0214699653131286 0.11539659696604009 0.012166550920800472 0.078598788953213788 -0.027105232474452026 -0.023102690870195185 -0.035604571383617341
leaf_weight=8275 1303 86 58 63 801 245 56 63 51 115 67 88 75 54
leaf_count=8275 1303 86 58 63 801 245 56 63 51 115 67 88 75 54
internal_value=3.46633e-05 0.0162198 0.0493346 0.0146038 0.0203609 0.0292978 0.0225349 0.0619453 0.0708576 0.014498 0.0369077 0.00440734 0.0131801 0.0076905
internal_weight=11400 3125 144 2981 1624 823 709 119 114 590 182 408 320 1357
internal_count=11400 3125 144 2981 1624 823 709 119 114 590 182 408 320 1357
is_linear=0
shrinkage=0.05


Tree=39
num_leaves=15
num_cat=0
split_feature=3 60 58 62 61 31 58 24 45 40 62 36 14 13
split_gain=409.768 60.7292 55.0217 49.9293 49.7254 41.0123 31.8645 32.1668 48.9002 42.1607 37.3785 46.7489 31.8691 51.4979
threshold=89.333333333333357 1.5000000000000002 1152.5000000000002 876312.00000000012 41.500000000000007 0.56900000000000028 1310.0000000000002 0.00011833333333333334 1.9166666666666667 0.6100000000000001 155157.50000000003 29.233333333333338 18.31666666666667 11.100000000000001
decision_type=10 2 2 2 2 10 2 10 10 10 2 10 10 10
left_child=3 6 -3 -1 -5 -6 7 12 -9 10 -10 -12 13 -2
right_child=1 2 -4 4 5 -7 -8 8 9 -11 11 -13 -14 -15
leaf_value=-0.0055302500820418165 -0.0013327709375713156 0.086176972269890753 0.017754094440396093 -0.0070998086212490097 0.061465654329907506 0.0053148714109109004 -0.001993072761638843 0.065830273285056612 -0.0038995144833432571 -0.0092961779872702942 0.070293752299998541 0.015896882721849907 0.0068499850640520183 0.026329091435474156
leaf_weight=8721 208 61 59 113 77 58 211 82 50 78 86 76 677 843
leaf_count=8721 208 61 59 113 77 58 211 82 50 78 86 76 677 843
internal_value=3.45367e-05 0.0182427 0.0529565 -0.00489864 0.0171778 0.0376347 0.0164183 0.0182801 0.0316801 0.0218411 0.0334099 0.0450555 0.0153726 0.0208328
internal_weight=11400 2431 120 8969 248 135 2311 2100 372 290 212 162 1728 1051
internal_count=11400 2431 120 8969 248 135 2311 2100 372 290 212 162 1728 1051
is_linear=0
shrinkage=0.05


Tree=40
num_leaves=15
num_cat=0
split_feature=45 62 60 58 59 40 37 38 46 46 20 40 19 31
split_gain=371.858 56.4936 64.522 73.3962 39.6509 46.6744 40.2069 49.561 61.7633 59.1485 56.7074 51.7413 50.0091 49.3191
threshold=0.43333333333333351 53745.500000000007 1.5000000000000002 1161.2500000000002 1148.7500000000002 2.0100000000000002 17.260000000000005 21.210000000000004 2.5225000000000004 2.2900000000000005 2.3166666666666669 0.6100000000000001 2.5500000000000003 1.3150000000000004
decision_type=10 2 2 2 2 10 10 10 10 10 10 10 10 10
left_child=-1 -2 4 -4 6 -6 -3 10 9 13 12 -10 -8 -9
right_child=1 2 3 -5 5 -7 7 8 11 -11 -12 -13 -14 -15
leaf_value=-0.0055135069606600294 -0.0038989706211067436 0.036679907836496155 0.082412523733582474 0.0090552617788314822 0.0072404263120470552 0.052643448934585106 0.042470460190105509 -0.0022501651994274847 0.020553264026319792 0.074343188150953018 -0.031906355192987762 -0.022960839303436155 -0.01247131552476928 0.059974564826559454
leaf_weight=8275 358 332 78 62 1276 59 85 79 387 97 99 82 79 52
leaf_count=8275 358 332 78 62 1276 59 85 79 387 97 99 82 79 52
internal_value=3.37457e-05 0.0147294 0.0171489 0.0502515 0.015366 0.00928468 0.0216244 0.0163753 0.0233525 0.0447188 -0.00203009 0.0128757 0.0158952 0.0223937
internal_weight=11400 3125 2767 140 2627 1335 1292 960 697 228 263 469 164 131
internal_count=11400 3125 2767 140 2627 1335 1292 960 697 228 263 469 164 131
is_linear=0
shrinkage=0.05


Tree=41
num_leaves=15
num_cat=0
split_feature=0 60 61 58 61 32 31 1 3 48 62 57 49 32
split_gain=339.188 69.9809 68.0256 56.2708 35.1529 35.3745 49.126 37.7271 65.033 52.677 50.2502 47.344 43.3457 51.8363
threshold=1.4166666666666667 1.5000000000000002 54.500000000000007 1161.2500000000002 41.500000000000007 1.9025000000000005 1.9260000000000002 2.1000000000000005 89.333333333333357 1.4166666666666667 91779.000000000015 2.7500000000000004 2.6750000000000003 0.46550000000000008
decision_type=10 2 2 2 2 10 10 10 10 10 2 2 10 10
left_child=2 4 -1 -3 -2 6 7 8 -6 11 -9 -10 -12 -14
right_child=1 3 -4 -5 5 -7 -8 10 9 -11 12 -13 13 -15
leaf_value=-0.0049972338077582598 -0.0096703446842094348 0.078959248320710274 0.049529695923885578 0.013438520968711676 0.0015558960899968687 -0.0047633443920946945 0.056342586727848476 -0.019778171939388359 0.10577883657512316 0.020227646135567316 0.01242376734010904 0.038774462509076152 0.070114335082224671 0.011992543346128582
leaf_weight=8755 146 77 57 59 115 195 78 109 54 91 1452 56 75 81
leaf_count=8755 146 77 57 59 115 195 78 109 54 91 1452 56 75 81
internal_value=3.29495e-05 0.0159478 -0.0046389 0.0508713 0.0139906 0.0155013 0.0173857 0.0158653 0.0317891 0.0489158 0.0129117 0.0722236 0.0151486 0.0402302
internal_weight=11400 2588 8812 136 2452 2306 2111 2033 316 201 1717 110 1608 156
internal_count=11400 2588 8812 136 2452 2306 2111 2033 316 201 1717 110 1608 156
is_linear=0
shrinkage=0.05


Tree=42
num_leaves=15
num_cat=0
split_feature=3 60 2 61 62 37 36 62 32 31 52 59 38 20
split_gain=307.342 44.558 49.7669 43.0364 65.0769 40.5842 110.203 79.3452 78.8766 37.2672 29.794 31.1734 53.7266 45.2873
threshold=89.333333333333357 1.5000000000000002 3.7638888888888893 41.500000000000007 876312.00000000012 11.140000000000002 5.8333333333333348 33575.000000000007 0.41350000000000003 0.56900000000000028 2.9000000000000004 1067.5000000000002 26.770000000000003 2.7071428571428577
decision_type=10 2 10 2 2 10 8 2 8 10 10 2 10 10
left_child=3 10 -3 -1 5 6 -5 -8 -9 -6 11 12 -2 -13
right_child=1 2 -4 4 9 -7 7 8 -10 -11 -12 13 -14 -15
leaf_value=-0.0066733501505676545 0.044604919734355375 0.014750436992319519 0.079869323863392391 -0.002810640037429874 0.057245994912039848 -0.018307334362504424 -0.0030996938216735718 0.096001269393562044 0.026797714125324081 0.003728907762302293 -0.01392345250526953 0.0043380743857811804 0.00010856659776281293 0.019869193557975968
leaf_weight=6004 209 64 56 2214 77 300 120 60 136 58 89 852 102 1059
leaf_count=6004 209 64 56 2214 77 300 120 60 136 58 89 852 102 1059
internal_value=3.28809e-05 0.0158023 0.045552 -0.0042392 0.00068172 -0.000930247 0.00112361 0.0287281 0.0483001 0.0345366 0.0142372 0.0153793 0.0301151 0.0129608
internal_weight=11400 2431 120 8969 2965 2830 2530 316 196 135 2311 2222 311 1911
internal_count=11400 2431 120 8969 2965 2830 2530 316 196 135 2311 2222 311 1911
is_linear=0
shrinkage=0.05


Tree=43
num_leaves=15
num_cat=0
split_feature=0 60 61 62 61 32 56 3 57 49 14 14 50 2
split_gain=277.867 58.5686 57.4368 52.8424 32.3821 29.536 31.5794 62.7073 40.7729 107.851 44.9209 55.8701 53.8765 44.4214
threshold=1.4166666666666667 1.5000000000000002 54.500000000000007 1092781.5000000002 39.500000000000007 1.9025000000000005 0.41428571428571431 73.833333333333357 2.7500000000000004 2.6750000000000003 18.225000000000005 17.292857142857148 2.1547619047619051 2.3166666666666669
decision_type=10 2 2 2 2 10 10 10 2 10 10 10 10 10
left_child=2 4 -1 -3 -2 6 8 -8 10 -10 11 12 13 -6
right_child=1 3 -4 -5 5 -7 7 -9 9 -11 -12 -13 -14 -15
leaf_value=-0.0045254472697837753 -0.026059917722429549 0.022011204320948163 0.045575760531684634 0.08719681443111732 0.055083532059862488 -0.0048919497535186325 -0.047643462189157076 0.01034011042982479 0.0071890023502651779 0.077183728302136448 0.01033106061876954 0.071072983011109397 -0.017832103225328359 0.019591380149746936
leaf_weight=8755 52 86 57 50 153 198 54 321 966 58 287 90 56 217
leaf_count=8755 52 86 57 50 153 198 54 321 966 58 287 90 56 217
internal_value=3.23387e-05 0.0144372 -0.00419597 0.0463913 0.0126456 0.0134998 0.0151657 0.00187158 0.0178794 0.0112137 0.0263363 0.0351714 0.0274535 0.0343899
internal_weight=11400 2588 8812 136 2452 2400 2202 375 1827 1024 803 516 426 370
internal_count=11400 2588 8812 136 2452 2400 2202 375 1827 1024 803 516 426 370
is_linear=0
shrinkage=0.05


Tree=44
num_leaves=15
num_cat=0
split_feature=3 62 16 45 45 45 49 38 20 60 2 18 52 1
split_gain=252.258 36.7848 49.7804 51.0235 138.353 62.4864 67.1324 41.4693 37.0294 35.76 43.6642 27.6846 26.2476 31.0293
threshold=89.333333333333357 91779.000000000015 1.0000000180025095e-35 0.43333333333333351 1.0000000000000002 1.9166666666666667 1.7333333333333336 15.722500000000002 1.6833333333333336 1.5000000000000002 3.5857142857142863 1.8333333333333337 2.9000000000000004 2.1000000000000005
decision_type=10 2 8 8 8 8 10 10 10 2 10 10 10 10
left_child=1 -1 7 -4 -5 11 -7 8 -3 12 -11 -6 13 -2
right_child=9 2 3 4 5 6 -8 -9 -10 10 -12 -13 -14 -15
leaf_value=-0.0055198453345302583 0.027650297436044149 -0.00089253625930658042 -0.024962603733835059 0.089583865169573729 0.0029772136079000058 0.004058441178467884 0.072258668004274926 -0.029007004428988306 0.042701760332773231 0.0080939910267438502 0.069084155293138216 -0.04514165411441072 -0.013511126971278112 0.011395329530648982
leaf_weight=7032 352 1361 58 67 69 94 59 128 50 56 64 51 89 1870
leaf_count=7032 352 1361 58 67 69 94 59 128 50 56 64 51 89 1870
internal_value=3.18282e-05 -0.00383832 0.00225315 0.0180091 0.0254389 0.00946996 0.0306704 -0.00180978 0.000649133 0.0143186 0.0409812 -0.0173683 0.0129148 0.0139873
internal_weight=11400 8969 1937 398 340 273 153 1539 1411 2431 120 120 2311 2222
internal_count=11400 8969 1937 398 340 273 153 1539 1411 2431 120 120 2311 2222
is_linear=0
shrinkage=0.05


Tree=45
num_leaves=15
num_cat=0
split_feature=0 60 58 61 61 62 12 46 52 31 18 30 36 2
split_gain=228.186 48.9132 50.8037 48.6414 29.4037 27.358 38.6054 33.0741 33.38 55.9249 58.9249 58.8301 52.9339 47.5092
threshold=1.4166666666666667 1.5000000000000002 1161.2500000000002 54.500000000000007 39.500000000000007 53745.500000000007 17.166666666666668 3.1225000000000005 2.1000000000000005 1.5410000000000001 3.1666666666666674 1.344166666666667 26.566666666666674 2.3875000000000006
decision_type=10 2 2 2 2 2 10 10 10 10 10 10 10 10
left_child=3 4 -3 -1 -2 6 -6 8 9 10 -7 -12 -11 -10
right_child=1 2 -4 -5 5 7 -8 -9 13 12 11 -13 -14 -15
leaf_value=-0.0041040033889665518 -0.025434202636991227 0.068946015369747912 0.0067980361116283085 0.041999460419882902 -0.020259980951054871 0.011875298617880118 0.027333387838509995 0.0016584076215747181 0.066770208626985558 0.0097654594693661195 0.02346623972621216 0.069532769764630339 -0.042318015882084448 0.01474609007768146
leaf_weight=8755 52 77 59 57 137 996 61 447 78 130 276 94 77 104
leaf_count=8755 52 77 59 57 137 996 61 447 78 130 276 94 77 104
internal_value=3.0914e-05 0.0130848 0.0422916 -0.00380058 0.0114464 0.012261 -0.00543952 0.0138648 0.0169582 0.0145775 0.0182532 0.0353151 -0.00954339 0.037301
internal_weight=11400 2588 136 8812 2452 2400 198 2202 1755 1573 1366 370 207 182
internal_count=11400 2588 136 8812 2452 2400 198 2202 1755 1573 1366 370 207 182
is_linear=0
shrinkage=0.05


Tree=46
num_leaves=15
num_cat=0
split_feature=12 62 32 45 37 52 19 58 1 41 1 16 48 62
split_gain=207.889 59.1256 38.7557 51.4384 52.2997 50.8463 38.5533 36.6459 41.8042 110.475 64.6463 50.2709 46.4535 44.9205
threshold=15.41666666666667 115393.50000000001 1.3335700000000001 2.1833333333333349 27.420000000000002 1.7750000000000001 1.7750000000000001 1297.5000000000002 3.7750000000000004 0.30500000000000005 3.5500000000000003 0.63333333333333341 1.8333333333333337 1528821.0000000002
decision_type=10 2 8 10 10 10 10 2 10 10 10 10 10 2
left_child=1 -1 -3 5 -5 6 -4 8 9 10 12 13 -2 -10
right_child=7 2 3 4 -6 -7 -8 -9 11 -11 -12 -13 -14 -15
leaf_value=-0.004937158129694765 0.0023263534699598776 0.00141191843028336 0.039928230093282169 -0.038784284548461445 0.023374516646168672 0.059046588686815171 -0.015917332907021044 -0.0042397504005802543 0.012880196819310134 0.074809337629135261 0.065766345032753845 0.045990650176450064 0.036705815644265283 -0.01869943050203688
leaf_weight=7456 333 1881 60 62 73 106 62 193 632 107 65 94 140 136
leaf_count=7456 333 1881 60 62 73 106 62 193 632 107 65 94 140 136
internal_value=3.05761e-05 -0.00279409 0.00431491 0.0192663 -0.00502576 0.0337387 0.0113945 0.0161586 0.0187881 0.0284395 0.0191099 0.0115251 0.0125829 0.00724691
internal_weight=11400 9700 2244 363 135 228 122 1700 1507 645 538 862 473 768
internal_count=11400 9700 2244 363 135 228 122 1700 1507 645 538 862 473 768
is_linear=0
shrinkage=0.05


Tree=47
num_leaves=15
num_cat=0
split_feature=45 62 58 1 0 26 47 49 12 13 1 62 57 12
split_gain=190.593 41.7754 38.0562 42.3459 57.5346 42.0683 35.6373 73.7308 51.247 52.7364 56.4753 51.849 41.6303 33.9155
threshold=0.43333333333333351 19203.000000000004 1292.5000000000002 6.6333333333333337 6.166666666666667 0.0069200000000000008 0.7121428571428573 1.4500000000000002 15.41666666666667 15.550000000000002 2.7750000000000004 1571373.0000000002 1.5000000000000002 9.8333333333333339
decision_type=10 2 2 10 10 10 10 10 10 10 10 2 2 10
left_child=-1 -2 3 4 5 6 7 -3 12 10 -10 -11 -8 -14
right_child=1 2 -4 -5 -6 -7 8 -9 9 11 -12 -13 13 -15
leaf_value=-0.0039406689886179519 -0.018368732196641268 0.0051508953088563294 -0.0041419362111966528 0.057884417515178435 -0.017485821417580216 0.050050231357293633 0.044845644195061346 0.071530855048087344 0.017039528186737773 0.018785744708141046 0.074141054702640485 -0.012492148143399062 0.013249778339230567 -0.0065488266566098054
leaf_weight=8275 119 93 334 53 147 81 56 77 95 900 82 154 339 595
leaf_count=8275 119 93 334 53 147 81 56 77 95 900 82 154 339 595
internal_value=3.00991e-05 0.0105516 0.0117077 0.0136987 0.0127841 0.0145974 0.0133757 0.0354853 0.0116645 0.0184778 0.0437685 0.0141883 0.00316229 0.000613669
internal_weight=11400 3125 3006 2672 2619 2472 2391 170 2221 1231 177 1054 990 934
internal_count=11400 3125 3006 2672 2619 2472 2391 170 2221 1231 177 1054 990 934
is_linear=0
shrinkage=0.05


Tree=48
num_leaves=15
num_cat=0
split_feature=3 61 38 62 46 62 62 12 29 47 51 12 0 12
split_gain=174.149 33.5136 49.7604 55.4129 32.2256 40.5253 38.5962 142.159 39.7466 37.7594 50.8562 57.2454 73.0885 68.3033
threshold=89.333333333333357 41.500000000000007 28.526666666666667 169504.00000000003 1.4100000000000004 396017.00000000006 572171.50000000012 19.166666666666668 0.0033126666666666673 2.9775000000000005 2.5000000000000004 23.416666666666668 5.166666666666667 25.166666666666668
decision_type=10 2 8 2 10 2 2 10 10 10 10 10 10 10
left_child=1 -1 -3 -4 -2 -6 7 -7 9 10 11 12 -8 -13
right_child=4 2 3 -5 5 6 8 -9 -10 -11 -12 13 -14 -15
leaf_value=-0.0053342400626984754 0.031327008644142486 -0.00044430385952832423 0.0030996474873256213 0.060922099216808606 0.0016794584945155581 0.082829008537016247 0.0085832806900842749 -0.0084791288636541159 0.036514386695258347 -0.010898501228522081 0.054813970859930686 0.080043184638995193 -0.04800025347004256 0.012048972599901432
leaf_weight=6004 197 2793 101 71 867 86 559 83 149 195 68 57 63 107
leaf_count=6004 197 2793 101 71 867 86 559 83 149 195 68 57 63 107
internal_value=2.94488e-05 -0.0031858 0.00115643 0.0272205 0.0119004 0.0101695 0.0155333 0.0379451 0.0123363 0.00886248 0.0134076 0.00976106 0.00277804 0.0360045
internal_weight=11400 8969 2965 172 2431 2234 1367 169 1198 1049 854 786 622 164
internal_count=11400 8969 2965 172 2431 2234 1367 169 1198 1049 854 786 622 164
is_linear=0
shrinkage=0.05


Tree=49
num_leaves=15
num_cat=0
split_feature=3 61 38 38 16 1 59 46 53 14 2 56 53 31
split_gain=157.262 30.2545 44.9663 31.5289 45.3889 29.9503 29.6955 29.0721 37.7767 32.4323 55.8456 75.9713 70.2053 37.3608
threshold=89.333333333333357 41.500000000000007 28.526666666666667 17.72666666666667 0.22500000000000003 1.4500000000000002 1103.7500000000002 1.4100000000000004 1.1833333333333336 12.550000000000002 2.3875000000000006 1.0000000180025095e-35 2.3166666666666669 1.0970000000000002
decision_type=10 2 8 10 10 8 2 10 10 10 10 10 10 10
left_child=1 5 3 4 -3 -1 -4 8 -2 13 11 -11 -12 -9
right_child=7 2 6 -5 -6 -7 -8 9 -10 10 12 -13 -14 -15
leaf_value=-0.0043081653702401242 0.0076132513629506588 2.6756557300935139e-05 0.056125376531266952 -0.020119347078062219 0.046151508004703655 -0.021641141504590646 0.011265185441861445 0.019046826929607116 0.051735986355068125 0.0069741599042625994 0.012070432416750796 0.079222582560683888 -0.041478874059174005 -0.012256063521061282
leaf_weight=5743 99 2550 55 189 54 261 117 138 98 76 1582 71 63 304
leaf_count=5743 99 2550 55 189 54 261 117 138 98 76 1582 71 63 304
internal_value=2.90699e-05 -0.00302621 0.00109914 -0.000422093 0.00100154 -0.00506755 0.025876 0.0113099 0.0297646 0.00966503 0.0126586 0.0421894 0.00999243 -0.00241579
internal_weight=11400 8969 2965 2793 2604 6004 172 2431 197 2234 1792 147 1645 442
internal_count=11400 8969 2965 2793 2604 6004 172 2431 197 2234 1792 147 1645 442
is_linear=0
shrinkage=0.05


Tree=50
num_leaves=15
num_cat=0
split_feature=62 26 59 36 28 59 17 0 61 62 55 31 18 38
split_gain=145.064 59.1784 70.7945 47.5646 95.1355 36.5454 55.881 82.9597 35.1938 39.6052 27.6626 29.6584 28.6047 109.884
threshold=396017.00000000006 0.0033476666666666676 1082.5000000000002 29.233333333333338 0.0066953333333333353 1282.5000000000002 0.2678571428571429 1.8333333333333337 40.500000000000007 19203.000000000004 0.29166666666666669 2.0930000000000004 1.0000000180025095e-35 7.2100000000000017
decision_type=2 8 2 10 8 2 10 10 2 2 10 10 8 8
left_child=8 5 -3 4 -4 -2 7 -7 -1 -10 11 12 -11 -14
right_child=1 2 3 -5 -6 6 -8 -9 9 10 -12 -13 13 -15
leaf_value=-0.005060345475271036 0.011900916217506446 0.088226318890505501 0.090669195108043332 -0.017084018800374683 0.0033893276668765064 -0.030709437211211638 -0.035379512994961053 0.041172292302288707 -0.0052029585496670399 0.002040805354038948 -0.0030054138104426398 -0.016643414099405451 0.07531321232213456 0.011305644289954063
leaf_weight=5729 1557 50 51 56 81 69 110 94 1432 540 660 102 73 796
leaf_count=5729 1557 50 51 56 81 69 110 94 1432 540 660 102 73 796
internal_value=2.84725e-05 0.0120104 0.0354754 0.0211164 0.0375147 0.0089362 -0.00787188 0.0105901 -0.00262459 0.00124164 0.00550426 0.00923756 0.0111341 0.0167515
internal_weight=11400 2068 238 188 132 1830 273 163 9332 3603 2171 1511 1409 869
internal_count=11400 2068 238 188 132 1830 273 163 9332 3603 2171 1511 1409 869
is_linear=0
shrinkage=0.05


Tree=51
num_leaves=15
num_cat=0
split_feature=62 26 59 29 36 59 17 14 30 47 47 59 14 58
split_gain=130.963 53.4968 63.9258 47.8495 68.8025 32.9994 50.4447 48.0613 34.0327 43.2683 52.2119 45.9849 41.1144 39.5366
threshold=396017.00000000006 0.0033476666666666676 1082.5000000000002 0.0095000000000000032 29.233333333333338 1282.5000000000002 0.2678571428571429 15.050000000000002 2.0341500000000008 2.9775000000000005 2.6316666666666673 1047.5000000000002 21.121428571428577 1097.5000000000002
decision_type=2 8 2 10 8 2 10 10 10 10 10 2 10 2
left_child=-1 5 -3 4 -4 8 7 -7 9 10 11 -2 -12 -13
right_child=1 2 3 -5 -6 6 -8 -9 -10 -11 12 13 -14 -15
leaf_value=-0.0024932036692756668 0.040740259663633455 0.083858679721851168 0.083329735297967888 -0.014279245966263399 0.006945410355621455 -0.01102339003184636 -0.0336185415473459 0.044604600244760512 0.043062348918329857 -0.013615703510630696 0.01979054062890365 -0.0087853588939717144 0.071364517055633597 0.01224921333544399
leaf_weight=9332 102 50 50 65 73 101 110 62 80 176 111 326 61 701
leaf_count=9332 102 50 50 65 73 101 110 62 80 176 111 326 61 701
internal_value=2.75114e-05 0.0114124 0.0337242 0.0200708 0.03841 0.00848853 -0.00748057 0.0100545 0.0113061 0.00955511 0.0127129 0.00876519 0.0383801 0.00554686
internal_weight=11400 2068 238 188 123 1830 273 163 1557 1477 1301 1129 172 1027
internal_count=11400 2068 238 188 123 1830 273 163 1557 1477 1301 1129 172 1027
is_linear=0
shrinkage=0.05


Tree=52
num_leaves=15
num_cat=0
split_feature=12 62 31 13 61 46 30 1 41 16 13 49 26 62
split_gain=128.094 36.7273 41.8245 41.0609 38.3134 33.5205 32.408 31.1293 85.8268 64.0821 50.1996 41.1996 36.8939 44.8262
threshold=15.41666666666667 115393.50000000001 1.6730000000000003 17.633333333333336 47.500000000000007 1.8325000000000002 1.0000000180025095e-35 3.7750000000000004 0.32500000000000007 0.36666666666666675 17.550000000000004 0.63333333333333341 0.0033126666666666673 1528821.0000000002
decision_type=10 2 8 10 2 10 10 10 10 10 10 10 10 2
left_child=1 5 3 -3 -4 6 -1 8 9 -2 -9 -12 13 -13
right_child=7 2 4 -5 -6 -7 -8 10 -10 -11 11 12 -14 -15
leaf_value=-0.0039976963963048251 0.0072052850924681213 0.0025775077495601593 0.007202068441666854 -0.034296796657145023 0.050062441761266285 -0.026874295704845726 0.014799419038373857 -0.030941614834880976 0.061854499259660412 0.056202415498643146 -0.024764519014389686 0.015784252864069006 0.044692687923360987 -0.015816441430286928
leaf_weight=7065 542 1944 136 78 86 155 236 80 107 76 76 597 85 137
leaf_count=7065 542 1944 136 78 86 155 236 80 107 76 76 597 85 137
internal_value=2.70615e-05 -0.00218973 0.00341196 0.00113457 0.0239932 -0.00387911 -0.0033857 0.0126874 0.0205482 0.0133118 0.00680909 0.0102268 0.0135175 0.00984524
internal_weight=11400 9700 2244 2022 222 7456 7301 1700 725 618 975 895 819 734
internal_count=11400 9700 2244 2022 222 7456 7301 1700 725 618 975 895 819 734
is_linear=0
shrinkage=0.05


Tree=53
num_leaves=15
num_cat=0
split_feature=0 60 36 61 61 1 40 62 56 46 1 2 46 19
split_gain=112.228 42.9873 46.8706 34.9141 25.443 20.5507 67.8615 65.2836 39.9915 59.3073 35.7844 34.0178 45.6338 53.0436
threshold=1.4166666666666667 1.5000000000000002 25.166666666666668 54.500000000000007 39.500000000000007 3.7750000000000004 1.0000000180025095e-35 201192.50000000003 0.41428571428571431 1.6200000000000003 3.1000000000000005 3.6125000000000003 2.9450000000000007 3.3666666666666671
decision_type=10 2 10 2 2 10 10 2 10 10 10 10 10 10
left_child=3 4 -3 -1 -2 6 8 -8 9 -6 -9 12 13 -11
right_child=1 2 -4 -5 5 -7 7 10 -10 11 -12 -13 -14 -15
leaf_value=-0.0029177203618247858 -0.026682055663494839 0.060986489062168581 0.00095092807855226297 0.036142549709133484 0.032117290775583993 0.0031126387257946917 -0.0053575765537176318 0.037363253701767775 -0.026229521956132807 -0.0017698138367118581 0.089580472551773649 0.031265903038707514 -0.023924549068309296 0.034091475056259306
leaf_weight=8755 52 80 56 57 240 1047 59 96 80 437 53 99 155 134
leaf_count=8755 52 80 56 57 240 1047 59 96 80 437 53 99 155 134
internal_value=2.6199e-05 0.00918161 0.0365431 -0.00266019 0.00764667 0.00840627 0.0124815 0.0387498 0.00767301 0.0102543 0.0563419 0.00384821 5.60805e-05 0.00662469
internal_weight=11400 2588 136 8812 2452 2400 1353 208 1145 1065 149 825 726 571
internal_count=11400 2588 136 8812 2452 2400 1353 208 1145 1065 149 825 726 571
is_linear=0
shrinkage=0.05


Tree=54
num_leaves=15
num_cat=0
split_feature=12 61 37 45 25 45 14 14 52 52 58 52 4 14
split_gain=108.392 31.6697 44.8828 47.9909 31.5955 31.8563 30.5348 71.8603 59.8754 54.0584 59.5544 76.6348 57.7981 51.1846
threshold=15.41666666666667 43.500000000000007 18.980000000000004 1.4416666666666671 0.0050100000000000014 2.9166666666666674 18.31666666666667 17.707142857142859 2.1000000000000005 1.6333333333333335 1217.5000000000002 1.1000000000000003 89.100000000000009 16.683333333333337
decision_type=10 2 8 10 8 10 10 10 10 10 2 10 10 10
left_child=1 2 3 -1 5 -3 7 8 9 10 11 13 -13 -2
right_child=6 4 -4 -5 -6 -7 -8 -9 -10 -11 -12 12 -14 -15
leaf_value=-0.0034667666544152043 0.014217656776234806 0.0020708560483562919 -0.023488534882782137 0.037413995219715716 0.021022820618745584 -0.025591838345240616 0.0053629146239491943 0.055191861732579096 0.047196550011387652 -0.023897966875926543 -0.030002602154232616 0 0.057832303100207927 -0.044946571323767448
leaf_weight=6514 125 2516 279 72 211 108 907 116 105 118 65 60 153 51
leaf_count=6514 125 2516 279 72 211 108 907 116 105 118 65 60 153 51
internal_value=2.56319e-05 -0.00201339 -0.00385067 -0.00301324 0.0024267 0.000918116 0.0116719 0.0188484 0.0125482 0.00610855 0.0139803 0.0214229 0.0415675 -0.00286364
internal_weight=11400 9700 6865 6586 2835 2624 1700 793 677 572 454 389 213 176
internal_count=11400 9700 6865 6586 2835 2624 1700 793 677 572 454 389 213 176
is_linear=0
shrinkage=0.05


Tree=55
num_leaves=15
num_cat=0
split_feature=12 38 46 36 14 16 1 18 36 46 58 59 53 2
split_gain=97.8496 32.9519 34.3598 79.7944 48.3167 44.0376 57.1497 53.2783 82.1092 65.7974 46.794 53.9768 43.5644 54.9716
threshold=15.41666666666667 9.4300000000000015 2.0550000000000002 18.366666666666674 15.535714285714286 0.63333333333333341 4.4500000000000011 2.8333333333333335 25.833333333333336 2.3675000000000006 1122.5000000000002 1167.5000000000002 1.2928571428571431 3.7071428571428577
decision_type=10 10 10 10 10 10 10 10 10 10 2 2 10 10
left_child=-1 -2 4 -4 -3 6 7 -5 -9 -10 -11 -12 -8 -14
right_child=1 2 3 5 -6 -7 12 8 9 10 11 -13 13 -15
leaf_value=-0.001912568246744459 0.048416578998060331 0.02724252615478498 0.070462062490023999 -0.013669793912944412 -0.012899680669180864 0.053778163278880332 -0.025572664186130373 0.063557026968729877 0.067198721934371042 -0.0080733239734818649 0.057179591513198361 0.0069451572955939863 -0.02959628252494604 0.024916317399925371
leaf_weight=9700 57 99 59 118 302 57 171 103 53 221 80 164 66 150
leaf_count=9700 57 99 59 118 302 57 171 103 53 221 80 164 66 150
internal_value=2.46435e-05 0.0110902 0.00976566 0.0138764 -0.00290541 0.0110046 0.00879418 0.0169515 0.0228165 0.0146139 0.00850095 0.023601 -0.00671989 0.00811433
internal_weight=11400 1700 1643 1242 401 1183 1126 739 621 518 465 244 387 216
internal_count=11400 1700 1643 1242 401 1183 1126 739 621 518 465 244 387 216
is_linear=0
shrinkage=0.05


Tree=56
num_leaves=15
num_cat=0
split_feature=62 26 59 29 30 59 56 54 30 38 59 58 12 62
split_gain=90.3078 42.7914 58.6874 45.1645 63.5564 28.7368 49.2015 56.4232 30.0188 39.2218 30.7109 35.8184 44.7736 79.6679
threshold=396017.00000000006 0.0033476666666666676 1082.5000000000002 0.0077500000000000008 1.5083333333333335 1282.5000000000002 0.23611111111111113 1.0000000180025095e-35 2.0341500000000008 29.845000000000002 1047.5000000000002 1093.7500000000002 16.583333333333339 775287.00000000012
decision_type=2 8 2 10 8 2 10 10 10 10 2 2 10 2
left_child=-1 5 -3 4 -4 8 7 -7 9 10 -2 -12 -13 -14
right_child=1 2 3 -5 -6 6 -8 -9 -10 -11 11 12 13 -15
leaf_value=-0.0020684805889734925 0.035194576172098674 0.077444817856101716 0.077987676958488961 -0.014097323091257186 0.0027737845105069285 -0.013936322157977955 -0.027281168150867143 0.05400564122213939 0.039310572369267112 -0.015189461856909576 -0.0044217800061066318 0.003618137864498207 0.0611672486230097 0.011018235189746879
leaf_weight=9332 117 50 50 73 65 70 150 53 80 163 376 455 117 249
leaf_count=9332 117 50 50 73 65 70 150 53 80 163 376 455 117 249
internal_value=2.43499e-05 0.0094787 0.0294334 0.0163603 0.035888 0.00686251 -0.00804031 0.0152372 0.00949332 0.00784863 0.0107302 0.00830435 0.0141622 0.0271793
internal_weight=11400 2068 238 188 115 1830 273 123 1557 1477 1314 1197 821 366
internal_count=11400 2068 238 188 115 1830 273 123 1557 1477 1314 1197 821 366
is_linear=0
shrinkage=0.05


Tree=57
num_leaves=15
num_cat=0
split_feature=61 62 0 57 36 50 60 62 0 30 37 46 0 28
split_gain=84.6682 55.7127 48.7336 33.0213 40.8703 52.5978 36.5647 42.583 41.9704 32.5803 31.7553 31.2352 46.4121 30.9298
threshold=43.500000000000007 95198.500000000015 9.8333333333333339 3.2500000000000004 14.000000000000005 2.0500000000000003 1.5000000000000002 1528821.0000000002 6.166666666666667 0.30166666666666669 24.453333333333337 1.8800000000000001 1.1666666666666667 0.00013900000000000002
decision_type=2 2 8 2 10 10 2 2 10 10 10 8 10 10
left_child=11 -2 3 6 9 13 7 8 -3 -5 -9 12 -1 -6
right_child=1 2 -4 4 5 -7 -8 10 -10 -11 -12 -13 -14 -15
leaf_value=-0.0031226870479400932 -0.0012279861488017688 0.016064872143983975 0.048838295575243031 -0.0040149539650578782 -0.0096563791945811495 0.040080074151420099 0.043816173737500352 0.0061107085566980985 -0.01667068515008574 -0.050621496308154948 -0.031045417672920725 -0.016731826219171513 0.027440575968930611 0.023620087914794252
leaf_weight=6491 1805 1424 79 95 293 93 88 140 104 63 96 412 126 91
leaf_count=6491 1805 1424 79 95 293 93 88 140 104 63 96 412 126 91
internal_value=2.39778e-05 0.00549009 0.0102248 0.00897866 -0.00082347 0.00643891 0.0123523 0.0107566 0.0138157 -0.0228574 -0.00893162 -0.00337173 -0.0025349 -0.00168507
internal_weight=11400 4371 2566 2487 635 477 1852 1764 1528 158 236 7029 6617 384
internal_count=11400 4371 2566 2487 635 477 1852 1764 1528 158 236 7029 6617 384
is_linear=0
shrinkage=0.05


Tree=58
num_leaves=15
num_cat=0
split_feature=12 38 37 36 61 20 0 61 30 46 37 62 32 38
split_gain=76.7383 29.2298 32.6434 69.1328 48.506 53.9422 58.3149 70.267 67.7081 52.2855 50.7782 46.0385 40.6025 54.0804
threshold=15.41666666666667 9.4300000000000015 20.445000000000004 18.366666666666674 53.500000000000007 2.7071428571428577 4.166666666666667 45.500000000000007 1.7016666666666669 2.5450000000000004 26.326666666666672 876312.00000000012 1.7085000000000001 26.090000000000007
decision_type=10 10 10 10 2 10 10 2 10 10 10 2 10 10
left_child=-1 -2 -3 -4 5 11 7 12 10 -6 -9 -5 13 -7
right_child=1 2 3 4 9 6 -8 8 -10 -11 -12 -13 -14 -15
leaf_value=-0.0016925798554922136 0.044975152354201547 -0.0034407459601110101 0.06783009754032443 -0.0025132700583888491 0.077575357579309681 -0.011267533120901688 -0.0015158626461193336 0.066145792963064234 0.094977633199166689 0.015138614619967386 0.0066980227416184677 -0.056554590611257283 -0.022019773115518324 0.056228775038453173
leaf_weight=9700 57 418 54 154 51 57 402 57 52 101 99 53 85 60
leaf_count=9700 57 418 54 154 51 57 402 57 52 101 99 53 85 60
internal_value=2.27194e-05 0.00982234 0.00857427 0.0126942 0.0101025 0.00613372 0.0119597 0.0252191 0.0455931 0.0364374 0.028721 -0.0165734 0.00405564 0.0232252
internal_weight=11400 1700 1643 1225 1171 1019 812 410 208 152 156 207 202 117
internal_count=11400 1700 1643 1225 1171 1019 812 410 208 152 156 207 202 117
is_linear=0
shrinkage=0.05


Tree=59
num_leaves=15
num_cat=0
split_feature=62 60 58 59 45 1 1 32 53 20 50 40 59 53
split_gain=72.6621 44.8632 37.5025 54.0097 30.5519 39.8707 62.865 72.6866 35.9617 40.0436 34.0583 33.9151 35.157 55.0368
threshold=95198.500000000015 1.5000000000000002 1161.2500000000002 1127.5000000000002 0.43333333333333351 3.7750000000000004 3.3666666666666671 1.0855000000000004 0.64583333333333337 1.9500000000000002 1.5777777777777782 0.6100000000000001 1098.7500000000002 1.1833333333333336
decision_type=2 2 2 2 8 10 10 10 10 10 10 10 2 10
left_child=-1 4 3 -3 -2 6 -6 10 -7 -10 -8 12 13 -11
right_child=1 2 -4 -5 5 8 7 -9 9 11 -12 -13 -14 -15
leaf_value=-0.0029374704765525151 -0.0020576781993634735 0.013213886138944586 0.0031386701613664632 0.082052368037732304 0.0083280243367838489 0.031037770079437799 0.09041275551724362 0.006369618626265991 -0.029077604573731333 -0.017176111333253908 0.034467274958797554 -0.020760107921397097 -0.0019218664394818176 0.038676878158919153
leaf_weight=7352 1294 60 87 56 1301 84 61 102 127 61 54 146 463 152
leaf_count=7352 1294 60 87 56 1301 84 61 102 127 61 54 146 463 152
internal_value=2.23083e-05 0.00540375 0.0283048 0.0468704 0.00418464 0.00736065 0.0125161 0.0374333 -0.00019347 -0.0029991 0.0646221 0.0010149 0.0057666 0.0225616
internal_weight=11400 4048 203 116 3845 2551 1518 217 1033 949 115 822 676 213
internal_count=11400 4048 203 116 3845 2551 1518 217 1033 949 115 822 676 213
is_linear=0
shrinkage=0.05


Tree=60
num_leaves=15
num_cat=0
split_feature=61 62 1 54 62 31 31 37 38 46 59 49 61 46
split_gain=68.1608 46.1345 41.5826 37.5489 36.7467 33.3553 81.9006 33.326 32.9734 31.0164 38.4407 29.3994 29.2636 28.8428
threshold=43.500000000000007 19203.000000000004 6.6333333333333337 0.41666666666666669 169504.00000000003 2.0277500000000006 1.9260000000000002 29.420000000000002 24.947777777777784 1.3225000000000005 1157.5000000000002 1.9000000000000001 49.500000000000007 1.8800000000000001
decision_type=2 2 8 10 2 10 10 10 10 10 2 8 2 8
left_child=13 -2 3 5 -4 6 -3 8 9 -5 -11 -6 -12 -1
right_child=1 2 4 7 11 -7 -8 -9 -10 10 12 -13 -14 -15
leaf_value=-0.0022203620142663342 -0.0048032453988160924 0.0090700727936296154 -0.0024540688736098154 0.0079304009992933223 0.018442213886137149 -0.012007541713330707 0.071700582339941907 -0.039450715200603011 0.029305491944955242 0.00060899553399433126 -0.01460695457974757 0.070297319083943849 -0.065203312403514055 -0.015862290321538849
leaf_weight=6617 950 2424 52 214 51 176 53 62 77 130 63 64 55 412
leaf_count=6617 950 2424 52 214 51 176 53 62 77 130 63 64 55 412
internal_value=2.19249e-05 0.00492655 0.00763609 0.00637479 0.0319708 0.00893425 0.0104345 -0.00487992 -0.000824105 -0.00592601 -0.0179753 0.0476965 -0.0385766 -0.0030246
internal_weight=11400 4371 3421 3254 167 2653 2477 601 539 462 248 115 118 7029
internal_count=11400 4371 3421 3254 167 2653 2477 601 539 462 248 115 118 7029
is_linear=0
shrinkage=0.05


Tree=61
num_leaves=15
num_cat=0
split_feature=61 62 0 0 12 18 59 12 2 62 50 62 52 17
split_gain=62.2025 46.8846 29.7508 32.2114 32.5599 53.9377 31.5083 26.114 53.8806 57.7959 42.4796 44.9441 37.663 49.1889
threshold=40.500000000000007 19203.000000000004 7.8333333333333348 6.166666666666667 24.833333333333339 3.8333333333333335 1187.5000000000002 15.41666666666667 2.3875000000000006 288289.50000000006 0.68333333333333346 1528821.0000000002 1.9000000000000001 0.21111111111111114
decision_type=2 2 8 10 10 10 2 10 10 2 10 2 10 10
left_child=-1 -2 3 7 -5 -6 -4 -3 9 -9 -10 12 -12 -14
right_child=1 2 6 4 5 -7 -8 8 10 -11 11 -13 13 -15
leaf_value=-0.0035061166857485908 -0.0038660111239937379 0.0034830996054150106 0.045208094571598897 -0.047595994774182547 0.029807171790643516 -0.036311173931412082 -0.0018669492471108742 0.018264020396071907 -0.036364486105371234 0.080485667395699137 0.020044140707102476 -0.011121636602599081 -0.018747614369302699 0.033784555637836458
leaf_weight=5959 1432 2279 98 53 66 57 54 120 50 55 761 200 154 62
leaf_count=5959 1432 2279 98 53 66 57 54 120 50 55 761 200 154 62
internal_value=2.07206e-05 0.00388789 0.00666392 0.00579851 -0.0150261 -0.000653567 0.0283688 0.00680289 0.0121783 0.0381354 0.00844183 0.0103811 0.0148119 -0.00351026
internal_weight=11400 5441 4009 3857 176 123 152 3681 1402 175 1227 1177 977 216
internal_count=11400 5441 4009 3857 176 123 152 3681 1402 175 1227 1177 977 216
is_linear=0
shrinkage=0.05


Tree=62
num_leaves=15
num_cat=0
split_feature=62 47 49 50 47 46 47 13 32 55 49 2 37 13
split_gain=56.7375 41.7792 29.7431 32.8936 53.5033 73.6943 40.8525 42.2294 39.9762 35.7093 34.4418 32.6735 106.366 35.4425
threshold=396017.00000000006 3.9050000000000007 1.1000000000000003 1.6125000000000003 2.9775000000000005 3.1100000000000008 2.7050000000000005 20.550000000000004 1.6665000000000003 0.45000000000000007 1.5500000000000003 2.683333333333334 11.940000000000001 16.900000000000002
decision_type=2 8 10 10 10 10 10 10 10 10 10 10 10 10
left_child=-1 2 -2 8 5 6 7 9 -4 10 -5 12 -12 -13
right_child=1 -3 3 4 -6 -7 -8 -9 -10 -11 11 13 -14 -15
leaf_value=-0.0016387699474324866 -0.0052887168979976751 0.042654576542233036 0.013972445939770798 -0.034543222310560305 -0.028806183012745307 0.06600793428646709 0.042133641132786309 -0.023128496729625778 0.055193495405492954 0.03127306078767178 -0.011569273973684855 -0.021327480407877002 0.068132602286582092 0.016414438138011966
leaf_weight=9332 445 81 500 60 111 51 65 146 67 119 96 148 73 106
leaf_count=9332 445 81 500 60 111 51 65 146 67 119 96 148 73 106
internal_value=1.96225e-05 0.00751391 0.00605845 0.00934995 0.00374529 0.00797041 0.00426062 0.000910166 0.0189318 0.00679599 0.000687597 0.00577879 0.0228101 -0.00547738
internal_weight=11400 2068 1987 1542 975 864 813 748 567 602 483 423 169 254
internal_count=11400 2068 1987 1542 975 864 813 748 567 602 483 423 169 254
is_linear=0
shrinkage=0.05


Tree=63
num_leaves=15
num_cat=0
split_feature=61 62 1 62 53 54 37 38 46 58 62 13 36 58
split_gain=53.9479 40.5642 30.9281 29.1932 28.1285 25.8527 30.325 34.6368 29.6043 37.6734 26.1391 24.1245 23.9024 22.3845
threshold=40.500000000000007 19203.000000000004 6.6333333333333337 159175.00000000003 1.0500000000000003 0.41666666666666669 29.420000000000002 24.947777777777784 1.2633333333333336 1128.7500000000002 916828.00000000012 11.775000000000002 21.300000000000004 1292.5000000000002
decision_type=2 2 8 2 10 10 10 10 10 2 2 10 8 2
left_child=12 -2 5 -4 -5 13 7 8 11 10 -10 -7 -1 -3
right_child=1 2 3 4 -6 6 -8 -9 9 -11 -12 -13 -14 -15
leaf_value=-0.0025856024623805785 -0.0035908683472642929 0.0086798948710191341 -0.0040065583818167166 0.069275005132254985 0.019103015401828901 -4.6149656981796102e-05 -0.036106831502429278 0.030304860812754721 -0.019494087388360407 -0.032424570301883046 0.025345197716986179 0.037730675949936822 -0.018152442356892205 -0.0047507547283569332
leaf_weight=5701 1432 2803 51 50 68 210 64 81 61 155 68 52 258 346
leaf_count=5701 1432 2803 51 50 68 210 64 81 61 155 68 52 258 346
internal_value=1.91008e-05 0.00362069 0.00620299 0.0271422 0.0407759 0.00527152 -0.0034601 -6.17831e-05 -0.00463608 -0.015834 0.00395567 0.00741389 -0.00326524 0.00719573
internal_weight=11400 5441 4009 169 118 3840 691 627 546 284 129 262 5959 3149
internal_count=11400 5441 4009 169 118 3840 691 627 546 284 129 262 5959 3149
is_linear=0
shrinkage=0.05


Tree=64
num_leaves=15
num_cat=0
split_feature=12 14 14 52 52 1 14 52 57 53 53 14 2 56
split_gain=49.173 28.242 63.3909 54.2349 48.1545 43.663 43.656 39.7789 41.1131 46.2908 60.955 39.1133 39.3332 35.1457
threshold=15.41666666666667 18.31666666666667 17.707142857142859 2.1000000000000005 1.6333333333333335 4.4500000000000011 18.633333333333336 0.63333333333333341 3.7500000000000004 1.2928571428571431 1.4142857142857144 22.31666666666667 4.0500000000000007 0.10555555555555557
decision_type=10 10 10 10 10 10 10 10 2 10 10 10 10 10
left_child=-1 2 3 4 5 -2 -3 -8 9 -9 -11 12 13 -12
right_child=1 6 -4 -5 -6 -7 7 8 -10 10 11 -13 -14 -15
leaf_value=-0.0013547866220489421 0.019214303885821106 -0.040317933206324992 0.048875775189806465 0.041798880229311247 -0.025613208372098736 -0.016300592779532656 0.028287892937739145 -0.014691690757188486 -0.022965516789580122 0.054490364361211567 0.011041451427267819 0.03479712654385099 0.032267033696027091 -0.037020691824265019
leaf_weight=9700 339 57 116 105 118 115 147 178 155 81 61 81 50 97
leaf_count=9700 339 57 116 105 118 115 147 178 155 81 61 81 50 97
internal_value=1.78589e-05 0.00786281 0.0147564 0.00884156 0.00271681 0.0101552 0.00180333 0.00467937 -0.000238319 0.00615949 0.0162644 0.00538854 -0.00599992 -0.018331
internal_weight=11400 1700 793 677 572 454 907 850 703 548 370 289 208 158
internal_count=11400 1700 793 677 572 454 907 850 703 548 370 289 208 158
is_linear=0
shrinkage=0.05


Tree=65
num_leaves=15
num_cat=0
split_feature=61 62 57 1 0 62 39 50 32 45 18 61 18 37
split_gain=46.8325 37.2862 26.4185 35.9909 40.2673 38.0032 22.5015 40.2193 56.8273 27.909 120.773 46.6339 43.6716 31.3894
threshold=41.500000000000007 23620.500000000004 3.2500000000000004 6.6333333333333337 6.166666666666667 504298.50000000006 1.0000000180025095e-35 1.2928571428571431 1.2305000000000004 2.6666666666666674 3.1666666666666674 48.500000000000007 3.8333333333333335 12.660000000000002
decision_type=2 2 2 8 10 2 10 10 10 10 10 2 10 10
left_child=-1 -2 3 4 6 -5 9 -8 -9 10 13 -12 -11 -3
right_child=1 2 -4 5 -6 -7 7 8 -10 12 11 -13 -14 -15
leaf_value=-0.0029592564054630437 -0.0028807072386572534 0.013414111258456391 -0.0008686072899616135 0.0034534494364910789 -0.021383655411455635 0.062530536209791904 -0.0058444586190684088 0.015819307344960658 0.08185583805864298 -0.026231277346043854 0.029532556576710764 0.088645199561068991 0.0064121489731937698 -0.00037705782711112805
leaf_weight=6116 1605 819 959 50 114 62 72 93 51 144 82 59 350 824
leaf_count=6116 1605 819 959 50 114 62 72 93 51 144 82 59 350 824
internal_value=1.72128e-05 0.00346703 0.0062431 0.00875939 0.00755123 0.0365116 0.00888787 0.0243462 0.0395826 0.00740612 0.010321 0.0546701 -0.00306969 0.00648432
internal_weight=11400 5284 3679 2720 2608 112 2494 216 144 2278 1784 141 494 1643
internal_count=11400 5284 3679 2720 2608 112 2494 216 144 2278 1784 141 494 1643
is_linear=0
shrinkage=0.05


Tree=66
num_leaves=15
num_cat=0
split_feature=62 60 57 61 61 1 0 32 31 5 12 57 31 20
split_gain=43.172 40.4811 49.3503 47.3069 31.8677 36.2473 40.173 25.762 40.4269 39.3746 57.8803 44.1767 36.0132 54.7309
threshold=95198.500000000015 1.5000000000000002 3.2500000000000004 48.500000000000007 41.500000000000007 6.6333333333333337 6.166666666666667 1.6431666666666669 1.7645000000000002 96.750000000000014 23.833333333333339 1.5000000000000002 0.81700000000000006 1.9500000000000002
decision_type=2 2 2 2 2 8 10 10 10 10 10 2 10 10
left_child=-1 4 3 -3 -2 6 7 8 9 10 11 -6 -13 -14
right_child=1 2 -4 -5 5 -7 -8 -9 -10 -11 -12 12 13 -15
leaf_value=-0.0022640398008681121 -0.0039079449978589196 0.019401344824472123 -0.0088611795656658981 0.080616954352617981 0.05022928326998069 0.031948700287752582 -0.019822863225167554 -0.0075188842409959211 0.043503201791199493 -0.017443333694814472 0.052096815797306552 0.011017786246697137 -0.033775252124920545 0.0033070386258286359
leaf_weight=7352 1159 84 67 52 57 128 156 294 78 153 74 1115 123 508
leaf_count=7352 1159 84 67 52 57 128 156 294 78 153 74 1115 123 508
internal_value=1.68808e-05 0.00416544 0.0259149 0.0432 0.00300744 0.00600089 0.00468672 0.00629272 0.00823219 0.00685426 0.00885226 0.00704958 0.00561164 -0.00390279
internal_weight=11400 4048 203 136 3845 2686 2558 2402 2108 2030 1877 1803 1746 631
internal_count=11400 4048 203 136 3845 2686 2558 2402 2108 2030 1877 1803 1746 631
is_linear=0
shrinkage=0.05


Tree=67
num_leaves=15
num_cat=0
split_feature=62 60 57 45 61 1 0 46 32 31 57 1 1 41
split_gain=38.9826 36.5655 44.6184 46.1313 28.7732 32.7212 36.2745 28.4542 23.2659 36.5036 34.6745 24.6243 77.9866 56.6234
threshold=95198.500000000015 1.5000000000000002 3.2500000000000004 0.91666666666666674 41.500000000000007 6.6333333333333337 6.166666666666667 2.4225000000000008 1.6431666666666669 1.7645000000000002 1.5000000000000002 3.7083333333333335 3.1000000000000005 0.32500000000000007
decision_type=2 2 2 10 2 8 10 8 10 10 2 10 10 10
left_child=-1 4 3 -3 7 6 8 -2 9 10 -6 12 -12 -14
right_child=1 2 -4 -5 5 -7 -8 -9 -10 -11 11 -13 13 -15
leaf_value=-0.0021508453437942597 -0.0016499601242084428 0.077432316597377038 -0.0084214021168925145 0.017222577984818441 0.044180378612099579 0.030357481218541062 -0.018834886718957951 -0.03383830007241697 -0.0071435777249102481 0.041341896383032491 0.0031852110942389663 -0.0024480711860740607 0.020644299490492287 0.075856344380635557
leaf_weight=7352 1086 53 67 83 59 128 156 73 294 78 1044 664 202 61
leaf_count=7352 1086 53 67 83 59 128 156 73 294 78 1044 664 202 61
internal_value=1.64723e-05 0.00395872 0.0246303 0.0410675 0.00285779 0.00570237 0.00445318 -0.00371263 0.00597966 0.00782306 0.00651297 0.00536183 0.00934806 0.0336647
internal_weight=11400 4048 203 136 3845 2686 2558 1159 2402 2108 2030 1971 1307 263
internal_count=11400 4048 203 136 3845 2686 2558 1159 2402 2108 2030 1971 1307 263
is_linear=0
shrinkage=0.05


Tree=68
num_leaves=15
num_cat=0
split_feature=12 48 25 31 46 46 47 62 53 13 38 32 52 53
split_gain=37.5301 27.7322 44.7454 35.8362 32.2874 78.8062 41.5914 41.0475 41.9565 31.9047 63.4201 32.8401 31.8032 32.4017
threshold=15.41666666666667 1.8333333333333337 0.0021070000000000004 1.5548200000000001 2.0550000000000002 2.4775000000000005 2.2950000000000004 1425485.5000000002 1.0500000000000003 16.225000000000005 24.947777777777784 0.71458500000000014 1.1000000000000003 2.3875000000000006
decision_type=10 10 10 10 10 10 10 2 10 10 10 10 10 10
left_child=-1 2 4 9 -2 6 -6 8 -7 11 -11 -3 -10 -14
right_child=1 3 -4 -5 5 7 -8 -9 12 10 -12 -13 13 -15
leaf_value=-0.0011827386899953489 -0.018125553815635888 0.072324271889420241 0.030127840759269747 -0.0097495717285241632 0.0085905365706120257 0.042809399732821947 0.055773947569052823 -0.03755980590411595 -0.040321323057982777 0 0.042085136001718135 0.015490083490489144 0.0064930147769703891 -0.035750358005132633
leaf_weight=9700 226 55 125 114 100 50 90 87 56 259 136 50 299 53
leaf_count=9700 226 55 125 114 100 50 90 87 56 259 136 50 299 53
internal_value=1.61655e-05 0.00687001 0.00203934 0.0153649 -0.00160197 0.00345363 0.0311595 -0.00617919 -0.000129261 0.0211449 0.0145051 0.045699 -0.00549851 1.98972e-05
internal_weight=11400 1700 1086 614 961 735 190 545 458 500 395 105 408 352
internal_count=11400 1700 1086 614 961 735 190 545 458 500 395 105 408 352
is_linear=0
shrinkage=0.05


Tree=69
num_leaves=15
num_cat=0
split_feature=12 2 62 45 53 47 38 52 13 18 58 62 30 36
split_gain=33.8992 25.7851 52.5568 42.2926 36.3084 30.8244 62.5351 51.0412 45.1306 68.0295 42.0908 38.9531 44.5591 42.7139
threshold=15.41666666666667 2.3875000000000006 288289.50000000006 3.0416666666666674 2.3166666666666669 2.6535714285714289 26.91 1.7750000000000001 21.100000000000005 2.8333333333333335 1097.5000000000002 730711.50000000012 1.1850000000000003 34.033333333333339
decision_type=10 10 2 10 10 10 10 10 10 10 2 2 10 10
left_child=-1 2 3 -2 5 7 -7 8 9 -3 -11 -8 13 -13
right_child=1 4 -4 -5 -6 6 11 -9 -10 10 -12 12 -14 -15
leaf_value=-0.0011236047047628957 -0.019419304251762259 -0.0011584474850918553 0.055365716628018459 0.03471665874758894 -0.035503837278297361 0.060100316123829947 0.024521587718827804 -0.026441119443739721 -0.013414758657339682 0.00048966404801907668 0.051249518410677222 -0.046816655966368588 0.016669635123399727 0.0096712183777813449
leaf_weight=9700 81 303 78 64 55 67 213 152 220 59 140 82 131 55
leaf_count=9700 81 303 78 64 55 67 213 152 220 59 140 82 131 55
internal_value=1.57198e-05 0.00652969 0.0223837 0.00434056 0.00411234 0.00567413 0.0149655 -0.000128212 0.00539121 0.0136878 0.0363644 0.00857071 -0.00403562 -0.0240045
internal_weight=11400 1700 223 145 1477 1422 548 874 722 502 199 481 268 137
internal_count=11400 1700 223 145 1477 1422 548 874 722 502 199 481 268 137
is_linear=0
shrinkage=0.05


Tree=70
num_leaves=15
num_cat=0
split_feature=62 47 47 51 12 26 19 62 5 1 1 37 48 28
split_gain=31.8354 30.9939 26.547 35.6302 76.932 26.5618 49.3148 26.3068 44.062 31.0785 37.3614 89.3781 46.6588 80.0678
threshold=396017.00000000006 3.9050000000000007 3.2300000000000004 2.5000000000000004 11.833333333333334 0.0033126666666666673 2.7750000000000004 546321.00000000012 89.800000000000011 3.1000000000000005 3.6333333333333337 26.020000000000007 1.1666666666666667 0.00033100000000000008
decision_type=2 8 10 8 10 10 10 2 10 10 10 10 10 10
left_child=-1 2 3 5 -5 7 -7 8 -2 -9 11 -11 -12 -14
right_child=1 -3 -4 4 -6 6 -8 9 -10 10 12 -13 13 -15
leaf_value=-0.0012265206867242181 0.0014323727317826183 0.035894424875089724 -0.016296356345302968 -0.0097379915360221309 0.062943076318914784 -0.0099422260555399582 0.049402527555734099 -0.009220788458642484 0.047183890052231177 0.051267630094862161 -0.026471826498639491 -0.027134764059668498 0.015981392659782583 -0.048225591640483151
leaf_weight=9332 152 81 143 66 79 59 83 591 81 116 128 52 382 55
leaf_count=9332 152 81 143 66 79 59 83 591 81 116 128 52 382 55
internal_value=1.51726e-05 0.00562943 0.00437438 0.00599491 0.0297691 0.00394305 0.0246214 0.00203381 0.0175115 -0.000676678 0.00617974 0.0268433 0 0.0077974
internal_weight=11400 2068 1987 1844 145 1699 142 1557 233 1324 733 168 565 437
internal_count=11400 2068 1987 1844 145 1699 142 1557 233 1324 733 168 565 437
is_linear=0
shrinkage=0.05


Tree=71
num_leaves=15
num_cat=0
split_feature=61 36 0 41 40 26 39 49 12 29 2 4 20 59
split_gain=31.8911 23.5754 23.3599 23.2884 50.0742 27.7332 25.1317 39.3615 46.7086 29.4563 28.5791 19.2887 22.3965 18.9768
threshold=40.500000000000007 21.500000000000007 1.8333333333333337 2.4000000000000004 2.0100000000000002 0.0069200000000000008 1.0000000180025095e-35 2.1000000000000005 18.166666666666668 0.0046422222222222229 2.183333333333334 45.900000000000006 0.70714285714285718 1302.5000000000002
decision_type=2 10 10 10 10 10 8 10 10 10 10 8 10 2
left_child=1 2 11 4 5 6 9 8 10 13 -8 12 -1 -2
right_child=3 -3 -4 -5 -6 -7 7 -9 -10 -11 -12 -13 -14 -15
leaf_value=-0.0022111717302327979 0.0027587336936147912 -0.033592899439256051 0.031638358762063605 -0.025132998309674717 0.041376618172466406 0.033507476263790283 0.0040528783720122814 0.047492716618541153 -0.030005338368592441 -0.032654231194201418 0.041071361938685734 -0.016936670814672216 0.031208926546249061 -0.0070633019624960318
leaf_weight=5577 4224 60 50 73 84 71 150 73 67 63 81 222 50 555
leaf_count=5577 4224 60 50 73 84 71 150 73 67 63 81 222 50 555
internal_value=1.44487e-05 -0.00251024 -0.00218704 0.00278407 0.00317068 0.00255473 0.00212519 0.0146639 0.00647207 0.00115789 0.017202 -0.00248315 -0.00190702 0.00161222
internal_weight=11400 5959 5899 5441 5368 5284 5213 371 298 4842 231 5849 5627 4779
internal_count=11400 5959 5899 5441 5368 5284 5213 371 298 4842 231 5849 5627 4779
is_linear=0
shrinkage=0.05


Tree=72
num_leaves=15
num_cat=0
split_feature=61 62 41 39 26 49 14 38 50 29 46 36 0 50
split_gain=28.7878 24.3645 21.962 36.1753 39.3896 36.9883 26.3419 43.3444 36.162 22.9433 22.005 21.2949 21.1047 19.0439
threshold=40.500000000000007 13421.500000000002 2.4000000000000004 1.0000000180025095e-35 0.0069200000000000008 2.5500000000000003 16.535714285714288 25.655000000000001 1.4142857142857144 0.004085000000000001 1.3225000000000005 21.500000000000007 1.8333333333333337 1.6125000000000003
decision_type=2 2 10 8 10 10 10 10 8 10 10 10 10 10
left_child=11 -2 3 4 9 6 8 -8 -5 13 -10 12 -1 -3
right_child=1 2 -4 5 -6 -7 7 -9 10 -11 -12 -13 -14 -15
leaf_value=-0.0023589381598837626 -0.0048010360789538919 0.0058919032674056709 -0.023094790572750157 0.048896090961949676 0.044272852695506557 0.058112302858914645 -0.038950835633168535 0.018186471082226058 0.023690089120627932 -0.026307671870346425 -0.017557199114811756 -0.031927136374899183 0.030072102312109258 -0.0012121116577281123
leaf_weight=5849 911 2364 72 86 57 52 54 84 80 67 53 60 50 1561
leaf_count=5849 911 2364 72 86 57 52 54 84 80 67 53 60 50 1561
internal_value=1.39138e-05 0.00264544 0.00414884 0.00459699 0.00315684 0.0187719 0.0128984 -0.004051 0.0236777 0.00255803 0.00706174 -0.00238469 -0.00207729 0.00306042
internal_weight=11400 5441 4530 4458 4049 409 357 138 219 3992 133 5959 5899 3925
internal_count=11400 5441 4530 4458 4049 409 357 138 219 3992 133 5959 5899 3925
is_linear=0
shrinkage=0.05


Tree=73
num_leaves=15
num_cat=0
split_feature=62 60 57 45 17 25 59 17 38 29 27 45 31 31
split_gain=26.1769 33.0353 39.4721 42.9753 17.3139 27.9294 17.0102 37.3739 69.5752 32.837 27.8106 59.4581 76.8997 45.5365
threshold=95198.500000000015 1.5000000000000002 3.2500000000000004 0.91666666666666674 1.0000000180025095e-35 5.8000000000000007e-05 1067.5000000000002 0.29285714285714287 17.810000000000006 0.010500000000000002 0.00011833333333333334 3.1333333333333342 1.1830000000000003 1.5410000000000001
decision_type=2 2 2 10 10 10 2 8 10 10 10 10 10 10
left_child=4 6 3 -3 5 -1 7 -2 -9 10 -8 12 -12 -14
right_child=1 2 -4 -5 -6 -7 9 8 -10 -11 11 -13 13 -15
leaf_value=-0.0015346818714162701 0.001746650204805085 0.073443248324862154 -0.0081794514562244774 0.015341576744807872 -0.013248747880731611 0.033440221616107484 7.1935737328971216e-05 0.07594210695441779 0.006726227723886067 -0.03564324060008546 -0.0012992952434489361 -0.01934334604859804 0.094065061081381685 0.027997881575771003
leaf_weight=6981 382 53 67 83 314 57 2953 55 108 60 97 82 51 57
leaf_count=6981 382 53 67 83 314 57 2953 55 108 60 97 82 51 57
internal_value=1.31807e-05 0.00324406 0.02289 0.0383534 -0.00176243 -0.00124552 0.00219749 0.0103807 0.030395 0.000837075 0.00152575 0.0163712 0.030791 0.0597164
internal_weight=11400 4048 203 136 7352 7038 3845 545 163 3300 3240 287 205 108
internal_count=11400 4048 203 136 7352 7038 3845 545 163 3300 3240 287 205 108
is_linear=0
shrinkage=0.05


Tree=74
num_leaves=15
num_cat=0
split_feature=61 62 40 40 62 13 13 30 26 4 1 0 39 48
split_gain=25.097 21.2118 21.2982 39.9596 59.6064 19.399 22.5111 18.1474 17.9966 21.0241 22.0026 34.0412 19.8871 34.8163
threshold=40.500000000000007 13421.500000000002 2.1300000000000003 2.0100000000000002 481690.50000000006 6.7000000000000002 4.7000000000000002 1.0974333333333337 0.0069200000000000008 113.40000000000002 6.6333333333333337 6.166666666666667 1.0000000180025095e-35 1.5833333333333337
decision_type=2 2 10 8 2 8 10 8 10 10 10 10 10 10
left_child=5 -2 3 8 -5 6 -1 -7 9 10 11 12 -3 -14
right_child=1 2 -4 4 -6 7 -8 -9 -10 -11 -12 -13 13 -15
leaf_value=-0.0018597926003642907 -0.0044766672504263734 0.0031726294275310468 -0.01850313265191544 0.0069692575564636056 0.074095718555226189 -0.038103163372292082 0.031011869031048956 -0.0080710282642956471 0.028424954032395169 -0.023386732192367924 0.036402718353979659 -0.021473990230927609 0.0011102110859420565 0.044009779564322477
leaf_weight=5595 911 3754 103 99 50 64 52 248 71 73 50 135 112 83
leaf_count=5595 911 3754 103 99 50 64 52 248 71 73 50 135 112 83
internal_value=1.32881e-05 0.00247048 0.00387344 0.00440174 0.0298346 -0.00222613 -0.00154995 -0.0143626 0.0035067 0.0030769 0.00355302 0.00314032 0.00399072 0.0195638
internal_weight=11400 5441 4530 4427 149 5959 5647 312 4278 4207 4134 4084 3949 195
internal_count=11400 5441 4530 4427 149 5959 5647 312 4278 4207 4134 4084 3949 195
is_linear=0
shrinkage=0.05


Tree=75
num_leaves=15
num_cat=0
split_feature=5 40 25 36 62 20 47 19 1 1 48 39 2 62
split_gain=23.1756 45.3526 45.7209 46.7744 59.671 53.1923 43.9871 54.2 66.1742 88.0899 38.4134 80.7611 46.4052 42.9292
threshold=89.800000000000011 2.1300000000000003 2.7000000000000002e-05 19.233333333333338 1092781.5000000002 2.7071428571428577 2.8050000000000006 2.2250000000000005 2.9000000000000004 3.7083333333333335 1.5833333333333337 1.0000000180025095e-35 2.4722222222222228 730711.50000000012
decision_type=10 10 10 10 2 10 10 10 10 10 10 10 10 2
left_child=6 2 10 4 -4 -5 7 8 -1 -10 13 12 -12 -2
right_child=1 -3 3 5 -6 -7 -8 -9 9 -11 11 -13 -14 -15
leaf_value=-0.00093585034277535769 0.0038399294011286175 -0.033674303887990018 0.086391985997420928 -0.034914576244496169 0.013402021768664528 0.020280456202677811 0.041143909889099196 -0.01761310156911074 0.070976705809167581 -0.0076817030901158295 0.04331583938946755 0.069319429193888241 0.00068293034020507429 -0.020955945860733467
leaf_weight=8818 456 72 54 52 60 253 61 481 74 67 72 54 545 281
leaf_count=8818 456 72 54 52 60 253 61 481 74 67 72 54 545 281
internal_value=1.28634e-05 0.00505689 0.00660571 0.0211019 0.0484208 0.0107466 -0.000992886 -0.00126998 -0.00038881 0.0335283 0.00226814 0.010932 0.00572945 -0.00558803
internal_weight=11400 1899 1827 419 114 305 9501 9440 8959 141 1408 671 617 737
internal_count=11400 1899 1827 419 114 305 9501 9440 8959 141 1408 671 617 737
is_linear=0
shrinkage=0.05


Tree=76
num_leaves=15
num_cat=0
split_feature=12 12 27 61 16 17 20 14 14 52 52 58 52 4
split_gain=22.7572 25.5539 56.1397 38.6518 38.3899 35.3559 26.6908 25.0691 53.913 48.5853 40.4502 48 61.4021 51.9807
threshold=15.41666666666667 13.500000000000002 2.666666666666667e-05 47.500000000000007 1.0000000180025095e-35 0.31666666666666671 2.7888888888888892 18.31666666666667 17.707142857142859 2.1000000000000005 1.6333333333333335 1217.5000000000002 1.1000000000000003 89.100000000000009
decision_type=10 10 10 2 10 10 10 10 10 10 10 2 10 10
left_child=1 5 3 4 -3 -1 -5 8 9 10 11 12 -2 -14
right_child=7 2 -4 6 -6 -7 -8 -9 -10 -11 -12 -13 13 -15
leaf_value=-0.00074932975907308983 -0.0076169243844875032 0.0052578987198249084 -0.060970393855363951 -0.00360702472654256 -0.045773780651842108 0.02951408209900061 0.041791875138435339 -0.00030081201718668596 0.043299291896046234 0.037568292132980456 -0.025378556889069231 -0.032081342669815285 -0.0068822019356341406 0.047610071132790775
leaf_weight=9268 176 65 54 82 82 97 52 907 116 105 118 65 60 153
leaf_count=9268 176 65 54 82 82 97 52 907 116 105 118 65 60 153
internal_value=1.29518e-05 -0.000920146 -0.0144809 -0.00536572 -0.0230979 -0.000431642 0.0139145 0.00535051 0.0118419 0.00638694 0.000591613 0.00741707 0.014114 0.0321629
internal_weight=11400 9700 335 281 147 9365 134 1700 793 677 572 454 389 213
internal_count=11400 9700 335 281 147 9365 134 1700 793 677 572 454 389 213
is_linear=0
shrinkage=0.05


Tree=77
num_leaves=15
num_cat=0
split_feature=61 62 46 59 17 47 31 55 29 29 29 31 62 31
split_gain=20.8841 18.2823 22.7078 19.7744 28.9925 52.8568 26.0726 24.6424 22.3633 25.4225 55.4555 48.7263 36.1501 54.5311
threshold=40.500000000000007 19203.000000000004 1.2900000000000005 1067.5000000000002 0.29285714285714287 1.7633333333333339 1.5548200000000001 0.22500000000000003 0.010500000000000002 0.00013500000000000006 0.00026950000000000005 1.2205700000000004 459344.50000000006 1.4590000000000003
decision_type=2 2 10 2 8 10 10 10 10 10 10 10 2 10
left_child=-1 2 -2 4 6 -6 7 -3 9 -5 -11 -12 -13 -14
right_child=1 3 -4 8 5 -7 -8 -9 -10 10 11 12 13 -15
leaf_value=-0.0020307279193239563 -0.0013374266442355365 0.019519107051453433 -0.034879286243092444 0.0010732216382618898 0.073065125588143223 0.011447774413378633 -0.023489828532888692 -0.012651109259645894 -0.026084082646477491 0.062513720312865811 -0.0093470294292075286 0.0032985039663558108 0.074832577590181054 0.015479009019714569
leaf_weight=5959 1380 229 52 2765 50 117 65 79 66 50 242 171 59 116
leaf_count=5959 1380 229 52 2765 50 117 65 79 66 50 242 171 59 116
internal_value=1.19131e-05 0.0022536 -0.00258463 0.00398813 0.0128958 0.0302084 0.00504763 0.0111795 0.00259266 0.00315993 0.0121563 0.0077823 0.0198313 0.0357883
internal_weight=11400 5441 1432 4009 540 167 373 308 3469 3403 638 588 346 175
internal_count=11400 5441 1432 4009 540 167 373 308 3469 3403 638 588 346 175
is_linear=0
shrinkage=0.05


Tree=78
num_leaves=15
num_cat=0
split_feature=25 39 16 29 30 46 32 20 38 47 32 30 31 32
split_gain=19.1393 45.7702 16.719 20.77 15.821 52.0497 40.8015 37.4466 43.2845 36.1918 77.2451 34.2124 28.1306 44.7049
threshold=0.0050100000000000014 0.35000000000000003 0.63333333333333341 0.004085000000000001 1.301666666666667 1.726666666666667 1.1098950000000001 2.9500000000000006 24.710000000000004 2.7050000000000005 1.4890000000000001 1.2583333333333335 1.4990000000000003 1.2262950000000004
decision_type=10 10 10 10 10 10 10 10 10 10 10 10 10 10
left_child=2 -2 3 4 11 6 -6 -7 -9 -10 -11 12 13 -1
right_child=1 -3 -4 -5 5 7 -8 8 9 10 -12 -13 -14 -15
leaf_value=-0.00035955947511239405 0.036635278509524853 -0.021244311598267888 0.020174434607914047 -0.026904351499286439 0.0051446969261263863 -0.01215084850537968 0.067540615745212723 0.042105135841428172 -0.025378712352817457 0.059939044397125787 -0.0012185678786348457 -0.040312195524846745 0.034591184952090272 -0.027297812206938433
leaf_weight=9908 103 50 99 73 50 302 57 87 86 64 255 54 56 156
leaf_count=9908 103 50 99 73 50 302 57 87 86 64 255 54 56 156
internal_value=1.16495e-05 0.0175499 -0.000225481 -0.000409782 -0.000231682 0.00611362 0.0387757 0.00165895 0.0101902 0.00322926 0.0110477 -0.000796345 -0.000581039 -0.000780943
internal_weight=11400 153 11247 11148 11075 901 107 794 492 405 319 10174 10120 10064
internal_count=11400 153 11247 11148 11075 901 107 794 492 405 319 10174 10120 10064
is_linear=0
shrinkage=0.05


Tree=79
num_leaves=15
num_cat=0
split_feature=61 59 61 26 62 32 50 50 41 14 13 3 13 38
split_gain=19.0862 40.1232 21.54 20.3193 31.6457 33.6132 50.1353 29.7597 34.5142 21.8736 21.8556 68.8195 36.7216 30.4447
threshold=59.000000000000007 1117.5000000000002 55.500000000000007 0.0012595000000000002 1628218.0000000002 1.1367250000000002 1.4722222222222225 1.2928571428571431 0.021111111111111115 25.750000000000004 21.100000000000005 114.00000000000001 20.366666666666671 24.855000000000004
decision_type=2 2 2 10 2 10 10 10 10 10 10 10 10 10
left_child=2 -2 3 9 5 6 -5 8 -7 10 11 12 -1 -12
right_child=1 -3 -4 4 -6 7 -8 -9 -10 -11 13 -13 -14 -15
leaf_value=-0.0007815501958091548 0.053466872487327843 -0.0076100391789083984 -0.030710387416183951 0.064775433926151524 0.043897651066261582 -0.00059762338904158175 -0.0014810751343882361 0.011719929924097044 -0.054417424770717572 0.031134860866933789 -0.028000078653681173 0.04589264722286452 0.033762029621209354 -0.00067123453628424319
leaf_weight=10171 50 56 57 50 61 75 64 128 50 54 171 80 77 256
leaf_count=10171 50 56 57 50 61 75 64 128 50 54 171 80 77 256
internal_value=1.10917e-05 0.0210808 -0.00018537 -2.69465e-05 0.0106491 0.00500256 0.0275164 -0.00507767 -0.0224558 -0.000452468 -0.00061483 -0.00015381 -0.000517928 -0.011694
internal_weight=11400 106 11294 11237 428 367 114 253 125 10809 10755 10328 10248 427
internal_count=11400 106 11294 11237 428 367 114 253 125 10809 10755 10328 10248 427
is_linear=0
shrinkage=0.05


Tree=80
num_leaves=15
num_cat=0
split_feature=61 36 0 4 20 41 39 26 36 50 31 31 31 1
split_gain=17.8041 18.4212 18.7777 16.6185 19.9369 16.5858 28.7012 37.5673 31.678 26.2953 42.3202 22.1073 33.8798 35.5549
threshold=40.500000000000007 21.500000000000007 1.8333333333333337 45.900000000000006 0.70714285714285718 2.4000000000000004 1.0000000180025095e-35 0.0069200000000000008 18.033333333333339 2.0500000000000003 0.87300000000000011 2.0277500000000006 1.7710000000000001 2.7083333333333335
decision_type=2 10 10 8 10 10 8 10 8 10 8 10 10 10
left_child=1 2 3 4 -1 6 7 11 -8 10 -10 12 -2 -14
right_child=5 -3 -4 -5 -6 -7 8 -9 9 -11 -12 -13 13 -15
leaf_value=-0.0016073798673942935 0.00070525186378880714 -0.029348836216088459 0.028739929361508626 -0.015268142406692668 0.029929992185887135 -0.021476693459007205 0.045374910526823076 0.040462271576701118 -0.030953687370337293 0.036758519513328584 0.01262289578861135 -0.015570118049796248 0.054459537030005258 0.0050549390794055946
leaf_weight=5577 4507 60 50 222 50 73 70 60 72 68 239 197 60 95
leaf_count=5577 4507 60 50 222 50 73 70 60 72 68 239 197 60 95
internal_value=1.06695e-05 -0.00187517 -0.00158903 -0.00185501 -0.00132007 0.00208063 0.00240761 0.00129675 0.0145071 0.00868775 0.00242068 0.000803863 0.00150273 0.0244537
internal_weight=11400 5959 5899 5849 5627 5441 5368 4919 449 379 311 4859 4662 155
internal_count=11400 5959 5899 5849 5627 5441 5368 4919 449 379 311 4859 4662 155
is_linear=0
shrinkage=0.05


Tree=81
num_leaves=15
num_cat=0
split_feature=61 61 18 46 45 31 1 47 58 16 48 13 14 47
split_gain=17.047 19.81 17.7564 60.4669 50.9845 39.6395 36.0487 62.3668 53.4858 63.6295 46.1372 38.4605 60.8505 35.6718
threshold=59.000000000000007 55.500000000000007 3.1666666666666674 1.8900000000000003 2.6166666666666676 0.86300000000000021 4.4500000000000011 2.2436507936507941 1097.5000000000002 0.36666666666666675 0.83333333333333337 18.550000000000004 19.707142857142859 2.2816666666666672
decision_type=2 2 10 10 10 10 10 10 2 10 10 10 10 10
left_child=1 2 4 -4 -1 -6 8 -8 13 10 -10 -12 -13 -5
right_child=-2 -3 3 6 5 -7 7 -9 9 -11 11 12 -14 -15
leaf_value=-0.00026418025333193126 0.019923167261229436 -0.029448434834409024 0.051103889877847634 -0.042900547490462786 -0.062974522612263675 -0.0087190459732498435 -0.057732391313243758 -0.00057093034831134492 -0.016275167055515478 0.071763750318769776 0.0085244687258187422 0.079559197343023857 0.0090426007560057246 0.00078777765703639331
leaf_weight=9953 106 57 69 61 56 87 58 264 106 50 219 60 64 190
leaf_count=9953 106 57 69 61 56 87 58 264 106 50 219 60 64 190
internal_value=1.06621e-05 -0.000174887 -2.2868e-05 0.00588569 -0.000693359 -0.0302856 0.00292941 -0.0110182 0.00895423 0.0184354 0.012368 0.0213033 0.0435468 -0.00979448
internal_weight=11400 11294 11237 1141 10096 143 1072 322 750 499 449 343 124 251
internal_count=11400 11294 11237 1141 10096 143 1072 322 750 499 449 343 124 251
is_linear=0
shrinkage=0.05


Tree=82
num_leaves=15
num_cat=0
split_feature=12 45 18 18 29 36 37 14 13 2 2 50 56 53
split_gain=16.1357 28.8053 28.001 32.3545 52.6805 26.4699 53.7155 36.1959 28.2573 26.9087 25.6521 44.1414 43.9468 66.1912
threshold=15.41666666666667 2.9166666666666674 3.1666666666666674 2.5833333333333335 0.00020450000000000001 14.200000000000001 18.620000000000005 13.050000000000002 12.550000000000002 2.8944444444444448 2.3875000000000006 0.64583333333333337 1.0000000180025095e-35 1.8944444444444446
decision_type=10 10 10 10 10 10 10 10 10 10 10 10 10 10
left_child=1 2 3 5 -5 -1 7 -7 -8 -10 12 -12 -2 -14
right_child=10 -3 -4 4 -6 6 8 -9 9 -11 11 -13 13 -15
leaf_value=-0.00080775927601218318 -0.0088053018448908636 -0.024111547384418234 0.024794864805237165 -0.032778859258548114 0.018305150832538662 0.050443942415026526 -0.030488058085814659 0.0012071627080758923 0.035310067303545842 -0.011087886218959135 -0.042892180014224283 0.0037699375183693771 0.0094552627631596161 0.079791268047264163
leaf_weight=8851 81 130 108 180 69 110 69 58 55 70 52 1425 87 55
leaf_count=8851 81 130 108 180 69 110 69 58 55 70 52 1425 87 55
internal_value=9.95756e-06 -0.000775404 -0.000454548 -0.000746683 -0.0185145 -0.000262779 0.0129759 0.0336479 -0.00483757 0.00918735 0.00450475 0.00209625 0.0203048 0.0370579
internal_weight=11400 9700 9570 9462 249 9213 362 168 194 125 1700 1477 223 142
internal_count=11400 9700 9570 9462 249 9213 362 168 194 125 1700 1477 223 142
is_linear=0
shrinkage=0.05


Tree=83
num_leaves=15
num_cat=0
split_feature=62 46 37 32 20 19 62 45 41 40 20 20 59 53
split_gain=15.8339 19.6237 28.7694 27.4818 21.9754 33.4186 53.3671 32.0608 25.2639 48.1752 19.2308 13.9039 40.3567 73.8527
threshold=40208.000000000007 4.0100000000000016 36.500000000000007 2.0480000000000005 4.4142857142857155 4.1000000000000005 1033403.0000000001 3.8500000000000001 2.4000000000000004 2.0100000000000002 4.7071428571428582 3.0500000000000003 1106.2500000000002 1.9500000000000002
decision_type=2 10 10 10 10 10 2 10 10 10 10 10 2 10
left_child=-1 2 3 4 5 7 -7 8 9 11 -3 -2 -13 -14
right_child=1 10 -4 -5 -6 6 -8 -9 -10 -11 -12 12 13 -15
leaf_value=-0.0018453212505820671 0.0010999757808166184 -0.041752316467095131 0.032362574513313501 -0.029138454572951542 0.033878579682781608 -0.039693433909780453 0.021172343091595741 0.03915763698956546 -0.032597635740649354 0.048918469884508368 0.00072194827600903467 0.027911980235637918 -0.010904476880403342 0.043657152733254823
leaf_weight=5719 4465 50 78 70 54 112 52 59 51 55 54 194 310 77
leaf_count=5719 4465 50 78 70 54 112 52 59 51 55 54 194 310 77
internal_value=9.61775e-06 0.00188136 0.00228742 0.00185338 0.00226023 0.0019348 -0.0202369 0.00263926 0.00221244 0.00256854 -0.0195612 0.00205358 0.00933185 0
internal_weight=11400 5681 5577 5499 5429 5375 164 5211 5152 5101 104 5046 581 387
internal_count=11400 5681 5577 5499 5429 5375 164 5211 5152 5101 104 5046 581 387
is_linear=0
shrinkage=0.05


Tree=84
num_leaves=15
num_cat=0
split_feature=61 59 61 17 14 18 0 24 59 47 14 58 31 31
split_gain=15.0238 36.1936 18.0691 16.6558 50.2877 44.9346 21.3336 21.2908 29.6658 21.6252 43.3993 42.6009 16.364 41.5865
threshold=59.000000000000007 1117.5000000000002 55.500000000000007 0.31666666666666671 15.707142857142857 4.5833333333333348 6.166666666666667 0.00026833333333333337 1227.5000000000002 2.2950000000000004 18.183333333333337 1122.5000000000002 2.0830000000000006 1.9260000000000002
decision_type=2 2 2 10 10 10 10 10 2 10 10 2 10 10
left_child=2 -2 3 6 -5 7 12 8 9 10 -6 -11 13 -1
right_child=1 -3 -4 4 5 -7 -8 -9 -10 11 -12 -13 -14 -15
leaf_value=-0.00033210241430167839 0.049478675233255526 -0.0085269895176180704 -0.028122172718462735 0.044248595683637898 0.017431082186000101 0.042034998030115775 -0.026469461570915051 0.020392217839549403 -0.030305845541745854 -0.0089146186106584292 -0.033528395566420677 0.045405838291498093 -0.015804294215431856 0.035525341334244225
leaf_weight=10265 50 56 57 82 72 63 78 83 104 82 97 63 167 81
leaf_count=10265 50 56 57 82 72 63 78 83 104 82 97 63 167 81
internal_value=9.56008e-06 0.0187033 -0.000164497 -1.9211e-05 0.00776964 0.00238718 -0.000496998 -0.00258557 -0.00722679 0.000373767 -0.011683 0.0145898 -0.000300671 -4.7251e-05
internal_weight=11400 106 11294 11237 646 564 10591 501 418 314 169 145 10513 10346
internal_count=11400 106 11294 11237 646 564 10591 501 418 314 169 145 10513 10346
is_linear=0
shrinkage=0.05


Tree=85
num_leaves=15
num_cat=0
split_feature=61 46 40 26 39 48 18 41 31 30 36 31 26 36
split_gain=14.5456 20.2288 15.1692 30.9817 27.1639 38.456 25.8366 25.1675 20.2475 46.1404 35.1223 32.6302 47.2057 57.5435
threshold=41.500000000000007 2.4225000000000008 2.1300000000000003 0.0069200000000000008 1.0000000180025095e-35 1.5833333333333337 3.1666666666666674 2.4000000000000004 0.81700000000000006 0.64166666666666683 14.266666666666671 1.3150000000000004 0.00031850000000000004 25.700000000000006
decision_type=2 10 10 10 10 10 10 10 10 10 10 10 10 10
left_child=1 -1 3 4 8 6 -6 -4 9 -2 -11 12 13 -10
right_child=2 -3 7 -5 5 -7 -8 -9 11 10 -12 -13 -14 -15
leaf_value=-0.0013767648570481262 0.0017534782786778232 -0.032573316216335767 0.0063738536192189665 0.033508514361396721 0.01841175463571219 0.040300604670141155 -0.025926104429605846 -0.042344716370179517 -0.015152316721374388 0.060355352838006283 0.010721834452214791 0.0020467297641159374 -0.037015405030677115 0.031730239842854967
leaf_weight=6064 3391 52 54 78 80 108 55 50 277 58 96 796 156 85
leaf_count=6064 3391 52 54 78 80 108 55 50 277 58 96 796 156 85
internal_value=9.08753e-06 -0.00164874 0.00193265 0.00231718 0.00183218 0.018135 0.000134668 -0.0168998 0.00100995 0.00297909 0.0297116 -0.00428263 -0.0140496 -0.00404643
internal_weight=11400 6116 5284 5180 5102 243 135 104 4859 3545 154 1314 518 362
internal_count=11400 6116 5284 5180 5102 243 135 104 4859 3545 154 1314 518 362
is_linear=0
shrinkage=0.05


Tree=86
num_leaves=15
num_cat=0
split_feature=62 46 37 32 26 19 19 45 62 45 38 38 48 14
split_gain=13.8059 18.012 25.7593 24.4248 16.0035 46.4376 28.7073 45.8661 39.4678 27.9751 19.5774 19.9446 31.437 26.003
threshold=40208.000000000007 4.0100000000000016 36.500000000000007 2.0480000000000005 0.0036880000000000003 3.3666666666666671 4.1000000000000005 3.8500000000000001 679884.50000000012 2.2416666666666676 31.170000000000005 27.920000000000005 1.1666666666666667 18.31666666666667
decision_type=2 10 10 10 10 10 10 10 2 10 10 10 10 10
left_child=-1 2 3 4 6 9 7 10 -8 -6 11 13 -13 -2
right_child=1 -3 -4 -5 5 -7 8 -9 -10 -11 -12 12 -14 -15
leaf_value=-0.0017229709601795395 0.0028399170040559981 -0.018785713736021351 0.030605237121889547 -0.02748084930135003 0.022770602864027024 0.052103137848823061 -0.036713907455528216 0.048378884901127246 0.010389852641644527 -0.024335779249668121 -0.025313805077822157 0.04651690107560897 0.00038346035936691244 -0.009392846755760631
leaf_weight=5719 4307 104 78 70 62 61 110 53 73 63 65 64 89 482
leaf_count=5719 4307 104 78 70 62 61 110 53 73 63 65 64 89 482
internal_value=8.96388e-06 0.00175688 0.00214609 0.00173513 0.00211893 0.0165265 0.00160151 0.0023102 -0.0178105 -0.000774178 0.00181278 0.00217715 0.0199326 0.00160265
internal_weight=11400 5681 5577 5499 5429 186 5243 5060 183 125 5007 4942 153 4789
internal_count=11400 5681 5577 5499 5429 186 5243 5060 183 125 5007 4942 153 4789
is_linear=0
shrinkage=0.05


Tree=87
num_leaves=15
num_cat=0
split_feature=61 59 61 17 14 38 40 59 58 51 12 31 17 1
split_gain=13.5492 32.6869 16.3544 14.7498 43.9569 28.1301 25.4566 39.991 40.0439 23.5151 40.8684 40.2761 20.8214 20.4258
threshold=59.000000000000007 1117.5000000000002 55.500000000000007 0.31666666666666671 15.707142857142857 22.536666666666669 0.11000000000000001 1218.7500000000002 1122.5000000000002 0.83333333333333337 16.833333333333339 0.64802000000000015 0.41428571428571431 3.7750000000000004
decision_type=2 2 2 10 10 10 10 2 2 10 10 10 10 10
left_child=2 -2 3 13 -5 9 7 8 12 11 -11 -6 -7 -1
right_child=1 -3 -4 4 5 6 -8 -9 -10 10 -12 -13 -14 -15
leaf_value=3.8769440799613249e-05 0.047011697307081511 -0.0080973739430835814 -0.026754628108895347 0.041418372352014891 -0.00118142949071473 0.035688348737050284 -0.018101996510663878 -0.010529130064701075 0.065177557621896268 -0.027492111383406362 0.029398064181403401 -0.056237150939692442 -0.0079760497169835236 -0.0099367663410736065
leaf_weight=10051 50 56 57 82 83 55 53 74 62 53 76 56 52 540
leaf_count=10051 50 56 57 82 83 55 53 74 62 53 76 56 52 540
internal_value=8.66972e-06 0.0177614 -0.000156514 -1.81854e-05 0.00731133 0.00227592 0.0129264 0.0198199 0.0332481 -0.00939637 0.00581563 -0.0236634 0.0142973 -0.000467935
internal_weight=11400 106 11294 11237 646 564 296 243 169 268 129 139 107 10591
internal_count=11400 106 11294 11237 646 564 296 243 169 268 129 139 107 10591
is_linear=0
shrinkage=0.05


Tree=88
num_leaves=15
num_cat=0
split_feature=61 36 32 36 36 58 31 1 0 47 45 45 18 36
split_gain=13.1904 17.3111 16.982 25.3284 17.0552 14.0681 26.1652 23.4739 22.3916 20.309 18.7892 32.1395 34.2774 51.874
threshold=40.500000000000007 21.500000000000007 0.40050000000000002 9.766666666666671 4.3333333333333348 1292.5000000000002 1.3515900000000003 6.6333333333333337 6.166666666666667 2.5950000000000006 4.5833333333333348 3.6500000000000004 3.1666666666666674 26.066666666666674
decision_type=2 10 10 10 10 2 10 10 10 10 10 10 8 10
left_child=1 2 3 4 -1 7 -7 8 10 -10 11 12 13 -2
right_child=5 -3 -4 -5 -6 6 -8 -9 9 -11 -12 -13 -14 -15
leaf_value=-0.0015915062380335695 0.0022464186429974058 -0.028245523202517803 0.022523298297001393 -0.036917897970369547 0.027288939381126788 -0.00074464659610612004 -0.028787648395153149 0.03598931316108931 -0.033073243528916808 0.0048854068547737701 0.032438846211010057 -0.018499016768489602 0.012961287509739348 -0.039899924072443242
leaf_weight=5725 3552 60 73 50 51 520 99 52 83 59 53 173 776 74
leaf_count=5725 3552 60 73 50 51 520 99 52 83 59 53 173 776 74
internal_value=7.9126e-06 -0.00161499 -0.00133752 -0.00164269 -0.00132983 0.0017899 -0.00528968 0.00270434 0.00233251 -0.0171645 0.00293793 0.0025872 0.00342358 0.00137401
internal_weight=11400 5959 5899 5826 5776 5441 619 4822 4770 142 4628 4575 4402 3626
internal_count=11400 5959 5899 5826 5776 5441 619 4822 4770 142 4628 4575 4402 3626
is_linear=0
shrinkage=0.05


Tree=89
num_leaves=15
num_cat=0
split_feature=12 12 24 61 2 17 38 46 36 14 1 46 13 13
split_gain=12.9892 25.6032 56.2276 34.2358 43.0251 25.8478 24.4143 27.6788 55.3959 42.167 40.9673 28.7976 47.1076 28.5345
threshold=15.41666666666667 13.500000000000002 2.666666666666667e-05 47.500000000000007 2.9500000000000006 0.31666666666666671 9.4300000000000015 2.0550000000000002 18.366666666666674 15.535714285714286 4.1000000000000005 2.1633333333333336 14.900000000000002 18.550000000000004
decision_type=10 10 10 2 10 10 10 10 10 10 10 10 10 10
left_child=1 5 3 4 -3 -1 -2 9 -9 -8 -11 -10 -13 -14
right_child=6 2 -4 -5 -6 -7 7 8 11 10 -12 12 13 -15
leaf_value=-0.00048034669790925798 0.036104453219019852 0.0018176356370024609 -0.062387177984691358 0.012522979416362531 -0.052014070498596014 0.02539683396719062 0.019646604950703569 0.053713294519346304 0.036457257050992425 -0.035351464614618792 0.0013262445242450311 0.048077337558503117 -0.013214037075084076 0.0050614387294190526
leaf_weight=9268 57 82 51 136 66 97 99 59 65 158 144 53 295 770
leaf_count=9268 57 82 51 136 66 97 99 59 65 158 144 53 295 770
internal_value=7.18935e-06 -0.000697225 -0.0142698 -0.00544673 -0.0221143 -0.000208307 0.00404022 0.00290197 0.0066005 -0.008485 -0.0178068 0.00420801 0.00229524 0
internal_weight=11400 9700 335 284 148 9365 1700 1643 1242 401 302 1183 1118 1065
internal_count=11400 9700 335 284 148 9365 1700 1643 1242 401 302 1183 1118 1065
is_linear=0
shrinkage=0.05


Tree=90
num_leaves=15
num_cat=0
split_feature=25 40 29 4 3 5 31 61 45 45 46 58 46 45
split_gain=12.3475 37.6046 15.82 13.8667 27.8701 38.6318 27.8507 16.2878 15.086 21.8743 24.8152 24.4439 23.5165 21.6523
threshold=0.0050100000000000014 0.045000000000000005 0.004085000000000001 113.40000000000002 114.00000000000001 96.750000000000014 1.1190000000000002 59.000000000000007 4.5833333333333348 3.5666666666666678 3.5633333333333339 1157.5000000000002 3.2900000000000005 3.3500000000000001
decision_type=10 10 10 10 10 10 10 2 10 10 10 2 10 10
left_child=2 -2 3 4 7 -6 -7 8 9 10 12 -11 13 -1
right_child=1 -3 -4 -5 5 6 -8 -9 -10 11 -12 -13 -14 -15
leaf_value=-0.0003593124282848738 0.038999328380024512 -0.010256921312501353 -0.022993609839926987 -0.021823890046055977 0.055725990335146594 -0.019319109326601028 0.026604153237325685 0.020793332385479427 0.026340018515696839 -0.031015289038669114 0.034394841225257204 0.00714425696280059 -0.027150668198117085 0.029636926736590293
leaf_weight=10400 76 77 75 72 52 62 69 91 52 119 51 63 81 60
leaf_count=10400 76 77 75 72 52 62 69 91 52 119 51 63 81 60
internal_value=7.43657e-06 0.0140947 -0.000182597 -2.62017e-05 0.000113913 0.0194396 0.00468855 -0.000208625 -0.000388422 -0.000520962 -0.000222841 -0.0176858 -0.000394325 -0.000183452
internal_weight=11400 153 11247 11172 11100 183 131 10917 10826 10774 10592 182 10541 10460
internal_count=11400 153 11247 11172 11100 183 131 10917 10826 10774 10592 182 10541 10460
is_linear=0
shrinkage=0.05


Tree=91
num_leaves=15
num_cat=0
split_feature=5 38 38 5 53 40 25 36 62 20 58 62 16 50
split_gain=12.0808 34.0956 48.9387 44.2663 39.6268 33.2531 33.7034 41.0974 49.5983 40.4358 33.1557 31.9405 31.1209 35.3088
threshold=89.800000000000011 27.920000000000005 15.640000000000004 64.142857142857153 1.1833333333333336 2.0500000000000003 2.7000000000000002e-05 19.233333333333338 1092781.5000000002 2.7071428571428577 1187.5000000000002 1571373.0000000002 1.0000000180025095e-35 1.0500000000000003
decision_type=10 10 10 10 10 8 10 10 2 10 2 2 10 10
left_child=1 2 3 11 -5 6 -2 8 -8 -9 -11 -1 13 -4
right_child=5 -3 12 4 -6 -7 7 9 -10 10 -12 -13 -14 -15
leaf_value=-0.0006783914492618625 0.0012520268464034155 0.037996806197725566 0 0.003066724842786789 0.062277942088162785 -0.029512961044393739 0.077632742862050519 -0.032080085980040689 0.011064772714268077 0.0065319210625348848 0.051081784888579743 0.037368371948465574 -0.0051528005889807252 -0.041334534254345148
leaf_weight=8691 1408 56 74 62 53 72 54 52 60 200 53 55 342 168
leaf_count=8691 1408 56 74 62 53 72 54 52 60 200 53 55 342 168
internal_value=7.2988e-06 -0.000718234 -0.000952424 -2.52502e-05 0.0307233 0.00364965 0.00497795 0.0174225 0.0430166 0.00771955 0.0160455 -0.00043415 -0.0149656 -0.0286909
internal_weight=11400 9501 9445 8861 115 1899 1827 419 114 305 253 8746 584 242
internal_count=11400 9501 9445 8861 115 1899 1827 419 114 305 253 8746 584 242
is_linear=0
shrinkage=0.05


Tree=92
num_leaves=15
num_cat=0
split_feature=62 60 62 38 38 36 18 37 5 14 38 52 13 2
split_gain=11.1939 20.6895 31.3574 45.0618 32.6039 15.5389 23.5242 39.0935 37.9326 35.625 57.0567 37.7128 59.1939 33.221
threshold=40208.000000000007 1.5000000000000002 1092781.5000000002 20.880000000000003 2.0422222222222226 35.233333333333341 3.1666666666666674 18.820000000000004 69.90000000000002 18.422222222222224 26.290000000000003 1.6333333333333335 16.366666666666671 4.1180555555555562
decision_type=2 2 2 10 10 10 10 10 10 10 10 10 10 10
left_child=-1 5 3 4 -3 6 -2 -8 -9 11 13 12 -10 -11
right_child=1 2 -4 -5 -6 -7 7 8 9 10 -12 -13 -14 -15
leaf_value=-0.0015516029992266619 0.0002458348350553357 0.0046602032125689259 0.048631045812959073 -0.029833305655880188 0.05373302864482498 -0.0094633451348619113 0.050926283712780809 -0.029576229370495144 0.0063336438813336926 -0.059312985188300076 0.016275707093336169 0.00057149944818376955 0.066719897040350126 -0.0043704166187076123
leaf_weight=5719 4388 107 55 61 50 338 54 64 77 50 178 108 88 63
leaf_count=5719 4388 107 55 61 50 338 54 64 77 50 178 108 88 63
internal_value=7.68854e-06 0.00158181 0.0150046 0.00631461 0.0205682 0.000898268 0.00159484 0.0102312 0.00665441 0.0108325 -0.00126111 0.0237937 0.038795 -0.0290557
internal_weight=11400 5681 273 218 157 5408 5070 682 628 564 291 273 165 113
internal_count=11400 5681 273 218 157 5408 5070 682 628 564 291 273 165 113
is_linear=0
shrinkage=0.05


Tree=93
num_leaves=15
num_cat=0
split_feature=61 20 5 37 36 57 25 40 62 37 37 45 61 2
split_gain=10.5278 17.5016 28.9532 16.0433 13.9361 13.8488 20.1008 19.4265 15.5178 22.8949 72.1597 24.468 42.1037 22.8917
threshold=41.500000000000007 1.7071428571428573 84.65000000000002 12.290000000000003 9.766666666666671 3.2500000000000004 0.0082140000000000043 0.21000000000000005 20270.000000000004 11.140000000000002 10.020000000000005 0.56666666666666665 44.500000000000007 1.3541666666666667
decision_type=2 8 8 10 10 2 10 10 2 10 10 8 2 10
left_child=1 3 -3 4 -1 6 8 -7 -2 10 11 -10 -13 -11
right_child=5 2 -4 -5 -6 7 -8 -9 9 13 -12 12 -14 -15
leaf_value=-0.00080394963211817452 -0.002355162775224141 -0.043452045154571538 -0.0051737037995322191 0.025254990007632816 -0.02622769423034213 -0.00099532502913960113 0.031804392086572889 -0.024178939961876051 0.0031476783493491617 -0.02058054062862337 0.066456975687194525 0.062196040263815415 0.0086647561283913679 0.0028776880862741343
leaf_weight=5695 1080 62 247 58 54 1282 60 97 685 110 55 51 134 1730
leaf_count=5695 1080 62 247 58 54 1282 60 97 685 110 55 51 134 1730
internal_value=7.77336e-06 -0.00140229 -0.0129927 -0.000780179 -0.00104936 0.00164457 0.00316853 -0.00265237 0.0027111 0.00469907 0.0111179 0.00755455 0.0236847 0.0014565
internal_weight=11400 6116 309 5807 5749 5284 3905 1379 3845 2765 925 870 185 1840
internal_count=11400 6116 309 5807 5749 5284 3905 1379 3845 2765 925 870 185 1840
is_linear=0
shrinkage=0.05


Tree=94
num_leaves=15
num_cat=0
split_feature=4 13 58 3 61 14 61 14 14 14 62 1 16 13
split_gain=10.2438 19.1173 35.0519 13.6139 31.988 55.9558 12.8153 13.2669 45.3701 34.8702 28.8379 24.5236 38.1799 66.1015
threshold=113.40000000000002 25.550000000000004 1128.7500000000002 114.00000000000001 45.500000000000007 20.211111111111112 59.000000000000007 18.31666666666667 17.788888888888895 18.633333333333336 876312.00000000012 3.9000000000000004 0.36666666666666675 15.550000000000002
decision_type=10 10 2 10 2 10 2 10 10 10 2 10 10 10
left_child=1 3 -3 6 -5 -6 7 8 11 -9 -10 12 -1 -14
right_child=-2 2 -4 4 5 -7 -8 9 10 -11 -12 -13 13 -15
leaf_value=-0.00033222458915601656 -0.01799007056601298 -0.0059125701258005191 0.048600334844725063 -0.017705417584593052 0.059891466634680139 -0.0097449708295967979 0.019216719778355013 -0.041320408704794115 0.010115883116331478 -0.0034050300064606487 0.057189405681652442 -0.015096571003788315 0.059785358694956658 -0.011244673913052261
leaf_weight=9719 78 60 56 53 64 51 83 67 88 623 53 275 70 60
leaf_count=9719 78 60 56 53 64 51 83 67 88 623 53 275 70 60
internal_value=7.3335e-06 0.000134319 0.0202851 -7.29382e-05 0.014029 0.0288843 -0.000290463 -0.00044141 7.43185e-06 -0.00715013 0.0281264 -0.00038309 2.59412e-05 0.0268932
internal_weight=11400 11322 116 11206 168 115 11038 10955 10265 690 141 10124 9849 130
internal_count=11400 11322 116 11206 168 115 11038 10955 10265 690 141 10124 9849 130
is_linear=0
shrinkage=0.05


Tree=95
num_leaves=15
num_cat=0
split_feature=5 47 38 5 53 16 50 47 46 40 2 38 48 62
split_gain=9.74499 35.1718 47.6588 36.7187 36.3129 31.8468 36.2569 32.7307 50.4489 29.7459 29.6758 51.691 53.2857 54.1213
threshold=89.800000000000011 2.8050000000000006 15.640000000000004 64.142857142857153 1.1833333333333336 1.0000000180025095e-35 1.0500000000000003 1.7225000000000004 1.7633333333333339 2.1300000000000003 2.4142857142857146 26.530000000000005 0.83333333333333337 238901.00000000003
decision_type=10 10 10 10 10 10 10 10 10 10 10 10 10 2
left_child=1 2 3 -1 -5 6 -4 -7 -9 10 11 12 -2 -14
right_child=9 -3 5 4 -6 7 -8 8 -10 -11 -12 -13 13 -15
leaf_value=-0.0003540003431332392 -0.0065462061337062298 0.037035378408277544 6.1240112846529731e-05 0.0015516757518053055 0.058218725690635569 -0.036595277619043382 -0.041666127695469887 0.045338566648262045 -0.0079912247150555112 -0.028085682998443474 0.0019778033995797206 -0.013893338163778038 0.013787759925637928 0.08163982724080554
leaf_weight=8746 52 61 74 62 53 65 166 55 219 72 1577 75 52 71
leaf_count=8746 52 61 74 62 53 65 166 55 219 72 1577 75 52 71
internal_value=6.81781e-06 -0.000644585 -0.000892665 1.30246e-05 0.0280232 -0.0147845 -0.0287229 -0.00481524 0.00268567 0.00327837 0.00453541 0.0205329 0.0354269 0.0533288
internal_weight=11400 9501 9440 8861 115 579 240 339 274 1899 1827 250 175 123
internal_count=11400 9501 9440 8861 115 579 240 339 274 1899 1827 250 175 123
is_linear=0
shrinkage=0.05


Tree=96
num_leaves=15
num_cat=0
split_feature=39 50 51 31 18 26 28 4 14 37 19 4 38 12
split_gain=9.512 34.8205 70.4625 47.335 35.2076 27.3199 18.8924 12.0555 12.8906 16.3647 48.5493 31.6071 27.2933 27.5997
threshold=1.0000000180025095e-35 1.2928571428571431 1.8333333333333337 0.99500000000000022 2.8333333333333335 0.0069200000000000008 0.0041580000000000011 113.40000000000002 25.750000000000004 27.845000000000002 3.3666666666666671 96.800000000000011 26.290000000000003 22.833333333333339
decision_type=10 10 10 10 10 10 10 10 10 10 10 10 10 10
left_child=5 4 3 -3 -2 6 7 8 9 10 -1 12 -11 -14
right_child=1 2 -4 -5 -6 -7 -8 -9 -10 11 -12 -13 13 -15
leaf_value=-0.00034689735425241439 0.017295944551425475 -0.020123414241303473 0.0665031203139229 0.031591931954483315 -0.034994892928971365 0.03169157009823878 -0.029293029748760493 -0.021854021624921886 0.023646802791451985 -0.031285993991941458 0.023530275445868363 0.017651436522248248 0.0020479529735843143 -0.03457565133914698
leaf_weight=10015 55 96 59 81 75 66 56 64 56 153 217 94 249 64
leaf_count=10015 55 96 59 81 75 66 56 64 56 153 217 94 249 64
internal_value=6.70604e-06 0.00793337 0.0194071 0.00342441 -0.0126988 -0.000254305 -0.000450254 -0.000298608 -0.000168132 -0.000295114 0.000158171 -0.00861464 -0.0139798 -0.00540404
internal_weight=11400 366 236 177 130 11034 10968 10912 10848 10792 10232 560 466 313
internal_count=11400 366 236 177 130 11034 10968 10912 10848 10792 10232 560 466 313
is_linear=0
shrinkage=0.05


Tree=97
num_leaves=15
num_cat=0
split_feature=45 36 36 45 45 51 31 13 12 0 12 25 13 13
split_gain=9.4923 24.8822 13.3181 29.3851 22.6574 20.8692 34.1532 20.0544 17.0596 93.6876 29.3851 19.8616 27.7373 16.3563
threshold=4.8166666666666673 42.433333333333344 35.233333333333341 3.3666666666666667 3.2500000000000004 1.8333333333333337 1.3050000000000004 25.900000000000002 23.416666666666668 5.8333333333333348 21.833333333333339 0.0025110000000000006 14.225000000000001 19.733333333333338
decision_type=10 10 10 10 10 10 10 10 10 10 10 10 10 10
left_child=1 2 3 4 7 6 -4 8 10 -10 11 13 -13 -1
right_child=-2 -3 5 -5 -6 -7 -8 -9 9 -11 -12 12 -14 -15
leaf_value=-0.0005351800293538554 -0.020080291763202758 0.02931111097978107 -0.0028189279893241779 0.027946904867335604 -0.027534559262203891 0.0044649148003922572 -0.05308085032151777 0.027930730696796448 0.071038345920229423 -0.013477898374142636 -0.02357234972414006 0.043533611336350447 0.00018766221595320473 0.012876034305651263
leaf_weight=10126 58 72 81 94 74 112 59 64 51 89 133 62 93 232
leaf_count=10126 58 72 81 94 74 112 59 64 51 89 133 62 93 232
internal_value=6.46173e-06 0.000112265 -7.335e-05 0.000184604 -5.32678e-05 -0.0114287 -0.0242922 0.000133118 -3.07914e-05 0.0172755 -0.000261526 3.21087e-05 0.017771 -0.000231773
internal_weight=11400 11342 11270 11018 10924 252 140 10850 10786 140 10646 10513 155 10358
internal_count=11400 11342 11270 11018 10924 252 140 10850 10786 140 10646 10513 155 10358
is_linear=0
shrinkage=0.05


Tree=98
num_leaves=15
num_cat=0
split_feature=31 31 29 26 37 36 14 4 3 13 38 20 31 53
split_gain=8.87441 60.1074 23.7627 27.5367 18.2413 21.3697 14.629 18.2128 15.6902 34.0067 14.0057 26.963 17.864 46.798
threshold=2.0277500000000006 1.9260000000000002 0.012002000000000001 0.0069200000000000008 33.20000000000001 26.233333333333338 25.750000000000004 113.40000000000002 114.00000000000001 20.550000000000004 35.010000000000005 4.354166666666667 1.4510000000000003 1.3666666666666669
decision_type=10 10 10 10 10 10 10 10 10 10 10 10 10 10
left_child=1 2 3 6 5 -2 7 8 10 -10 11 12 -1 -14
right_child=4 -3 -4 -5 -6 -7 -8 -9 9 -11 -12 -13 13 -15
leaf_value=5.7563985610563939e-05 -0.0042681470414660623 0.048717375426721859 -0.033309501409530644 0.036569960429830455 0.0060527013183520936 -0.045644686540571959 0.024646084749398112 -0.029592238602538908 0.044498006284721503 -0.004424641421346953 -0.023705026443211701 0.034607082226120675 -0.041924556292392112 -0.00086059162821916372
leaf_weight=10255 75 63 53 51 101 55 59 52 61 82 63 55 92 283
leaf_count=10255 75 63 53 51 101 55 59 52 61 82 63 55 92 283
internal_value=6.3057e-06 0.000209326 -6.57713e-05 9.28728e-05 -0.00968111 -0.022073 -7.55995e-05 -0.000212293 -6.83683e-05 0.0163526 -0.000289922 -0.000148422 -0.000332219 -0.0110439
internal_weight=11400 11169 11106 11053 231 130 11002 10943 10891 143 10748 10685 10630 375
internal_count=11400 11169 11106 11053 231 130 11002 10943 10891 143 10748 10685 10630 375
is_linear=0
shrinkage=0.05


Tree=99
num_leaves=15
num_cat=0
split_feature=45 36 45 37 32 45 36 18 59 1 12 58 1 32
split_gain=8.68295 22.2855 12.2709 21.8354 21.6686 18.5751 14.6474 24.3454 34.849 34.909 58.3828 54.2 44.5241 44.3057
threshold=4.8166666666666673 42.433333333333344 3.6500000000000004 36.500000000000007 1.2262950000000004 3.4833333333333338 30.966666666666672 3.1666666666666674 1302.5000000000002 4.291666666666667 23.416666666666668 1097.5000000000002 3.1000000000000005 0.5335000000000002
decision_type=10 10 10 10 10 10 10 10 2 10 10 2 10 8
left_child=1 2 3 5 -4 6 7 -1 9 11 -11 -9 13 -13
right_child=-2 -3 4 -5 -6 -7 -8 8 -10 10 -12 12 -14 -15
leaf_value=-0.00045694649627715925 -0.019205455464494026 0.027740426256225026 -0.026101997636164293 0.032955907294434483 0.0067595368282520902 0.025054413845547203 -0.013522381966161743 -0.00023867752654908815 -0.024715508484258887 -0.036645382353714832 0.031769292459848823 -0.015475793758241258 0.067898240023066658 0.046030057479974129
leaf_weight=10214 58 72 118 50 85 73 201 140 61 72 54 50 84 68
leaf_count=10214 58 72 118 50 85 73 201 140 61 72 54 50 84 68
internal_value=5.79616e-06 0.000107084 -6.84604e-05 0.000153021 -0.0122366 3.89413e-07 -0.000165582 8.26128e-05 0.0105383 0.0152082 -0.0071175 0.0235048 0.0400441 0.019802
internal_weight=11400 11342 11270 11067 203 11017 10944 10743 529 468 126 342 202 118
internal_count=11400 11342 11270 11067 203 11017 10944 10743 529 468 126 342 202 118
is_linear=0
shrinkage=0.05


Tree=100
num_leaves=15
num_cat=0
split_feature=31 31 51 29 30 20 4 25 32 32 37 32 32 32
split_gain=8.67327 53.5649 21.8682 21.5463 26.0512 41.3949 26.3763 21.5439 45.6422 21.4964 20.802 18.3671 24.0348 17.3849
threshold=2.0277500000000006 1.9260000000000002 2.5000000000000004 0.012002000000000001 2.0083333333333337 3.0500000000000003 113.40000000000002 0.0025110000000000006 1.1445000000000003 1.3622500000000002 34.780000000000008 1.620714285714286 1.8354999999999999 1.4975000000000003
decision_type=10 10 10 10 10 10 10 10 10 10 10 10 10 10
left_child=1 3 10 4 6 -6 7 11 -9 -10 -2 13 -13 -1
right_child=2 -3 -4 -5 5 -7 -8 8 9 -11 -12 12 -14 -15
leaf_value=-0.00018348840894547038 -0.012193767448487394 0.045998243299701556 -0.03024086583744396 -0.03170895401005433 -0.0043778234344767778 0.053930907089911079 -0.033638962092371577 0.051244921348695682 -0.025598008728143079 0.019404891946720421 0.026487720668862721 -0.0291311753457923 0.010511513537651784 0.021136562741684867
leaf_weight=10438 95 63 82 53 63 57 58 63 51 54 54 118 55 96
leaf_count=10438 95 63 82 53 63 57 58 63 51 54 54 118 55 96
internal_value=5.51037e-06 0.000206242 -0.00957147 -5.33266e-05 9.76303e-05 0.0232202 -0.000154926 2.28956e-05 0.0177645 -0.00223442 0.0016995 -0.000253964 -0.0163899 9.42945e-06
internal_weight=11400 11169 231 11106 11053 120 10933 10875 168 105 149 10707 173 10534
internal_count=11400 11169 231 11106 11053 120 10933 10875 168 105 149 10707 173 10534
is_linear=0
shrinkage=0.05


Tree=101
num_leaves=15
num_cat=0
split_feature=45 36 36 45 14 14 45 14 30 14 14 47 14 32
split_gain=8.20211 19.9807 11.8385 25.2393 20.5891 27.4492 19.5696 18.0824 46.1875 14.6255 64.6705 28.3069 26.1884 30.2528
threshold=4.8166666666666673 42.433333333333344 35.233333333333341 3.3666666666666667 14.112500000000002 19.422222222222224 3.2500000000000004 23.31666666666667 0.94166666666666676 18.31666666666667 17.788888888888895 2.1422222222222227 19.183333333333337 1.4535000000000002
decision_type=10 10 10 10 10 10 10 10 10 10 10 10 10 10
left_child=1 2 3 6 -4 -6 7 9 -9 10 -1 -12 -11 -14
right_child=-2 -3 4 -5 5 -7 -8 8 -10 12 11 -13 13 -15
leaf_value=-0.00010657251185768129 -0.018666535660497145 0.026269049736960183 -0.035962575175837286 0.025910018889538984 0.019586664054727889 -0.018691563587468703 -0.025580009535555073 -0.0074289230340056954 0.055227018805962175 -0.025443340891001684 0.06088335773883722 0.014446483779212703 0.0061273478452329297 -0.024915801947891426
leaf_weight=10014 58 72 61 94 80 111 74 67 51 154 58 80 323 103
leaf_count=10014 58 72 61 94 80 111 74 67 51 154 58 80 323 103
internal_value=5.15074e-06 0.000103656 -6.24456e-05 0.000180632 -0.0107686 -0.00251897 -3.96547e-05 0.000133404 0.019559 -7.87549e-05 0.000360241 0.0342933 -0.00779946 -0.00134018
internal_weight=11400 11342 11270 11018 252 191 10924 10850 118 10732 10152 138 580 426
internal_count=11400 11342 11270 11018 252 191 10924 10850 118 10732 10152 138 580 426
is_linear=0
shrinkage=0.05


Tree=102
num_leaves=15
num_cat=0
split_feature=62 59 17 38 45 29 15 39 59 47 37 12 47 31
split_gain=8.46707 10.8329 31.949 40.5807 27.0717 22.3749 22.3063 17.0562 33.8853 36.4382 46.4166 16.3611 34.557 15.5614
threshold=13421.500000000002 1067.5000000000002 0.29285714285714287 17.810000000000006 2.4666666666666681 0.010500000000000002 1.0000000180025095e-35 1.0000000180025095e-35 1207.5000000000002 2.9650000000000003 23.220000000000002 5.166666666666667 2.5828571428571432 0.87300000000000011
decision_type=2 2 8 10 10 10 10 10 2 10 10 10 10 8
left_child=-1 2 6 -4 -5 7 11 13 9 10 -9 -2 -13 -3
right_child=1 5 3 4 -6 -7 -8 8 -10 -11 -12 12 -14 -15
leaf_value=-0.0020341585969414866 0.00044953923824339847 0.0011656973806287417 0.054797696038115795 -0.017934801076417383 0.031146834462607673 -0.028673190679541206 -0.023385751548205845 -0.010113069889367145 0.03445244093867092 -0.036513805309834994 0.048333491233957783 0.03460503173022788 -0.012202353369105946 -0.0049365568813327411
leaf_weight=3514 631 5149 69 57 54 66 80 86 108 51 55 110 60 1310
leaf_count=3514 631 5149 69 57 54 66 80 86 108 51 55 110 60 1310
internal_value=4.78719e-06 0.000916582 0.00561624 0.0247905 0.00575113 0.000181963 0.00165847 0.000469526 0.0121143 -0.000377832 0.0125988 0.00420399 0.0179508 -6.83643e-05
internal_weight=11400 7886 1061 180 111 6825 881 6759 300 192 141 801 170 6459
internal_count=11400 7886 1061 180 111 6825 881 6759 300 192 141 801 170 6459
is_linear=0
shrinkage=0.05


Tree=103
num_leaves=15
num_cat=0
split_feature=41 40 40 26 50 1 39 29 62 48 38 62 17 59
split_gain=8.52685 44.6281 11.5987 37.8146 27.0959 27.2458 16.9119 27.2043 14.1612 72.5406 37.8622 15.5913 14.5165 64.8769
threshold=2.4000000000000004 2.0100000000000002 0.6100000000000001 0.0069200000000000008 1.0500000000000003 3.7750000000000004 1.0000000180025095e-35 0.0046422222222222229 1885003.0000000002 1.1666666666666667 23.545000000000005 1721853.5000000002 0.31666666666666671 1227.5000000000002
decision_type=10 10 10 10 10 10 10 10 2 10 10 2 10 2
left_child=1 2 3 6 -4 -6 7 8 11 -10 -11 12 -1 -14
right_child=-2 -3 4 -5 5 -7 -8 -9 9 10 -12 -13 13 -15
leaf_value=-0.00064833025520025212 -0.01696846315852639 0.035285497652418785 -0.039992985498806664 0.038855569291114805 0.020805272622965276 -0.018577236523992152 0.020798196807425687 -0.034339654101775245 -0.035167356833557879 0.063044596614876422 0.0058908708960465767 -0.025082784591931997 0.017829167416506819 -0.024053851898404078
leaf_weight=10041 73 89 60 62 78 99 95 58 51 61 57 63 393 120
leaf_count=10041 73 89 60 62 78 99 95 58 51 61 57 63 393 120
internal_value=4.48019e-06 0.000116818 -0.000161035 7.27176e-05 -0.0110939 -0.00107167 -0.000146576 -0.000333321 -0.000146556 0.0141879 0.0357888 -0.000377742 -0.00022672 0.0079694
internal_weight=11400 11327 11238 11001 237 177 10939 10844 10786 169 118 10617 10554 513
internal_count=11400 11327 11238 11001 237 177 10939 10844 10786 169 118 10617 10554 513
is_linear=0
shrinkage=0.05


Tree=104
num_leaves=15
num_cat=0
split_feature=47 38 38 47 47 59 31 14 58 20 13 38 2 13
split_gain=8.39427 17.7771 18.6638 34.9298 21.4706 37.7392 42.9136 45.5431 55.9865 42.1576 32.3218 30.7013 22.6062 19.6423
threshold=3.9650000000000003 36.070000000000007 34.090000000000011 3.2700000000000005 2.6535714285714289 1307.5000000000002 1.7645000000000002 21.354166666666668 1122.5000000000002 3.7071428571428577 22.550000000000004 28.830000000000002 4.4722222222222232 19.900000000000002
decision_type=10 10 10 10 10 2 10 10 2 10 10 10 10 10
left_child=1 2 3 4 10 6 7 9 -9 11 13 -6 -12 -1
right_child=-2 -3 -4 -5 5 -7 -8 8 -10 -11 12 -13 -14 -15
leaf_value=-0.00034517893711279532 0.01995321415142999 -0.026679573598504064 0.024355614541252707 -0.029603301193190729 -0.0012854088021903576 -0.027301032286955091 0.043579772747491474 -0.00090964475524759735 0.071130760017538749 -0.030492501012025237 -0.046226663941144941 0.042671830835086966 -0.0072364724427461634 0.014261501692354109
leaf_weight=10143 52 62 78 99 159 61 99 53 53 95 62 52 97 235
leaf_count=10143 52 62 78 99 159 61 99 53 53 95 62 52 97 235
internal_value=4.05371e-06 -8.60316e-05 5.90213e-05 -0.000108915 0.000153 0.00958466 0.0140591 0.00686071 0.0350407 -0.00286064 -0.000357054 0.00950472 -0.0226942 -1.13445e-05
internal_weight=11400 11348 11286 11208 11109 572 511 412 106 306 10537 211 159 10378
internal_count=11400 11348 11286 11208 11109 572 511 412 106 306 10537 211 159 10378
is_linear=0
shrinkage=0.05


Tree=105
num_leaves=15
num_cat=0
split_feature=47 38 38 47 47 14 48 52 13 57 32 30 45 47
split_gain=7.58361 16.057 16.8558 31.5401 19.3778 32.3392 49.872 42.2707 29.2145 29.8313 29.1052 32.9332 30.9667 20.7859
threshold=3.9650000000000003 36.070000000000007 34.090000000000011 3.2700000000000005 2.6535714285714289 21.535714285714288 1.5833333333333337 2.1000000000000005 22.550000000000004 2.7500000000000004 1.4595000000000002 1.1850000000000003 2.5833333333333339 2.8950000000000009
decision_type=10 10 10 10 10 10 10 10 10 2 10 10 10 10
left_child=1 2 3 4 8 7 -7 10 -1 -10 11 12 -6 -9
right_child=-2 -3 -4 -5 5 6 -8 13 9 -11 -12 -13 -14 -15
leaf_value=-1.0623273909315032e-05 0.018965054683919465 -0.02535626740753651 0.023145589602600998 -0.028130574183697677 0.023185341516953142 0.0017240864413797408 0.065838918297187146 0.051862977612241401 0.0028315742453225226 -0.040476435865404198 -0.025955346220457406 0.035067800012981799 -0.024085170886854627 0.0086547394514083862
leaf_weight=10378 52 62 78 99 52 66 57 53 69 90 119 63 100 62
leaf_count=10378 52 62 78 99 52 66 57 53 69 90 119 63 100 62
internal_value=3.51308e-06 -8.20033e-05 5.57438e-05 -0.000103741 0.00014503 0.00910531 0.0317845 0.00280846 -0.000339414 -0.0215757 -0.00613808 0.00474931 -0.00772675 0.0289229
internal_weight=11400 11348 11286 11208 11109 572 123 449 10537 159 334 215 152 115
internal_count=11400 11348 11286 11208 11109 572 123 449 10537 159 334 215 152 115
is_linear=0
shrinkage=0.05


Tree=106
num_leaves=15
num_cat=0
split_feature=31 31 51 46 29 26 30 20 4 32 0 32 13 37
split_gain=7.93498 47.1573 19.7598 21.284 18.8587 23.7208 25.2351 33.1148 23.1417 16.0284 24.756 18.0435 16.1281 30.6871
threshold=2.0277500000000006 1.9260000000000002 2.5000000000000004 3.5325000000000011 0.012002000000000001 0.0069200000000000008 2.0083333333333337 3.0500000000000003 113.40000000000002 1.620714285714286 2.4166666666666674 1.5448571428571432 25.550000000000004 31.273333333333337
decision_type=10 10 10 10 10 10 10 8 10 10 10 10 10 10
left_child=1 4 3 -2 5 6 8 -8 9 11 -11 12 13 -1
right_child=2 -3 -4 -5 -6 -7 7 -9 -10 10 -12 -13 -14 -15
leaf_value=0.00017849138945877103 -0.012099299449951221 0.043161771235268889 -0.028804428308750647 0.027358521159206117 -0.029663283356996341 0.033948941948344406 -0.0023709161345623741 0.050574325631677575 -0.031677765475633821 0.0069857148684902134 -0.0298276292539425 0.029075993583581157 0.022690243276376879 -0.019241055694509703
leaf_weight=10305 97 63 82 52 53 51 60 56 58 76 110 53 77 207
leaf_count=10305 97 63 82 52 53 51 60 56 58 76 110 53 77 207
internal_value=3.74808e-06 0.000195842 -0.00915648 0.00154944 -4.75683e-05 9.3515e-05 -6.2686e-05 0.0230816 -0.000312654 -0.000140884 -0.0146732 0.000111438 -3.254e-05 -0.000202433
internal_weight=11400 11169 231 149 11106 11053 11002 116 10886 10828 186 10642 10589 10512
internal_count=11400 11169 231 149 11106 11053 11002 116 10886 10828 186 10642 10589 10512
is_linear=0
shrinkage=0.05


Tree=107
num_leaves=15
num_cat=0
split_feature=41 40 40 25 50 29 59 27 59 48 29 28 54 62
split_gain=7.99704 41.1102 10.236 29.4562 24.1718 18.1203 17.4627 12.4232 27.1725 43.7353 14.1963 16.7166 32.9136 13.2655
threshold=2.4000000000000004 2.0100000000000002 0.6100000000000001 0.0056200000000000009 1.0500000000000003 0.004085000000000001 1198.7500000000002 0.00026833333333333337 1112.5000000000002 1.1666666666666667 0.0014975000000000001 1.0000000180025095e-35 1.0000000180025095e-35 1885003.0000000002
decision_type=10 10 10 10 10 10 2 10 2 10 10 10 10 2
left_child=1 2 3 5 -4 7 -6 10 -9 -10 11 13 -13 -1
right_child=-2 -3 4 -5 6 -7 -8 8 9 -11 -12 12 -14 -15
leaf_value=-0.00040268233250112116 -0.016433437705850925 0.033866689799095934 -0.037719856771017031 0.029831422264828829 -0.012460720478337212 -0.025983048344927807 0.020453489911023196 -0.013012373913688209 0.05533631335738607 0.001670950865134215 0.019918177823799885 0.01331884681920309 -0.037819553104920627 0.015009528347175873
leaf_weight=10258 73 89 60 82 116 67 61 76 63 97 86 50 81 141
leaf_count=10258 73 89 60 82 116 67 61 76 63 97 86 50 81 141
internal_value=3.69292e-06 0.000112554 -0.000154034 6.54207e-05 -0.0104246 -0.000157184 -0.000950897 1.15081e-06 0.0113375 0.023064 -0.000249031 -0.000417051 -0.0181345 -0.000190593
internal_weight=11400 11327 11238 11001 237 10919 177 10852 236 160 10616 10530 131 10399
internal_count=11400 11327 11238 11001 237 10919 177 10852 236 160 10616 10530 131 10399
is_linear=0
shrinkage=0.05


Tree=108
num_leaves=15
num_cat=0
split_feature=60 13 37 38 39 10 12 37 36 49 11 32 31 59
split_gain=7.48708 32.3364 47.4413 43.9003 11.9443 16.0396 12.8208 12.8478 26.6704 19.0525 14.6582 13.7817 32.666 30.0486
threshold=1.5000000000000002 18.775000000000002 12.490000000000002 2.0955555555555558 3.3500000000000005 1.0000000180025095e-35 29.166666666666668 36.500000000000007 39.500000000000007 1.5500000000000003 1.0000000180025095e-35 1.9025000000000005 1.9190000000000003 1098.7500000000002
decision_type=2 10 10 10 10 10 10 10 10 10 10 10 10 2
left_child=4 2 3 -2 5 6 7 8 10 -9 11 12 -1 -13
right_child=1 -3 -4 -5 -6 -7 -8 9 -10 -11 -12 13 -14 -15
leaf_value=-0.00030053031445355404 0.00081097362690592473 0.037285126308441587 -0.041221610080992059 0.0487110504931813 0.021322090728721751 -0.023863995871667206 -0.022841944622993469 0.029712265235711039 -0.032389365353210027 -0.0061184248513006792 0.024607364125862844 -0.046746718883514407 0.032077879657980743 0
leaf_weight=10112 401 70 58 54 63 72 62 86 64 63 59 50 78 108
leaf_count=10112 401 70 58 54 63 72 62 86 64 63 59 50 78 108
internal_value=3.60816e-06 0.0055227 0.00110788 0.00659793 -0.000291783 -0.000421713 -0.000260255 -0.000124999 -0.000335114 0.0144254 -0.000134041 -0.000278704 -4.86727e-05 -0.0149096
internal_weight=11400 583 513 455 10817 10754 10682 10620 10471 149 10407 10348 10190 158
internal_count=11400 583 513 455 10817 10754 10682 10620 10471 149 10407 10348 10190 158
is_linear=0
shrinkage=0.05


Tree=109
num_leaves=15
num_cat=0
split_feature=45 45 45 32 37 45 45 4 1 30 48 12 38 12
split_gain=7.81497 16.6182 13.1719 22.865 19.0882 16.2967 12.7522 22.8177 29.4943 26.5347 21.1088 18.8851 50.4548 31.7581
threshold=4.8166666666666673 4.2500000000000009 3.6500000000000004 1.2262950000000004 36.500000000000007 3.4833333333333338 2.9416666666666673 104.50000000000001 3.1000000000000005 1.4516666666666669 1.5833333333333337 23.166666666666668 22.445000000000004 21.833333333333339
decision_type=10 10 10 10 10 10 10 10 10 10 10 10 10 10
left_child=1 2 4 -4 5 6 11 8 -8 10 -10 13 -13 -1
right_child=-2 -3 3 -5 -6 -7 7 -9 9 -11 -12 12 -14 -15
leaf_value=0.00016627227182309018 -0.018222329943862737 0.022191150667498539 -0.028224168509923028 0.006407439623942632 0.030828996817811885 0.023483008212175499 -0.02141296001698836 -0.037409524250129042 0.0036910431217828778 -0.01821476487129663 0.046591370824341463 -0.010753936144438658 0.044062388507572159 -0.029745895215752407
leaf_weight=10322 58 84 108 83 50 73 133 60 65 56 53 82 84 89
leaf_count=10322 58 84 108 83 50 73 133 60 65 56 53 82 84 89
internal_value=3.35348e-06 9.95581e-05 -6.40329e-05 -0.0130668 0.000158698 1.58405e-05 -0.000139475 -0.00929698 -0.00366947 0.00977231 0.0232861 0.000176333 0.0168833 -8.84514e-05
internal_weight=11400 11342 11258 191 11067 11017 10944 367 307 174 118 10577 166 10411
internal_count=11400 11342 11258 191 11067 11017 10944 367 307 174 118 10577 166 10411
is_linear=0
shrinkage=0.05


Tree=110
num_leaves=15
num_cat=0
split_feature=31 31 27 25 30 14 19 19 45 36 51 46 51 0
split_gain=7.65841 41.3856 18.5166 18.7872 22.4149 31.3276 20.4329 34.0664 23.8911 18.577 17.5311 18.2487 13.0059 54.64
threshold=2.0277500000000006 1.9260000000000002 0.010635000000000004 0.0050100000000000014 2.0083333333333337 15.414285714285716 4.1000000000000005 4.4500000000000011 3.8500000000000001 34.633333333333347 2.5000000000000004 3.5325000000000011 2.5000000000000004 1.4166666666666667
decision_type=10 10 10 10 10 10 10 10 10 10 10 10 10 10
left_child=1 2 3 4 6 -6 8 -8 12 -9 11 -2 -1 -14
right_child=10 -3 -4 -5 5 -7 7 9 -10 -11 -12 -13 13 -15
leaf_value=-0.0007837486139385954 -0.011548191782755729 0.040442691373778143 -0.029381976764057283 0.0235906924986275 -0.0069659684649080907 0.045045060808806464 -0.037523780713478727 0.022179687239167072 0.034331072994166677 -0.013554024620649011 -0.027499542589525156 0.024992465192363377 0.0020272850839848692 0.046802401904434222
leaf_weight=9317 97 63 53 84 51 64 97 59 50 93 82 52 1166 72
leaf_count=9317 97 63 53 84 51 64 97 59 50 93 82 52 1166 72
internal_value=3.21532e-06 0.00019197 -3.59157e-05 0.000103862 -7.4787e-05 0.0218325 -0.000310197 -0.0144536 2.01918e-05 0.000179607 -0.00899592 0.00107796 -0.000141592 0.00466936
internal_weight=11400 11169 11106 11053 10969 115 10854 249 10605 152 231 149 10555 1238
internal_count=11400 11169 11106 11053 10969 115 10854 249 10605 152 231 149 10555 1238
is_linear=0
shrinkage=0.05


Tree=111
num_leaves=15
num_cat=0
split_feature=41 40 40 26 12 2 39 28 13 13 53 47 49 58
split_gain=7.61718 35.2833 8.75712 32.0273 22.6732 31.1018 14.5954 19.2957 9.86964 43.8858 27.8869 42.2489 34.0918 28.8116
threshold=2.4000000000000004 2.0100000000000002 0.6100000000000001 0.0069200000000000008 19.583333333333339 3.4222222222222229 1.0000000180025095e-35 0.0041580000000000011 21.100000000000005 20.366666666666671 2.0500000000000003 2.6535714285714289 1.7333333333333336 1138.7500000000002
decision_type=10 10 10 10 10 10 10 10 10 10 10 10 10 2
left_child=1 2 3 6 5 -4 7 8 9 -1 11 -10 13 -13
right_child=-2 -3 4 -5 -6 -7 -8 -9 10 -11 -12 12 -14 -15
leaf_value=-0.00016602173577806781 -0.016038647536061653 0.031380297763887066 -0.015826478697120505 0.035757659214735033 -0.03006667587260118 0.030628307814447159 0.019321220095088971 -0.030844838128795904 -0.018529991666438587 0.033200021781701242 -0.038421494126319886 0.0074825117242670507 -0.0081375468335005158 0.060954040270483151
leaf_weight=10241 73 89 93 62 86 58 95 51 199 99 62 53 89 50
leaf_count=10241 73 89 93 62 86 58 95 51 199 99 62 53 89 50
internal_value=3.30044e-06 0.000109598 -0.000137213 6.56018e-05 -0.009637 0.00189426 -0.000136033 -0.000309679 -0.000161653 0.000152613 -0.00738235 -0.0023539 0.0142867 0.0338502
internal_weight=11400 11327 11238 11001 237 151 10939 10844 10793 10340 453 391 192 103
internal_count=11400 11327 11238 11001 237 151 10939 10844 10793 10340 453 391 192 103
is_linear=0
shrinkage=0.05


Tree=112
num_leaves=15
num_cat=0
split_feature=40 41 41 41 41 37 46 1 1 14 32 53 31 30
split_gain=7.90091 23.8186 22.5159 17.0949 37.6278 11.4684 23.0099 12.0339 38.8041 21.9813 15.8224 31.0866 28.0078 24.941
threshold=2.1300000000000003 1.9285714285714288 2.0250000000000004 1.1861111111111113 1.0050000000000001 40.260000000000012 3.6700000000000004 5.9000000000000012 5.366666666666668 23.050000000000004 1.9025000000000005 2.2111111111111117 1.9190000000000003 2.0252666666666674
decision_type=10 10 10 10 10 10 10 10 10 10 10 10 10 10
left_child=1 3 -2 4 5 6 7 8 10 -9 12 -12 13 -1
right_child=2 -3 -4 -5 -6 -7 -8 9 -10 -11 11 -13 -14 -15
leaf_value=-0.00029192920351229487 0.010457469381898352 0.027407112861134161 -0.03464222227533658 -0.023929098581007665 0.034820673617143784 -0.018826731312920453 0.027691916903893422 0.040214757331945364 -0.031929233851673691 -0.0033243347912333739 -0.033671273265755614 0.012171936053939228 0.029351491343938503 0.02730790731581775
leaf_weight=10378 51 79 58 74 77 81 74 51 96 64 95 59 81 82
leaf_count=10378 51 79 58 74 77 81 74 51 96 64 95 59 81 82
internal_value=3.04928e-06 0.00013486 -0.0133608 -5.62847e-05 0.000101147 -0.000139852 0 -0.000190313 -0.000364387 0.0158584 -7.72395e-05 -0.0159636 0.000153229 -7.18785e-05
internal_weight=11400 11291 109 11212 11138 11061 10980 10906 10791 115 10695 154 10541 10460
internal_count=11400 11291 109 11212 11138 11061 10980 10906 10791 115 10695 154 10541 10460
is_linear=0
shrinkage=0.05


Tree=113
num_leaves=15
num_cat=0
split_feature=45 36 36 45 14 14 45 20 47 12 30 49 41 47
split_gain=6.89353 15.5658 11.7943 21.8696 18.3722 42.6513 17.1765 15.6352 37.6542 36.5715 38.0472 28.3156 28.7518 27.3276
threshold=4.8166666666666673 42.433333333333344 35.233333333333341 3.3666666666666667 16.535714285714288 19.422222222222224 3.2500000000000004 3.0500000000000003 2.3775000000000004 23.416666666666668 1.9677833333333334 1.2916666666666667 1.0000000180025095e-35 2.2950000000000004
decision_type=10 10 10 10 10 10 10 10 10 10 10 10 10 10
left_child=1 2 3 6 -4 -6 7 8 13 10 11 -9 -13 -1
right_child=-2 -3 4 -5 5 -7 -8 9 -10 -11 -12 12 -14 -15
leaf_value=-0.00015374121534588792 -0.017114352321841272 0.023188041213514476 -0.029106532628411209 0.024139888044545262 0.035870287706640282 -0.018428243592490064 -0.023943369308074051 0.010196135785082452 -0.021034266603483957 0.039743177131299053 0.037438197269521911 -0.021120601948029522 0.01529255944362783 0.02807233207993683
leaf_weight=9829 58 72 88 94 53 111 74 283 215 77 72 217 71 86
leaf_count=9829 58 72 88 94 53 111 74 283 215 77 72 217 71 86
internal_value=3.03451e-06 9.3523e-05 -5.28236e-05 0.000189796 -0.0107391 -0.00067288 -1.50992e-05 0.00014689 -0.000356925 0.00726531 0.00330934 -0.000979367 -0.0120461 8.9966e-05
internal_weight=11400 11342 11270 11018 252 164 10924 10850 10130 720 643 571 288 9915
internal_count=11400 11342 11270 11018 252 164 10924 10850 10130 720 643 571 288 9915
is_linear=0
shrinkage=0.05


Tree=114
num_leaves=15
num_cat=0
split_feature=31 31 27 25 30 20 19 46 61 1 45 30 62 51
split_gain=7.39471 36.3075 17.039 16.5911 17.6967 34.6783 18.7132 32.8954 24.53 21.0998 21.084 15.7991 12.5824 59.646
threshold=2.0277500000000006 1.9260000000000002 0.010635000000000004 0.0050100000000000014 2.0083333333333337 3.0500000000000003 4.1000000000000005 3.5800000000000005 46.500000000000007 4.1000000000000005 3.8500000000000001 2.6616666666666671 2054474.5000000002 1.4166666666666667
decision_type=10 10 10 10 10 10 10 10 2 10 10 10 2 8
left_child=1 2 3 4 6 -6 10 8 -8 -9 12 -2 -1 -14
right_child=11 -3 -4 -5 5 -7 7 9 -10 -11 -12 -13 13 -15
leaf_value=-0.00029839052313841642 -0.016638394504881929 0.037889007613884189 -0.028175750639829262 0.022180575502694713 -0.0065268033726741219 0.04795242482208991 -0.050725876749988567 0.028824584296084255 -0.0083663809357594088 -0.014844250507854127 0.032280080647456764 0.012926995689588145 0.04377595265365504 -0.02489474626066529
leaf_weight=10426 171 63 53 84 60 55 70 54 70 55 50 60 76 53
leaf_count=10426 171 63 53 84 60 55 70 54 70 55 50 60 76 53
internal_value=3.06487e-06 0.00018858 -2.47251e-05 0.000109268 -5.84772e-05 0.0194068 -0.000267903 -0.0138033 -0.0298292 0.00659437 4.81794e-05 -0.00883975 -0.000103659 0.0153822
internal_weight=11400 11169 11106 11053 10969 115 10854 249 140 109 10605 231 10555 129
internal_count=11400 11169 11106 11053 10969 115 10854 249 140 109 10605 231 10555 129
is_linear=0
shrinkage=0.05


Tree=115
num_leaves=15
num_cat=0
split_feature=40 41 41 41 41 40 14 25 28 62 48 38 17 59
split_gain=7.28389 20.9356 20.378 15.7959 33.406 11.1715 37.3764 30.6602 18.3612 14.9277 55.2717 26.4075 13.9834 48.7088
threshold=2.1300000000000003 1.9285714285714288 2.0250000000000004 1.1861111111111113 1.0050000000000001 0.11000000000000001 14.316666666666668 0.0056200000000000009 0.0036666666666666675 1885003.0000000002 1.1666666666666667 23.545000000000005 0.31666666666666671 1227.5000000000002
decision_type=10 10 10 10 10 10 10 10 10 2 10 10 10 2
left_child=1 3 -2 4 5 7 -7 8 9 12 -11 -12 -1 -14
right_child=2 -3 -4 -5 -6 6 -8 -9 -10 10 11 -13 13 -15
leaf_value=-0.00063884684701641067 0.0098121891485400577 0.025698042349339284 -0.033077746480066554 -0.022997574043153918 0.03281553398457266 0.020610999102371005 -0.029832243463403768 0.033172905537561123 -0.026535371878674927 -0.027529594142024761 0.054198471695460659 0.0063840358230833703 0.015927717651857999 -0.020301090605619312
leaf_weight=10062 51 79 58 74 77 54 110 69 65 53 67 53 409 119
leaf_count=10062 51 79 58 74 77 54 110 69 65 53 67 53 409 119
internal_value=2.85762e-06 0.000129504 -0.0128285 -4.95604e-05 0.000101685 -0.000125262 -0.0130587 6.76837e-05 -0.000142488 1.58065e-05 0.0145655 0.033402 -0.000220195 0.00770373
internal_weight=11400 11291 109 11212 11138 11061 164 10897 10828 10763 173 120 10590 528
internal_count=11400 11291 109 11212 11138 11061 164 10897 10828 10763 173 120 10590 528
is_linear=0
shrinkage=0.05


Tree=116
num_leaves=15
num_cat=0
split_feature=0 12 18 45 18 18 36 36 47 1 47 30 19 58
split_gain=7.50837 28.944 24.0036 12.8454 22.0832 13.634 58.0577 43.7946 44.8425 34.0243 33.2384 35.9358 32.9783 29.5825
threshold=6.166666666666667 24.833333333333339 3.8333333333333335 4.616666666666668 5.416666666666667 3.1666666666666674 26.066666666666674 26.683333333333337 2.6316666666666673 5.1000000000000005 2.9775000000000005 2.0816166666666671 4.5500000000000007 1097.5000000000002
decision_type=10 10 10 10 10 10 10 10 10 10 10 10 10 2
left_child=3 -2 -3 4 5 6 -1 8 13 10 11 -9 -12 -7
right_child=1 2 -4 -5 -6 7 -8 9 -10 -11 12 -13 -14 -15
leaf_value=7.5596468438424321e-05 -0.040778189002100479 0.020207907072097592 -0.016548629987606391 0.023360812712554673 -0.030572641751545872 -0.017036552173373975 -0.038890573176811091 0.018531476059658547 0.063705022338291881 -0.032206795315517962 -0.027487432488222732 -0.024065345195324526 0.012956827105549368 0.027864980248779786
leaf_weight=10058 54 84 93 59 58 56 96 341 57 73 132 57 80 102
leaf_count=10058 54 84 93 59 58 56 96 341 57 73 132 57 80 102
internal_value=2.79739e-06 -0.00890773 0.000762092 0.000189716 6.33692e-05 0.000227782 -0.00029224 0.00613257 0.0257848 -3.1482e-05 0.00380128 0.0123457 -0.0121132 0.0117892
internal_weight=11400 231 177 11169 11110 11052 10154 898 215 683 610 398 212 158
internal_count=11400 231 177 11169 11110 11052 10154 898 215 683 610 398 212 158
is_linear=0
shrinkage=0.05


Tree=117
num_leaves=15
num_cat=0
split_feature=45 36 0 13 51 50 1 18 50 31 31 51 30 0
split_gain=6.93271 14.0217 11.199 33.527 30.8971 32.6177 29.836 20.4676 19.6126 16.7563 25.29 22.5807 83.9355 35.447
threshold=4.8166666666666673 42.433333333333344 5.166666666666667 24.100000000000005 0.58333333333333337 1.4722222222222225 4.7750000000000012 3.4166666666666674 2.0500000000000003 2.0830000000000006 1.9260000000000002 2.5000000000000004 1.7956333333333336 1.1666666666666667
decision_type=10 10 10 10 10 10 10 10 10 10 10 10 10 10
left_child=1 2 3 9 5 -4 -6 -8 -7 10 11 -1 13 -13
right_child=-2 -3 4 -5 6 8 7 -9 -10 -11 -12 12 -14 -15
leaf_value=-0.0007952371714880788 -0.017163682104940091 0.022012205913919829 -0.02235899800869906 0.036781723132729531 0.0033201024600833504 0.04599837584270014 -0.049436500532008848 -0.01419574299145266 0.0026897857409147992 -0.017549137339826101 0.029111239877344416 0.00085188456618928146 0.06759705365957501 0.02985097042368845
leaf_weight=9273 58 72 53 62 99 55 80 91 52 133 75 1128 53 116
leaf_count=9273 58 72 53 62 99 55 80 91 52 133 75 1128 53 116
internal_value=2.30471e-06 9.30439e-05 -4.57419e-05 0.000266108 -0.00795652 0.00933282 -0.0182928 -0.0309245 0.0252942 5.20378e-05 0.000275111 6.67708e-05 0.00624696 0.00358697
internal_weight=11400 11342 11270 10840 430 160 270 171 107 10778 10645 10570 1297 1244
internal_count=11400 11342 11270 10840 430 160 270 171 107 10778 10645 10570 1297 1244
is_linear=0
shrinkage=0.05


Tree=118
num_leaves=15
num_cat=0
split_feature=47 46 37 18 45 38 47 59 13 13 53 47 37 59
split_gain=6.72402 15.0081 10.5426 9.92969 22.6692 13.4426 20.715 29.9513 47.3897 29.4554 38.6899 26.662 27.5577 47.107
threshold=3.9650000000000003 4.0100000000000016 36.500000000000007 5.166666666666667 3.8500000000000001 31.170000000000005 2.7050000000000005 1063.7500000000002 14.708333333333334 20.733333333333338 1.788888888888889 2.4316666666666671 25.540000000000003 1177.5000000000002
decision_type=10 10 10 10 10 10 10 2 10 10 10 10 10 2
left_child=1 2 3 4 5 6 11 -8 -9 10 -10 -1 -13 -14
right_child=-2 -3 -4 -5 -6 -7 7 8 9 -11 -12 12 13 -15
leaf_value=0.00022335275784731768 0.017857403073105075 -0.021865427358799681 0.018694037245586517 -0.015939727950936709 0.031677261316341111 -0.014394538384426498 -0.023430313125695334 0.056875444903969764 -0.02781557502720311 0.028025798312419855 0.026501317609633718 -0.00031342459063542856 -0.048487706753576915 0.0032325045531932392
leaf_weight=10149 52 78 75 97 56 161 50 62 86 103 52 199 107 73
leaf_count=10149 52 78 75 97 56 161 50 62 86 103 52 199 107 73
internal_value=2.66471e-06 -7.77314e-05 7.18071e-05 -5.15474e-05 8.57796e-05 -7.36011e-05 0.000136652 0.0120436 0.0180088 0.00780928 -0.00714605 -0.000260764 -0.0132737 -0.0274229
internal_weight=11400 11348 11270 11195 11098 11042 10881 353 303 241 138 10528 379 180
internal_count=11400 11348 11270 11195 11098 11042 10881 353 303 241 138 10528 379 180
is_linear=0
shrinkage=0.05


Tree=119
num_leaves=15
num_cat=0
split_feature=0 12 18 12 12 24 61 2 20 37 36 53 18 52
split_gain=6.40799 25.7188 21.8237 11.716 27.192 49.2231 28.9439 39.0385 26.0657 26.8084 54.6696 55.9979 48.179 60.1056
threshold=6.166666666666667 24.833333333333339 3.8333333333333335 15.41666666666667 13.500000000000002 2.666666666666667e-05 47.500000000000007 2.9500000000000006 1.3166666666666669 20.445000000000004 25.966666666666672 1.9500000000000002 2.8333333333333335 1.3666666666666669
decision_type=10 10 10 10 10 10 2 10 10 10 10 10 10 10
left_child=3 -2 -3 4 -1 6 7 -6 -5 -10 11 12 -11 -14
right_child=1 2 -4 8 5 -7 -8 -9 9 10 -12 -13 13 -15
leaf_value=4.5902081207862946e-05 -0.038273823405658713 0.01942475026682813 -0.015620042107760268 0.031848097439466809 0.0012859676225167333 -0.05947357372751514 0.010335714264598849 -0.04997458090179397 -0.0090230630732741172 -0.0024525155467623053 -0.001172770111148112 0.069387931195465297 0.075294883924981834 0.0013427170181493147
leaf_weight=9365 54 84 93 81 82 51 136 66 359 170 693 55 57 54
leaf_count=9365 54 84 93 81 82 51 136 66 359 170 693 55 57 54
internal_value=2.59915e-06 -0.00822897 0.000878408 0.000175445 -0.000452491 -0.014439 -0.00617361 -0.0214964 0.00433755 0.00270321 0.00682098 0.0233596 0.0141545 0.0397097
internal_weight=11400 231 177 11169 9700 335 284 148 1469 1388 1029 336 281 111
internal_count=11400 231 177 11169 9700 335 284 148 1469 1388 1029 336 281 111
is_linear=0
shrinkage=0.05


Tree=120
num_leaves=15
num_cat=0
split_feature=60 62 38 62 39 40 17 51 46 50 45 20 20 38
split_gain=6.50447 33.5229 30.4003 34.5218 10.2921 15.0749 8.92936 50.6446 11.5376 53.6777 19.0081 11.0321 18.0919 39.3034
threshold=1.5000000000000002 1092781.5000000002 20.880000000000003 101083.00000000001 3.3500000000000005 2.1300000000000003 0.5277777777777779 0.58333333333333337 3.6400000000000006 1.3666666666666669 4.0833333333333348 4.4722222222222232 3.7071428571428577 28.717142857142861
decision_type=2 2 10 2 10 10 10 10 10 10 10 10 10 10
left_child=4 2 3 -2 5 6 8 -8 10 -10 11 12 13 -1
right_child=1 -3 -4 -5 -6 -7 7 -9 9 -11 -12 -13 -14 -15
leaf_value=-0.00022811112951853156 -0.00087277791715046217 0.042125703011815618 -0.031476010948419571 0.033760788039130678 0.019790213376166314 -0.026389126106257644 0.021065749538930381 -0.037901362472560984 0.042675550222130765 -0.012906625572054145 -0.029484211106423859 0.02046896699209546 -0.014215023084287787 0.035983419885383984
leaf_weight=9958 378 55 62 88 63 55 63 84 80 93 55 64 227 75
leaf_count=9958 378 55 62 88 63 55 63 84 80 93 55 64 227 75
internal_value=2.54146e-06 0.00514689 0.00121141 0.00564305 -0.000272636 -0.000393409 -0.00025621 -0.0124745 -8.30445e-05 0.0127009 -0.000299142 -0.000139819 -0.000271801 4.18701e-05
internal_weight=11400 583 528 466 10817 10754 10699 147 10552 173 10379 10324 10260 10033
internal_count=11400 583 528 466 10817 10754 10699 147 10552 173 10379 10324 10260 10033
is_linear=0
shrinkage=0.05


Tree=121
num_leaves=15
num_cat=0
split_feature=56 13 32 0 52 28 32 37 12 37 45 20 58 25
split_gain=6.38483 26.8005 44.5975 39.2452 34.9292 20.6687 17.6051 28.9337 34.8512 22.3741 72.3405 24.8695 17.729 17.4573
threshold=0.10555555555555557 18.633333333333336 1.6747850000000002 3.1666666666666674 1.7750000000000001 0.011000000000000001 1.8354999999999999 26.326666666666672 15.583333333333334 17.900000000000002 1.6833333333333333 2.5634920634920637 1138.7500000000002 0.0050100000000000014
decision_type=10 10 10 10 10 10 10 10 10 10 10 10 2 10
left_child=1 3 -3 6 -5 13 7 8 9 10 -1 -11 -8 -2
right_child=5 2 -4 4 -6 -7 12 -9 -10 11 -12 -13 -14 -15
leaf_value=0.0012043756643430072 -0.00076586732767494798 0.052418080144734293 -0.0050383494496415542 0.0025813145046629533 -0.053007901737838981 -0.030121631999284876 0.0023888508196581496 -0.026258438182743017 0.039082906091213232 -0.038246688084537482 0.060505703777252208 0.0018680016762055692 0.042671675000871934 0.023072823509573938
leaf_weight=2602 7947 67 66 50 62 59 60 92 62 73 52 79 52 77
leaf_count=2602 7947 67 66 50 62 59 60 92 62 73 52 79 52 77
internal_value=2.33192e-06 0.00185152 0.0238065 0.000922983 -0.0280679 -0.000753488 0.00199247 0.00124543 0.00214084 0.00130886 0.00238687 -0.0172959 0.0214203 -0.000532567
internal_weight=11400 3317 133 3184 112 8083 3072 2960 2868 2806 2654 152 112 8024
internal_count=11400 3317 133 3184 112 8083 3072 2960 2868 2806 2654 152 112 8024
is_linear=0
shrinkage=0.05


Tree=122
num_leaves=15
num_cat=0
split_feature=61 61 62 0 62 58 12 14 48 58 1 1 46 36
split_gain=6.25036 18.0005 11.419 9.22144 14.5412 18.6109 12.9565 25.8873 64.7302 36.5749 47.4658 42.0354 35.0718 44.5002
threshold=59.000000000000007 55.500000000000007 876312.00000000012 6.166666666666667 1425485.5000000002 1167.5000000000002 15.41666666666667 16.225000000000005 2.1666666666666674 1088.7500000000002 3.1000000000000005 3.9000000000000004 2.1100000000000008 20.766666666666673
decision_type=2 2 2 10 2 2 10 10 10 2 10 10 10 10
left_child=1 3 -2 6 5 -5 -1 8 9 -8 -11 -12 -9 -14
right_child=2 -3 -4 4 -6 -7 7 12 -10 10 11 -13 13 -15
leaf_value=-0.00041550097575361464 0.027824761221806212 -0.028013666684374862 -0.0045590130033568276 -0.029426390273692128 0.012525075128826413 0.0069739707773274727 -0.025225603435463553 -0.016156571866081448 0.055444079031882115 -0.0075545961905388818 0.071660183507551267 0.0084115146988986336 0.039146216036909723 0.0014266866504468701
leaf_weight=9642 55 57 51 109 51 50 74 238 81 110 51 56 88 687
leaf_count=9642 55 57 51 109 51 50 74 238 81 110 51 56 88 687
internal_value=2.59332e-06 -0.000108895 0.0120609 3.16677e-05 -0.0103324 -0.017837 0.000231769 0.00475445 0.0160278 0.0048942 0.0153148 0.0389837 0.00058406 0.00576439
internal_weight=11400 11294 106 11237 210 159 11027 1385 372 291 217 107 1013 775
internal_count=11400 11294 106 11237 210 159 11027 1385 372 291 217 107 1013 775
is_linear=0
shrinkage=0.05


Tree=123
num_leaves=15
num_cat=0
split_feature=40 41 41 41 41 26 28 31 62 48 56 62 12 49
split_gain=6.15632 18.6975 18.1671 13.9068 29.1061 9.9633 11.7333 44.9144 8.8642 47.5109 24.8707 17.2335 37.0007 11.2761
threshold=2.1300000000000003 1.9285714285714288 2.0050000000000003 1.1861111111111113 1.0050000000000001 0.0069200000000000008 0.0036666666666666675 1.4448100000000001 1885003.0000000002 1.1666666666666667 0.29285714285714287 1628218.0000000002 15.16666666666667 0.70833333333333337
decision_type=10 10 8 10 10 10 10 10 2 10 10 2 8 10
left_child=1 3 -2 4 5 6 8 -8 11 -10 -11 13 -13 -1
right_child=2 -3 -4 -5 -6 -7 7 -9 9 10 -12 12 -14 -15
leaf_value=0.0047868475228445761 0.0095642766038190972 0.024282620966715632 -0.030922290665280617 -0.021581940350416523 0.030628050058599445 0.021201045517254314 0.010976938359943548 -0.051036348020278136 -0.02808002024754748 0.0041042184954836174 0.047623684259948978 0.01475424949640354 -0.039167244433842466 -0.00057753975504067903
leaf_weight=1092 51 79 58 74 77 54 66 51 55 65 69 51 81 9477
leaf_count=1092 51 79 58 74 77 54 66 51 55 65 69 51 81 9477
internal_value=2.70935e-06 0.000119318 -0.0117936 -4.97825e-05 9.19933e-05 -0.000119695 -0.000227523 -0.0159439 -5.56501e-05 0.0106609 0.0267931 -0.000247749 -0.0181682 -2.07202e-05
internal_weight=11400 11291 109 11212 11138 11061 11007 117 10890 189 134 10701 132 10569
internal_count=11400 11291 109 11212 11138 11061 11007 117 10890 189 134 10701 132 10569
is_linear=0
shrinkage=0.05


Tree=124
num_leaves=15
num_cat=0
split_feature=47 46 41 40 46 41 37 30 47 12 0 13 19 20
split_gain=6.50751 13.8362 8.47028 35.8641 13.8893 14.1678 11.4941 37.412 35.4651 17.1814 54.1688 20.2706 20.7534 25.7088
threshold=3.9650000000000003 4.0100000000000016 2.4000000000000004 2.0100000000000002 3.6400000000000006 1.3050000000000004 31.273333333333337 1.7808500000000003 3.1950000000000007 23.166666666666668 5.8333333333333348 21.100000000000005 3.9000000000000004 3.7071428571428577
decision_type=10 10 10 10 10 10 10 10 10 10 10 10 10 10
left_child=1 2 3 4 5 6 9 8 -8 11 -11 12 13 -1
right_child=-2 -3 -4 -5 -6 -7 7 -9 -10 10 -12 -13 -14 -15
leaf_value=0.00019437798872828588 0.017567748432712898 -0.020996106115828278 -0.017587997066546922 0.034294203085690936 0.020505706091737089 -0.021242781034992927 -0.037901519490737223 0.016840770482785483 0.0084108408478912235 0.042720167986385491 -0.0054462048358374883 -0.018446034098965954 0.0248366377784832 -0.026284946739371564
leaf_weight=10128 52 78 67 76 81 79 126 86 60 95 148 148 84 92
leaf_count=10128 52 78 67 76 81 79 126 86 60 95 148 148 84 92
internal_value=2.78565e-06 -7.62699e-05 6.72238e-05 0.000175823 -5.64971e-05 -0.000210464 -5.57178e-05 -0.010198 -0.0228455 0.000200353 0.0133307 -0.000103147 0.000158775 -4.28159e-05
internal_weight=11400 11348 11270 11203 11127 11046 10967 272 186 10695 243 10452 10304 10220
internal_count=11400 11348 11270 11203 11127 11046 10967 272 186 10695 243 10452 10304 10220
is_linear=0
shrinkage=0.05


Tree=125
num_leaves=15
num_cat=0
split_feature=31 31 29 26 51 51 51 31 13 0 32 45 46 0
split_gain=6.18461 30.6979 17.1755 17.1177 15.0665 16.4949 13.5912 60.3909 38.2401 71.4975 36.225 37.0115 24.3372 26.2363
threshold=2.0277500000000006 1.9260000000000002 0.012002000000000001 0.0069200000000000008 2.5000000000000004 1.8333333333333337 2.5000000000000004 1.6050000000000002 20.633333333333336 1.5833333333333337 1.6113450000000002 4.2500000000000009 1.8900000000000003 0.58333333333333337
decision_type=10 10 10 10 10 10 10 10 8 10 10 10 10 10
left_child=1 2 3 6 5 -2 10 8 9 12 11 -1 13 -8
right_child=4 -3 -4 -5 -6 -7 7 -9 -10 -11 -12 -13 -14 -15
leaf_value=-0.00046546299349488335 -0.017668272335399953 0.034838450407448013 -0.028287060544869611 0.028870593998762014 -0.025241607686083158 0.015796115796206989 0.0012705222254328517 0.055328613269118081 -0.030422686130711529 0.051522431897571663 -0.021189356210747749 0.039091515468683946 -0.032358204093900056 0.036629436326188008
leaf_weight=9411 64 63 53 51 82 85 1003 56 82 76 210 59 50 55
leaf_count=9411 64 63 53 51 82 85 1003 56 82 76 210 59 50 55
internal_value=2.68466e-06 0.00017253 -2.34247e-05 0.000111113 -0.0080841 0.00124391 -2.12356e-05 0.00473079 0.00245196 0.00476174 -0.000673015 -0.000214324 0.00150998 0.0031487
internal_weight=11400 11169 11106 11053 231 149 11002 1322 1266 1184 9680 9470 1108 1058
internal_count=11400 11169 11106 11053 231 149 11002 1322 1266 1184 9680 9470 1108 1058
is_linear=0
shrinkage=0.05


Tree=126
num_leaves=15
num_cat=0
split_feature=40 41 14 41 41 40 50 62 25 28 62 48 38 39
split_gain=6.14474 17.8671 16.4956 12.0251 25.0209 9.70915 32.5437 28.2246 26.9801 14.4968 12.2617 43.6319 23.8788 12.0563
threshold=2.1300000000000003 1.9285714285714288 17.707142857142859 1.1861111111111113 1.0050000000000001 0.11000000000000001 1.2111111111111115 1092781.5000000002 0.0056200000000000009 0.0036666666666666675 1885003.0000000002 1.1666666666666667 23.545000000000005 1.0000000180025095e-35
decision_type=10 10 10 10 10 10 8 2 10 10 2 10 10 10
left_child=1 3 -2 4 5 8 -7 -8 9 10 13 -12 -13 -1
right_child=2 -3 -4 -5 -6 6 7 -9 -10 -11 11 12 -14 -15
leaf_value=-0.00032121975198069546 0.0064275740670121234 0.023739870780575201 -0.0320905760258791 -0.020068549351054149 0.028397943468824512 -0.045138829443784598 0.025396114795655012 -0.024547930734539494 0.031124305489251942 -0.023579263260573833 -0.02417193146370282 0.04970627872894208 0.004264272338597574 0.023925832376896758
leaf_weight=10539 57 79 52 74 77 51 62 51 69 65 53 67 53 51
leaf_count=10539 57 79 52 74 77 51 62 51 69 65 53 67 53 51
internal_value=2.78664e-06 0.000119288 -0.0117824 -4.59649e-05 8.57141e-05 -0.000110393 -0.0121678 0.00262589 6.93275e-05 -0.000127686 1.27095e-05 0.0131995 0.0299445 -0.000200965
internal_weight=11400 11291 109 11212 11138 11061 164 113 10897 10828 10763 173 120 10590
internal_count=11400 11291 109 11212 11138 11061 164 113 10897 10828 10763 173 120 10590
is_linear=0
shrinkage=0.05


Tree=127
num_leaves=15
num_cat=0
split_feature=45 36 36 45 14 14 45 13 13 47 38 31 38 37
split_gain=6.15071 12.4295 12.2148 18.7962 17.3764 22.4544 15.1534 12.9996 34.2172 49.5728 38.3294 42.9829 27.6235 26.1742
threshold=4.8166666666666673 42.433333333333344 35.233333333333341 3.3666666666666667 14.112500000000002 19.422222222222224 3.2500000000000004 19.733333333333338 21.100000000000005 2.4050000000000007 24.855000000000004 1.2090000000000003 29.845000000000002 30.660000000000007
decision_type=10 10 10 10 10 10 10 10 10 10 10 10 10 10
left_child=1 2 3 6 -4 -6 7 13 9 -9 11 -10 -12 -1
right_child=-2 -3 4 -5 5 -7 -8 8 10 -11 12 -13 -14 -15
leaf_value=8.7712953613118087e-06 -0.016166035499837663 0.020725441928310644 -0.034079193121685489 0.022408201548679875 0.01665294552164048 -0.017949194070202356 -0.022460198003623713 0.05313925338372566 -0.030327277171768641 -0.00033734701358514028 0.033254259848846723 0.020418780080130341 -0.010462176369352115 -0.027452080202688064
leaf_weight=10237 58 72 61 94 80 111 74 85 142 86 100 58 55 87
leaf_count=10237 58 72 61 94 80 111 74 85 142 86 100 58 55 87
internal_value=2.69787e-06 8.82936e-05 -4.22452e-05 0.000204703 -0.0109174 -0.00331996 1.03386e-05 0.000166926 0.00783189 0.0261762 -0.00095847 -0.015472 0.0175974 -0.000221537
internal_weight=11400 11342 11270 11018 252 191 10924 10850 526 171 355 200 155 10324
internal_count=11400 11342 11270 11018 252 191 10924 10850 526 171 355 200 155 10324
is_linear=0
shrinkage=0.05


Tree=128
num_leaves=15
num_cat=0
split_feature=59 30 30 20 29 37 58 47 13 13 61 37 59 61
split_gain=6.0502 16.1284 34.8064 30.0701 23.2211 18.759 30.224 29.263 38.1671 54.3595 26.8525 25.2805 21.9022 15.9847
threshold=1067.5000000000002 2.1583333333333337 1.9677833333333334 3.2928571428571431 0.010500000000000002 31.273333333333337 1143.7500000000002 2.7211111111111115 14.708333333333334 20.450000000000003 47.500000000000007 33.840000000000011 1203.7500000000002 49.500000000000007
decision_type=2 10 10 10 10 10 2 10 10 10 2 10 2 2
left_child=13 2 4 -4 5 7 11 -2 -9 10 -10 -7 -8 -1
right_child=1 -3 3 -5 -6 6 12 8 9 -11 -12 -13 -14 -15
leaf_value=0.0010377412281874145 -0.00039526085972689485 -0.014787795057447701 0 0.052323097051081492 -0.033344335283074421 -0.052176525608790436 0.030172768267757683 0.052881005439346873 0.011392281127563858 0.035679116692091971 -0.034978193609968768 -0.010908202614381676 -0.010439493832858028 0.016806256159731785
leaf_weight=1389 8901 192 51 58 53 63 51 56 54 92 71 95 92 182
leaf_count=1389 8901 192 51 58 53 63 51 56 54 92 71 95 92 182
internal_value=2.35988e-06 -0.000455993 -0.000167111 0.0278582 -0.000491788 -0.000303634 -0.0125761 9.69665e-05 0.0162085 0.00652992 -0.0147814 -0.0276337 0.00392505 0.00288519
internal_weight=11400 9829 9637 109 9528 9475 301 9174 273 217 125 158 143 1571
internal_count=11400 9829 9637 109 9528 9475 301 9174 273 217 125 158 143 1571
is_linear=0
shrinkage=0.05


Tree=129
num_leaves=15
num_cat=0
split_feature=47 38 38 47 47 20 50 36 20 19 37 19 50 32
split_gain=6.19291 13.6114 15.3255 27.9371 11.4523 27.5202 28.1177 25.5549 23.0301 21.8451 21.5532 19.7203 18.8642 23.5369
threshold=3.9650000000000003 36.070000000000007 34.090000000000011 3.2700000000000005 2.7050000000000005 3.6125000000000003 1.6833333333333336 25.333333333333339 3.4722222222222228 4.1000000000000005 30.580000000000005 4.4500000000000011 0.95000000000000007 1.3783566666666667
decision_type=10 10 10 10 10 10 10 10 10 10 10 10 10 10
left_child=1 2 3 4 9 7 12 -6 -9 10 -1 -11 -7 -14
right_child=-2 -3 -4 -5 5 6 -8 8 -10 11 -12 -13 13 -15
leaf_value=-0.00015721389123793373 0.01713736817950294 -0.023345065179467203 0.022068621100751081 -0.026477719637233034 0.042616539119965643 -0.017074171684555009 -0.030394984182569529 -0.0064507756150554672 0.033100167674862818 -0.044590541117248084 0.03027669177987637 -0.00020272067360727503 0.038540267532099354 -0.0034433538466691971
leaf_weight=10451 52 62 78 99 81 58 71 100 57 52 58 50 64 67
leaf_count=10451 52 62 78 99 81 58 71 100 57 52 58 50 64 67
internal_value=2.18137e-06 -7.48859e-05 5.1763e-05 -0.000100206 0.000133793 0.00754172 -0.00362249 0.0198248 0.00780925 -0.000211862 9.80689e-06 -0.0231828 0.00635663 0.0169462
internal_weight=11400 11348 11286 11208 11109 498 260 238 157 10611 10509 102 189 131
internal_count=11400 11348 11286 11208 11109 498 260 238 157 10611 10509 102 189 131
is_linear=0
shrinkage=0.05


Tree=130
num_leaves=15
num_cat=0
split_feature=60 61 13 62 17 51 0 14 18 48 58 37 12 12
split_gain=5.83768 29.8414 16.7978 13.769 8.90952 41.8887 10.5599 31.6546 31.0256 20.5686 20.1028 15.3257 14.4351 22.2385
threshold=1.5000000000000002 48.500000000000007 6.3000000000000016 101083.00000000001 0.5277777777777779 0.58333333333333337 5.166666666666667 22.050000000000004 3.4166666666666674 1.8333333333333337 1157.5000000000002 29.020000000000003 22.416666666666668 20.416666666666668
decision_type=2 2 8 2 10 10 10 10 10 10 2 10 10 10
left_child=4 2 3 -2 6 -6 7 12 10 11 -8 -10 13 -1
right_child=1 -3 -4 -5 5 -7 8 -9 9 -11 -12 -13 -14 -15
leaf_value=-0.00016170380275803877 0.00025912722451263591 0.032354909441703876 -0.021338797637620588 0.025587187255696048 0.016985132390702214 -0.035568925383233883 -0.037286413951322088 0.028273269106357843 0.013981679568786431 0.026240097356217726 0 -0.021260989408699735 -0.018921314838309937 0.019395001208709586
leaf_weight=9958 360 84 76 63 67 85 107 99 50 71 56 77 100 147
leaf_count=9958 360 84 76 63 67 85 107 99 50 71 56 77 100 147
internal_value=1.70302e-06 0.00487536 0.000171739 0.00411618 -0.000258873 -0.01226 -8.49198e-05 0.000207388 -0.00848616 0.00470788 -0.0246316 -0.00718943 -6.38045e-05 0.000121264
internal_weight=11400 583 499 423 10817 152 10665 10304 361 198 163 127 10205 10105
internal_count=11400 583 499 423 10817 152 10665 10304 361 198 163 127 10205 10105
is_linear=0
shrinkage=0.05


Tree=131
num_leaves=15
num_cat=0
split_feature=1 1 37 31 58 49 15 20 13 13 37 30 31 4
split_gain=5.85881 51.5354 81.7543 38.1104 29.1703 26.1365 34.1522 32.7205 23.6592 27.0605 28.4903 22.867 30.3635 26.3973
threshold=3.7750000000000004 3.3666666666666671 29.580000000000005 1.0070000000000001 1143.7500000000002 2.6750000000000003 0.41666666666666669 1.7071428571428573 19.900000000000002 17.450000000000003 28.440000000000001 1.561666666666667 1.5610000000000002 99.90000000000002
decision_type=8 10 10 10 2 10 8 8 10 10 10 10 10 10
left_child=1 8 3 4 -3 7 -7 -2 9 -1 -11 13 -13 -9
right_child=5 2 -4 -5 -6 6 -8 11 -10 10 -12 12 -14 -15
leaf_value=6.1818578579430246e-06 -0.035653958060851178 0.08263959100354562 -0.02965012974146268 0.011690925779992235 0.030764048820377417 0.048984197897925269 0.00041589578033977527 -0.003410182085976553 0.030519449741020801 -0.038600737828621889 0.0030865669048593179 0.045593489337675645 0.00081091556949511225 -0.028655912662123112
leaf_weight=9432 83 56 57 83 58 52 120 910 62 93 71 50 156 117
leaf_count=9432 83 56 57 83 58 52 120 910 62 93 71 50 156 117
internal_value=1.70689e-06 0.000443121 0.0226528 0.0379495 0.0567147 -0.00292105 0.0153437 -0.00533214 -0.000139535 -0.000341809 -0.0204467 -0.00325712 0.0118856 -0.00632315
internal_weight=11400 9912 254 197 114 1488 172 1316 9658 9596 164 1233 206 1027
internal_count=11400 9912 254 197 114 1488 172 1316 9658 9596 164 1233 206 1027
is_linear=0
shrinkage=0.05


Tree=132
num_leaves=15
num_cat=0
split_feature=56 13 32 0 52 32 46 5 5 30 46 47 53 30
split_gain=5.68227 22.8546 38.6911 36.4044 57.9535 27.2599 27.6858 24.8015 36.7302 26.1719 21.0069 51.553 39.1889 20.435
threshold=0.10555555555555557 18.633333333333336 1.7705000000000004 2.8333333333333335 1.7750000000000001 1.8354999999999999 2.8775000000000008 85.15000000000002 70.65000000000002 1.0366666666666671 1.0000000180025095e-35 1.1050000000000002 2.0500000000000003 0.34483333333333338
decision_type=10 10 10 10 10 10 10 10 10 10 10 10 10 10
left_child=1 3 -3 5 -5 6 7 8 10 -9 -1 12 -12 -13
right_child=-2 2 -4 4 -6 -7 -8 9 -10 -11 11 13 -14 -15
leaf_value=-3.7887867234210725e-05 -0.00071058031185817876 0.044616987016407927 -0.0096839547358654656 0.010249695372018782 -0.050727912882265781 0.027856724037222527 -0.034734515765947958 0.038987162230567557 -0.035113838733100207 -0.0013273668195401039 0.058510933963546334 0.011563102804405406 0.010860269412917284 -0.022354414094541527
leaf_weight=2295 8083 78 55 71 84 99 52 89 69 71 78 84 100 92
leaf_count=2295 8083 78 55 71 84 99 52 89 69 71 78 84 100 92
internal_value=2.32005e-06 0.00174693 0.0220223 0.000888821 -0.0226923 0.00210731 0.00122415 0.00188846 0.000750959 0.0209934 0.00170104 0.0130292 0.0319864 -0.00603797
internal_weight=11400 3317 133 3184 155 3029 2930 2878 2718 160 2649 354 178 176
internal_count=11400 3317 133 3184 155 3029 2930 2878 2718 160 2649 354 178 176
is_linear=0
shrinkage=0.05


Tree=133
num_leaves=15
num_cat=0
split_feature=14 14 48 53 13 13 2 56 13 50 2 62 15 13
split_gain=5.71874 46.305 31.3845 66.5481 25.3443 28.2795 28.3934 40.4006 42.9013 34.1027 20.7194 39.8222 35.0909 25.7323
threshold=18.31666666666667 17.788888888888895 1.1666666666666667 1.4722222222222225 16.550000000000004 17.775000000000002 4.1180555555555562 0.10555555555555557 20.100000000000005 1.6833333333333336 5.0500000000000007 753496.00000000012 1.0000000180025095e-35 23.900000000000002
decision_type=10 10 10 10 10 10 10 10 10 10 10 2 10 10
left_child=1 -1 -3 -4 -2 -6 7 -7 -9 -10 12 -12 -8 -14
right_child=4 2 3 -5 5 6 10 8 9 -11 11 -13 13 -15
leaf_value=-6.5648438726592415e-05 -0.031072903924411345 -0.0031577337533235553 0.083633839886056868 0.0043430454781756998 0.031744525279880552 0.014432362091627399 0.048313425185981099 -0.04796978351513901 0.015412923633786185 -0.031275818607961102 0.025130416740222955 -0.021471522499720893 -0.0040432435005445921 0.035621376813036724
leaf_weight=10224 77 56 51 56 60 89 55 111 80 75 64 156 195 51
leaf_count=10224 77 56 51 56 60 89 55 111 80 75 64 156 195 51
internal_value=2.08993e-06 0.000354069 0.026753 0.0425816 -0.00358072 -0.001277 -0.00358409 -0.0144937 -0.0242747 -0.00704556 0.00380836 -0.00777497 0.0123564 0.00413406
internal_weight=11400 10387 163 107 1013 936 876 355 266 155 521 220 301 246
internal_count=11400 10387 163 107 1013 936 876 355 266 155 521 220 301 246
is_linear=0
shrinkage=0.05


Tree=134
num_leaves=15
num_cat=0
split_feature=45 36 36 45 14 50 47 45 20 47 57 26 29 30
split_gain=5.74434 10.8509 10.8368 16.9928 14.7606 23.1386 28.7675 13.6198 11.8852 33.8365 27.5714 25.7912 28.0224 25.4808
threshold=4.8166666666666673 42.433333333333344 35.233333333333341 3.3666666666666667 14.112500000000002 1.1833333333333336 2.9775000000000005 3.2500000000000004 3.0500000000000003 2.3775000000000004 4.2500000000000009 0.0069200000000000008 0.0024150000000000005 1.9616666666666671
decision_type=10 10 10 10 10 10 10 10 10 10 2 10 10 10
left_child=1 2 3 7 -4 -6 -7 8 9 11 13 12 -1 -10
right_child=-2 -3 4 -5 5 6 -8 -9 10 -11 -12 -13 -14 -15
leaf_value=0.00018261488269932403 -0.015623174435817278 0.01936723896727801 -0.031634405047095158 0.021307220167687369 -0.028941349420419413 0.03672619748982453 -0.010689894570286866 -0.02129225172446228 0.0056228589491813703 -0.019881069441941804 -0.026745760120127512 0.035785561180350804 -0.032143677281284776 0.036079125490727698
leaf_weight=9798 58 72 61 94 60 53 78 74 585 215 57 50 67 78
leaf_count=9798 58 72 61 94 60 53 78 74 585 215 57 50 67 78
internal_value=2.24763e-06 8.50412e-05 -3.67814e-05 0.000195692 -0.0102803 -0.00326505 0.0083703 1.07735e-05 0.000159345 -0.000279606 0.00636574 0.000143898 -3.60191e-05 0.00926812
internal_weight=11400 11342 11270 11018 252 191 131 10924 10850 10130 720 9915 9865 663
internal_count=11400 11342 11270 11018 252 191 131 10924 10850 10130 720 9915 9865 663
is_linear=0
shrinkage=0.05


Tree=135
num_leaves=15
num_cat=0
split_feature=62 4 59 17 38 36 12 28 38 3 13 1 39 59
split_gain=5.59658 10.2012 10.077 23.8522 38.5228 26.1959 19.9624 19.3769 13.5946 45.478 22.0095 18.0596 12.9553 27.9982
threshold=13421.500000000002 22.350000000000005 1067.5000000000002 0.29285714285714287 17.810000000000006 24.433333333333341 19.583333333333339 0.011000000000000001 26.090000000000007 73.833333333333357 5.5000000000000009 1.0000000180025095e-35 1.0000000180025095e-35 1207.5000000000002
decision_type=2 10 2 8 10 10 10 10 10 10 10 10 10 2
left_child=1 -1 3 6 -5 -6 8 12 9 10 11 -2 -4 -14
right_child=2 -3 7 4 5 -7 -8 -9 -10 -11 -12 -13 13 -15
leaf_value=-0.0012970792401232269 0.00068429276274824605 -0.022386995027972086 -0.00018703587434415665 0.051066051809479013 -0.019574362077774146 0.028775265046926304 -0.028301071708352821 -0.0299335150344071 -0.021297040434166938 0.037163897161253817 -0.029066487096777532 0.029481195316703852 -0.0010237628512084485 0.030874766850367538
leaf_weight=3456 566 58 6478 69 58 53 51 53 50 98 56 60 187 107
leaf_count=3456 566 58 6478 69 58 53 51 53 50 98 56 60 187 107
internal_value=1.84608e-06 -0.00165543 0.000743554 0.00527566 0.0218475 0.00331279 0.00185099 3.5005e-05 0.00374973 0.00539994 0.000775103 0.00350561 0.000275433 0.0105334
internal_weight=11400 3514 7886 1061 180 111 881 6825 830 780 682 626 6772 294
internal_count=11400 3514 7886 1061 180 111 881 6825 830 780 682 626 6772 294
is_linear=0
shrinkage=0.05


Tree=136
num_leaves=15
num_cat=0
split_feature=1 1 46 32 50 13 13 53 31 13 1 45 15 58
split_gain=5.83499 46.4062 70.6499 62.8084 37.0656 23.0989 28.7986 20.437 23.2369 20.2267 24.2233 24.5248 34.0078 52.2023
threshold=3.7750000000000004 3.3666666666666671 2.9675000000000002 1.1305000000000003 1.5777777777777782 17.225000000000005 14.708333333333334 2.0500000000000003 1.7710000000000001 19.900000000000002 2.5500000000000003 1.4666666666666666 1.0000000180025095e-35 1177.5000000000002
decision_type=8 10 10 10 10 8 10 10 8 10 10 10 10 2
left_child=1 9 3 4 -3 6 -2 -7 -9 10 -1 -12 -13 -14
right_child=5 2 -4 -5 -6 7 -8 8 -10 -11 11 12 13 -15
leaf_value=0.00032425381773039391 0.0074503194739739612 0.083407566980778725 -0.027638717468794996 -0.00056310566579735523 0.027588347364373569 0.0013769226997054115 -0.035895659482149886 -0.045592944222746547 -0.0024730672714060654 0.028236880995333197 -0.03281924736069803 -0.019196328321819778 0.023610870514638151 -0.027835933259087255
leaf_weight=9037 58 65 56 74 59 1189 107 51 83 62 100 227 162 70
leaf_count=9037 58 65 56 74 59 1189 107 51 83 62 100 227 162 70
internal_value=1.36999e-06 0.000441891 0.0215173 0.0355806 0.0572667 -0.00291544 -0.0205314 -0.000692624 -0.0191787 -0.000110878 -0.000298101 -0.0103953 -0.0054251 0.00795412
internal_weight=11400 9912 254 198 124 1488 165 1323 134 9658 9596 559 459 232
internal_count=11400 9912 254 198 124 1488 165 1323 134 9658 9596 559 459 232
is_linear=0
shrinkage=0.05


Tree=137
num_leaves=15
num_cat=0
split_feature=47 38 38 47 47 47 50 36 37 19 32 25 0 12
split_gain=5.75336 12.8802 13.1394 24.69 10.5276 28.3488 71.6035 42.9777 34.826 25.6082 13.6726 19.8537 42.8471 24.9577
threshold=3.9650000000000003 36.070000000000007 34.090000000000011 3.2700000000000005 2.8050000000000006 2.9775000000000005 1.5777777777777782 26.766666666666673 29.260000000000002 4.1000000000000005 1.9025000000000005 0.0025110000000000006 3.8333333333333335 23.166666666666668
decision_type=10 10 10 10 10 10 10 10 10 10 10 10 10 10
left_child=1 2 3 4 9 8 7 -7 -6 10 11 13 -13 -1
right_child=-2 -3 -4 -5 5 6 -8 -9 -10 -11 -12 12 -14 -15
leaf_value=-0.00035530888421413695 0.016517046328101841 -0.022709623712301258 0.020436257534440918 -0.024887928655885874 0.0012695025249618538 0.052128839116851122 -0.043001299531550602 -0.0037730184795915105 0.047479565666051382 -0.023784995111041922 -0.023222990332543852 0.042524293187704891 -0.014677865381156086 0.017634388282373736
leaf_weight=10219 52 62 78 99 85 54 75 91 80 113 62 80 54 196
leaf_count=10219 52 62 78 99 85 54 75 91 80 113 62 80 54 196
internal_value=1.03828e-06 -7.31646e-05 4.99751e-05 -9.05744e-05 0.000129272 0.00824861 -0.00340502 0.0169814 0.0239012 -0.000160259 9.00818e-05 0.000230564 0.0193179 -1.353e-05
internal_weight=11400 11348 11286 11208 11109 385 220 145 165 10724 10611 10549 134 10415
internal_count=11400 11348 11286 11208 11109 385 220 145 165 10724 10611 10549 134 10415
is_linear=0
shrinkage=0.05


Tree=138
num_leaves=15
num_cat=0
split_feature=14 14 31 62 14 1 1 47 47 31 0 37 50 32
split_gain=5.69654 41.2896 27.0039 34.7199 22.0956 16.2008 35.0074 41.9008 63.42 36.1535 31.4864 28.3176 28.5168 22.5133
threshold=18.31666666666667 17.788888888888895 1.3050000000000004 679884.50000000012 18.633333333333336 3.9000000000000004 3.1000000000000005 2.1866071428571434 2.5950000000000006 0.86300000000000021 2.8333333333333335 24.510000000000005 1.788888888888889 0.49582500000000007
decision_type=8 10 10 2 8 10 10 10 10 10 10 10 10 10
left_child=1 5 3 -3 -2 6 10 9 -9 -8 -1 -7 -13 -12
right_child=4 2 -4 -5 -6 11 7 8 -10 -11 13 12 -14 -15
leaf_value=0.00036438900988116952 -0.029153770202271691 0.010401870939627435 -0.0012877819699650052 0.068847809523065517 -0.0014565175745491555 -0.025066111810439457 0.053337935018233765 -0.038058705555859711 0.029694691381464119 0.0073633894406305925 -0.031105310285663254 -0.01123301709297473 0.034936578656790909 -0.0040509493640424601
leaf_weight=8928 76 51 59 53 1287 169 97 68 69 79 135 94 51 184
leaf_count=8928 76 51 59 53 1287 169 97 68 69 79 135 94 51 184
internal_value=8.58251e-07 0.000414975 0.025336 0.040613 -0.00302936 0 0.000369633 0.0168025 -0.00376902 0.0329226 -0.000184777 -0.0111637 0.00489838 -0.0156093
internal_weight=11400 10037 163 104 1363 9874 9560 313 137 176 9247 314 145 319
internal_count=11400 10037 163 104 1363 9874 9560 313 137 176 9247 314 145 319
is_linear=0
shrinkage=0.05


Tree=139
num_leaves=15
num_cat=0
split_feature=56 30 25 40 30 31 2 0 14 13 3 29 14 2
split_gain=5.67962 32.3698 13.1971 38.6405 12.515 19.0502 12.3533 46.89 33.8676 9.442 11.7069 41.2091 18.2759 13.5319
threshold=0.41428571428571431 1.4182000000000003 0.0050100000000000014 0.022500000000000003 0.83425000000000016 0.087300000000000003 4.4722222222222232 1.8333333333333337 22.171428571428574 26.100000000000005 114.00000000000001 0.00014750000000000003 20.211111111111112 3.2678571428571432
decision_type=10 10 10 10 10 10 10 10 10 10 10 10 10 8
left_child=2 4 9 -4 5 6 7 -2 -8 10 13 12 -12 -1
right_child=1 -3 3 -5 -6 -7 8 -9 -10 -11 11 -13 -14 -15
leaf_value=0.00081564862537096073 0.00066633384106918063 -0.036405251498748785 0.044727346098156484 -0.011584365725548579 0.018571964888185855 -0.021074614860541623 0.042993326419222676 -0.037527240783708289 -0.01002336225186394 -0.020694045608462854 0.015326805118885307 0.051293476176734021 -0.022987939391447151 -0.0050631702983861965
leaf_weight=8356 1118 68 61 59 75 123 56 86 63 53 67 50 57 1108
leaf_count=8356 1118 68 61 59 75 123 56 86 63 53 67 50 57 1108
internal_value=7.35373e-07 -0.00276972 0.000452107 0.0169001 -0.00123806 -0.0022889 -0.000516186 -0.00205547 0.014792 0.000244997 0.000363803 0.0131981 -0.0021064 0.000124512
internal_weight=11400 1589 9811 120 1521 1446 1323 1204 119 9691 9638 174 124 9464
internal_count=11400 1589 9811 120 1521 1446 1323 1204 119 9691 9638 174 124 9464
is_linear=0
shrinkage=0.05


Tree=140
num_leaves=15
num_cat=0
split_feature=61 36 49 2 36 50 36 54 45 36 47 37 12 1
split_gain=5.63075 17.237 30.6651 24.3159 19.1543 17.3088 30.2136 14.3604 24.4377 25.0372 20.862 24.008 42.0129 20.3552
threshold=41.500000000000007 9.4833333333333361 1.1000000000000003 0.78888888888888908 4.4999999999999991 2.0500000000000003 25.333333333333339 0.41666666666666669 3.8833333333333342 30.699999999999999 2.6950000000000007 12.660000000000002 22.416666666666668 5.2250000000000005
decision_type=2 8 8 10 10 8 8 10 8 10 10 10 10 10
left_child=1 4 3 -3 -1 6 -4 -2 9 10 11 -9 -13 -14
right_child=7 2 5 -5 -6 -7 -8 8 -10 -11 -12 12 13 -15
leaf_value=-0.00061652713050143937 0.0024611878824598627 -0.010957163807098606 0.037718068252879759 -0.058732580183779151 0.028895509221196714 -0.018447251778813036 -0.006437096461329771 0.00049999832761446169 0.029628279849444286 -0.035640166335760205 0.023112114601509467 -0.034098077477082565 0.021566861604565179 -0.017306050537060948
leaf_weight=5664 4284 59 55 51 55 106 126 519 50 66 66 165 72 62
leaf_count=5664 4284 59 55 51 55 106 126 519 50 66 66 165 72 62
internal_value=4.99124e-07 -0.00103014 -0.0111 -0.0334994 -0.000325836 -0.0023846 0.00690942 0.00119814 -0.00418631 -0.00600697 -0.00374738 -0.00595787 -0.0172329 0.00339754
internal_weight=11400 6116 397 110 5719 287 181 5284 1000 950 884 818 299 134
internal_count=11400 6116 397 110 5719 287 181 5284 1000 950 884 818 299 134
is_linear=0
shrinkage=0.05


Tree=141
num_leaves=15
num_cat=0
split_feature=47 46 46 20 47 49 49 13 37 19 37 13 58 45
split_gain=5.34792 10.7485 7.84796 11.1209 33.9093 31.2444 39.1132 28.239 27.3652 19.0991 25.6714 21.3938 18.5985 27.7726
threshold=3.9650000000000003 4.0100000000000016 3.6400000000000006 3.7071428571428577 2.7050000000000005 1.1000000000000003 1.4500000000000002 13.900000000000002 30.420000000000005 4.1000000000000005 30.580000000000005 22.550000000000004 1077.5000000000002 3.1166666666666671
decision_type=10 10 10 10 10 10 10 10 10 10 10 10 2 10
left_child=1 2 3 4 9 -5 -7 -6 -8 10 11 -1 -9 -14
right_child=-2 -3 -4 5 7 6 8 12 -10 -11 -12 -13 13 -15
leaf_value=1.349243832895841e-05 0.015923706325037139 -0.018509754077916978 0.015236544348960799 -0.027640140785859742 0.050944543669669377 0.030594266890056478 0.0058699152779345424 0.033792892774613968 -0.039585751018122492 -0.025289945459819788 0.033560644559957817 -0.020835743413632174 -0.01483264395462474 0.026295732709544679
leaf_weight=10302 52 78 84 135 51 80 76 59 57 75 56 124 104 67
leaf_count=10302 52 78 84 135 51 80 76 59 57 75 56 124 104 67
internal_value=1.70803e-07 -7.12911e-05 5.49193e-05 -5.75265e-05 0.00022291 -0.00885088 0.00297755 0.0173509 -0.0134991 -0.000231424 -4.85445e-05 -0.000233064 0.00969904 0.00116589
internal_weight=11400 11348 11270 11186 10838 348 213 281 133 10557 10482 10426 230 171
internal_count=11400 11348 11270 11186 10838 348 213 281 133 10557 10482 10426 230 171
is_linear=0
shrinkage=0.05


Tree=142
num_leaves=15
num_cat=0
split_feature=61 59 61 0 47 45 36 18 36 46 1 2 58 49
split_gain=5.72812 25.5364 17.7837 7.49295 14.8735 11.2067 14.5651 14.6762 58.5897 40.5888 22.7632 26.5255 33.8612 41.5776
threshold=59.000000000000007 1117.5000000000002 55.500000000000007 6.166666666666667 2.6725000000000008 4.616666666666668 39.500000000000007 3.1666666666666674 26.066666666666674 1.8550000000000002 5.1000000000000005 4.3166666666666673 1097.5000000000002 2.1000000000000005
decision_type=2 2 2 10 10 10 10 10 10 10 10 10 2 10
left_child=2 -2 3 5 -5 6 7 8 -1 -9 11 12 -11 -14
right_child=1 -3 -4 4 -6 -7 -8 9 -10 10 -12 -13 13 -15
leaf_value=0.00010565021377874492 0.037456338653470027 -0.011275866233735485 -0.02784237098434697 -0.021292560269392611 0.0052503541328761949 0.021856934840188309 -0.019241391839531923 0.046092744701164812 -0.039658309458530848 -0.014005091735532544 -0.022516351908951113 0.031312816392731029 0.0044186151818977996 0.050707901651616649
leaf_weight=9934 50 56 57 116 94 59 96 60 93 205 75 92 357 56
leaf_count=9934 50 56 57 116 94 59 96 60 93 205 75 92 357 56
internal_value=5.25237e-07 0.0115442 -0.000106111 3.35898e-05 -0.00930843 0.000214182 9.4489e-05 0.000268402 -0.000262625 0.0065957 0.00351758 0.00631674 0.00253291 0.0108093
internal_weight=11400 106 11294 11237 210 11027 10968 10872 10027 845 785 710 618 413
internal_count=11400 106 11294 11237 210 11027 10968 10872 10027 845 785 710 618 413
is_linear=0
shrinkage=0.05


Tree=143
num_leaves=15
num_cat=0
split_feature=45 36 45 45 62 37 45 14 14 62 14 12 45 12
split_gain=5.37879 10.1583 9.3777 14.7366 26.8468 13.2281 13.0396 10.6112 40.9115 29.3487 26.9978 32.9281 27.8804 32.2383
threshold=4.8166666666666673 42.433333333333344 3.6500000000000004 3.8500000000000001 504298.50000000006 36.500000000000007 3.4833333333333338 18.31666666666667 17.788888888888895 916828.00000000012 19.183333333333337 17.583333333333339 2.9416666666666673 23.166666666666668
decision_type=10 10 10 10 2 10 10 10 10 2 10 10 10 10
left_child=1 2 5 -4 -5 6 7 8 -1 -10 11 -9 13 -12
right_child=-2 -3 3 4 -6 -7 -8 10 9 -11 12 -13 -14 -15
leaf_value=-6.5014268909870037e-05 -0.015119447843639309 0.018737461582340045 -0.029369159074577256 -0.023932076677082831 0.02066731314918549 0.025688746825637446 0.021028302673275781 0 0.0099421244635791994 0.057519477694341452 -0.0029319076092166069 -0.045250800002518805 -0.020402933972541393 0.027370067936835881
leaf_weight=10061 58 72 69 65 69 50 73 75 96 50 319 85 138 120
leaf_count=10061 58 72 69 65 69 50 73 75 96 50 319 85 138 120
internal_value=5.89711e-07 8.07768e-05 -3.70219e-05 -0.0106748 -0.000789389 0.00015632 3.70131e-05 -0.000101676 0.000314475 0.0265471 -0.00589532 -0.0240395 -0.000804256 0.00531592
internal_weight=11400 11342 11270 203 134 11067 11017 10944 10207 146 737 160 577 439
internal_count=11400 11342 11270 203 134 11067 11017 10944 10207 146 737 160 577 439
is_linear=0
shrinkage=0.05


Tree=144
num_leaves=15
num_cat=0
split_feature=62 16 60 15 52 62 32 53 2 2 58 32 5 2
split_gain=5.32969 16.1441 13.5459 22.9053 13.3828 13.7811 12.8506 35.7771 35.3569 30.2086 36.9603 28.3966 33.332 22.2059
threshold=37259.000000000007 1.0000000180025095e-35 1.5000000000000002 1.0000000180025095e-35 1.9000000000000001 128921.50000000001 1.1497750000000002 1.3666666666666669 4.0500000000000007 4.2928571428571436 1118.7500000000002 1.0385000000000002 89.800000000000011 1.6833333333333336
decision_type=2 10 2 10 10 2 10 10 10 10 2 10 10 10
left_child=1 -1 6 4 5 -4 11 9 13 10 -8 -2 -13 -9
right_child=2 -3 3 -5 -6 -7 7 8 -10 -11 -12 12 -14 -15
leaf_value=-0.00078313611648931519 0.00087172409878539614 -0.024231537712750422 0.0095903980614971528 0.032683305916059037 0.020819383868575098 -0.023221068509987425 -0.034859416482591991 0.025519494925226482 0.026658086814929934 -0.041567509034693528 0.014156114727449064 -0.003097640320025628 0.04067078826731535 -0.0064491134076316448
leaf_weight=5510 4332 74 60 89 62 66 66 59 113 103 90 76 98 602
leaf_count=5510 4332 74 60 89 62 66 66 59 113 103 90 76 98 602
internal_value=5.93313e-07 -0.0011005 0.00106206 0.0118464 0.00178902 -0.00742278 0.000517213 -0.00450484 0.000850241 -0.0205752 -0.0064666 0.00167444 0.0214562 -0.00354071
internal_weight=11400 5584 5816 277 188 126 5539 1033 774 259 156 4506 174 661
internal_count=11400 5584 5816 277 188 126 5539 1033 774 259 156 4506 174 661
is_linear=0
shrinkage=0.05


Tree=145
num_leaves=15
num_cat=0
split_feature=41 25 39 59 38 12 41 41 29 59 41 18 13 38
split_gain=5.31105 14.2211 12.7534 35.7951 42.4727 23.8726 16.0539 12.7284 10.2693 8.93832 21.7961 26.4322 18.473 43.7138
threshold=2.4000000000000004 0.0082140000000000043 1.0000000180025095e-35 1098.7500000000002 20.776388888888892 18.833333333333339 1.3050000000000004 1.0150000000000003 0.0053571428571428581 1148.7500000000002 0.021111111111111115 2.8333333333333335 22.366666666666671 26.190000000000001
decision_type=10 10 10 2 10 10 10 10 10 2 10 10 10 10
left_child=1 2 6 -4 -5 -6 7 8 9 -1 12 -12 -11 -14
right_child=-2 -3 3 4 5 -7 -8 -9 -10 10 11 -13 13 -15
leaf_value=0.0012721356102999694 -0.013394253401934696 0.022638558721665644 -0.017919191983854697 0.053074648169179763 0.026606627096106689 -0.016178075179214331 -0.027642703119003888 0.022134206188827988 -0.021967477385604055 -0.00063894044258708846 -0.040028286358611019 0.0039704916027621332 -0.053326950071228521 0.0052456834816000091
leaf_weight=5260 73 69 78 70 63 66 53 63 54 5286 79 58 55 73
leaf_count=5260 73 69 78 70 63 66 53 63 54 5286 79 58 55 73
internal_value=6.44256e-07 8.97658e-05 -4.72139e-05 0.0105362 0.0218318 0.00454578 -0.000316928 -0.000180854 -0.000313559 -0.000202077 -0.0016035 -0.0212725 -0.00109924 -0.0198373
internal_weight=11400 11327 11258 277 199 129 10981 10928 10865 10811 5551 137 5414 128
internal_count=11400 11327 11258 277 199 129 10981 10928 10865 10811 5551 137 5414 128
is_linear=0
shrinkage=0.05


Tree=146
num_leaves=15
num_cat=0
split_feature=15 12 36 12 48 12 13 2 47 1 26 0 61 1
split_gain=5.39641 11.7459 26.1552 15.1452 31.3115 30.6404 22.3299 23.5065 14.6003 12.3032 11.4154 13.6067 13.2122 38.8276
threshold=0.83333333333333337 26.416666666666668 38.850000000000009 23.416666666666668 1.5833333333333337 22.833333333333339 23.733333333333338 4.9500000000000011 2.6828571428571437 4.7750000000000012 0.0069200000000000008 5.166666666666667 47.500000000000007 3.1000000000000005
decision_type=10 10 10 10 10 10 10 10 10 10 10 10 2 8
left_child=1 3 -3 5 9 6 7 10 -6 -5 11 12 -1 -14
right_child=-2 2 -4 4 8 -7 -8 -9 -10 -11 -12 -13 13 -15
leaf_value=-0.00054870430824878111 0.011965109495555654 -0.035695347432177386 0.0073312733743856433 0.011013899686110912 0.05205808857148423 -0.032127171977354374 0.031972355446820963 -0.029098156319676546 0.013486952041054058 -0.022907651396734376 0.019447498590938306 -0.020047817405687989 -0.0020609277555967776 0.015972745216682262
leaf_weight=9351 93 71 68 53 51 74 54 69 52 52 75 84 767 486
leaf_count=9351 93 71 68 53 51 74 54 69 52 52 75 84 767 486
internal_value=2.6964e-07 -9.64549e-05 -0.0145163 8.1422e-05 0.0134324 -0.000170274 4.61294e-05 -0.000112191 0.0329861 -0.00557733 7.26544e-05 -6.18675e-05 9.50323e-05 0.00491741
internal_weight=11400 11307 139 11168 208 10960 10886 10832 103 105 10763 10688 10604 1253
internal_count=11400 11307 139 11168 208 10960 10886 10832 103 105 10763 10688 10604 1253
is_linear=0
shrinkage=0.05


Tree=147
num_leaves=15
num_cat=0
split_feature=40 62 41 41 41 40 14 24 62 31 17 59 53 16
split_gain=5.40248 15.8769 15.1829 11.1358 23.0728 9.50862 30.8034 17.7518 9.22198 46.2249 12.679 37.2294 46.589 39.6217
threshold=2.1300000000000003 572171.50000000012 1.9285714285714288 1.1861111111111113 1.0050000000000001 0.11000000000000001 14.316666666666668 0.0040100000000000005 1885003.0000000002 0.86300000000000021 0.31666666666666671 1227.5000000000002 1.2928571428571431 0.45000000000000007
decision_type=10 2 10 10 10 10 10 10 2 10 10 2 10 10
left_child=2 -2 3 4 5 7 -7 8 10 -10 -1 12 -12 -14
right_child=1 -3 -4 -5 -6 6 -8 -9 9 -11 11 -13 13 -15
leaf_value=-0.00068241812254886077 0.0092630235662702291 -0.028617897138249977 0.021883868829071899 -0.019310533323156454 0.027271883468474114 0.018503872824644826 -0.027271091810330685 0.024235614702500255 0.037724812348422253 -0.013297240110368678 0.0026628061415281444 -0.017188392651240302 0.060797256571443185 0.0048535249990607626
leaf_weight=10110 50 59 79 74 77 54 110 75 85 91 282 120 80 54
leaf_count=10110 50 59 79 74 77 54 110 75 85 91 282 120 80 54
internal_value=3.01671e-07 -0.0110501 0.000109677 -4.24835e-05 8.41485e-05 -0.00010408 -0.0120364 7.3752e-05 -9.24996e-05 0.0112395 -0.000282708 0.00720361 0.014312 0.0385405
internal_weight=11400 109 11291 11212 11138 11061 164 10897 10822 176 10646 536 416 134
internal_count=11400 109 11291 11212 11138 11061 164 10897 10822 176 10646 536 416 134
is_linear=0
shrinkage=0.05


Tree=148
num_leaves=15
num_cat=0
split_feature=30 30 2 2 2 19 19 51 19 45 29 26 37 25
split_gain=5.27112 23.2992 42.2315 16.1579 15.0191 25.5402 11.8951 29.5099 22.893 19.9448 16.1968 15.2342 42.0601 13.6166
threshold=2.1183333333333336 1.9677833333333334 3.1547619047619051 3.8944444444444448 2.2928571428571431 3.9000000000000004 4.1000000000000005 2.1666666666666674 4.6333333333333337 3.8500000000000001 0.010500000000000002 0.0033126666666666673 23.140000000000004 0.00059400000000000002
decision_type=10 10 10 10 10 10 10 10 10 10 10 10 10 10
left_child=1 6 -3 4 -2 -6 9 8 -8 10 11 13 -13 -1
right_child=3 2 -4 -5 5 -7 7 -9 -10 -11 -12 12 -14 -15
leaf_value=0.00026611554072811537 0.0051168437577842731 0.050281255483627323 -0.010942614122782605 0.016926984112887157 -0.05014226538633261 -0.0037330322351687368 -0.013700135926189053 -0.037673657835814466 0.01853083491313158 0.030947901276605475 -0.027649196329570955 -0.010017777524060674 0.051718037669519781 -0.012021608793514089
leaf_weight=10306 63 62 50 52 54 68 140 72 90 52 52 58 51 230
leaf_count=10306 63 62 50 52 54 68 140 72 90 52 52 58 51 230
internal_value=7.26964e-07 0.000159732 0.0227998 -0.00736792 -0.0143587 -0.0245997 -6.84802e-05 -0.00984849 -0.000966718 0.000204415 5.11891e-05 0.000190144 0.0187437 -3.09496e-07
internal_weight=11400 11163 112 237 185 122 11051 302 230 10749 10697 10645 109 10536
internal_count=11400 11163 112 237 185 122 11051 302 230 10749 10697 10645 109 10536
is_linear=0
shrinkage=0.05


Tree=149
num_leaves=15
num_cat=0
split_feature=45 45 45 32 37 32 31 30 53 32 26 52 45 46
split_gain=5.01606 7.98811 10.2954 19.3946 11.4503 11.9444 34.9445 80.7794 34.9202 13.0523 31.4701 25.1951 36.0555 41.3703
threshold=4.8166666666666673 4.2500000000000009 3.6500000000000004 1.2262950000000004 36.500000000000007 1.9025000000000005 1.8570000000000004 2.0816166666666671 2.2928571428571431 1.1305000000000003 0.0036880000000000003 2.1000000000000005 1.2833333333333339 1.726666666666667
decision_type=10 10 10 10 10 10 10 8 10 10 10 10 10 10
left_child=1 2 4 -4 5 6 9 -8 -7 10 -1 12 -11 -14
right_child=-2 -3 3 -5 -6 8 7 -9 -10 11 -12 -13 13 -15
leaf_value=0.00019711184927802055 -0.014600755080071271 0.015394492915517392 -0.025498049622744941 0.0063878204318008822 0.023917134349132972 -0.031939449183983247 0.06215201900307591 -0.017510062313598137 0.016409549584706164 -0.04304052788151691 0.03762372731832804 0.016338716787172528 0.035395821252273856 -0.010448150804550355
leaf_weight=9954 58 84 108 83 50 98 70 57 59 74 56 102 54 493
leaf_count=9954 58 84 108 83 50 98 70 57 59 74 56 102 54 493
internal_value=4.88669e-07 7.8e-05 -3.47399e-05 -0.0115308 0.000161919 5.07575e-05 0.000251267 0.0262736 -0.0136169 -5.55271e-05 0.000410858 -0.00654304 -0.0103517 -0.00584857
internal_weight=11400 11342 11258 191 11067 11017 10860 127 157 10733 10010 723 621 547
internal_count=11400 11342 11258 191 11067 11017 10860 127 157 10733 10010 723 621 547
is_linear=0
shrinkage=0.05


Tree=150
num_leaves=15
num_cat=0
split_feature=31 31 27 51 51 51 32 32 13 0 45 25 37 46
split_gain=5.05289 26.385 14.4739 12.8563 14.9267 12.4545 53.747 31.8201 29.6094 75.3527 24.3837 21.8163 22.9817 19.3542
threshold=2.0277500000000006 1.9260000000000002 0.010635000000000004 2.5000000000000004 1.8333333333333337 2.5000000000000004 1.4045000000000003 1.6995000000000002 20.633333333333336 1.5833333333333337 4.2500000000000009 0.0050100000000000014 31.180000000000003 1.9450000000000005
decision_type=10 10 10 10 10 10 10 10 8 10 10 10 10 10
left_child=1 2 5 4 -2 7 8 10 9 13 11 12 -1 -7
right_child=3 -3 -4 -5 -6 6 -8 -9 -10 -11 -12 -13 -14 -15
leaf_value=-0.00022254565414046311 -0.016684182503715502 0.032293297277074161 -0.02597267316593397 -0.023160777037793942 0.01514592968929581 0.0026368261656075564 0.054748214101328435 -0.02423001226224673 -0.026139226230140217 0.050444377076667095 0.030950768493115906 0.027323872950060148 -0.017295600601908736 -0.028734319823459517
leaf_weight=9257 64 63 53 82 85 1056 51 139 83 83 62 70 201 51
leaf_count=9257 64 63 53 82 85 1056 51 139 83 83 62 70 201 51
internal_value=8.38684e-07 0.000154571 -2.69343e-05 -0.0073085 0.00129664 9.6385e-05 0.00464704 -0.000520542 0.0025995 0.00463511 -0.000173038 -0.000379802 -0.000588918 0.00115665
internal_weight=11400 11169 11106 231 149 11053 1324 9729 1273 1190 9590 9528 9458 1107
internal_count=11400 11169 11106 231 149 11053 1324 9729 1273 1190 9590 9528 9458 1107
is_linear=0
shrinkage=0.05


Tree=151
num_leaves=15
num_cat=0
split_feature=40 41 41 41 41 1 1 18 12 37 12 58 38 62
split_gain=5.16785 14.0881 13.651 9.68045 20.3971 10.4513 13.0905 16.5633 14.9273 29.0292 18.4822 14.9107 15.2524 13.502
threshold=2.1300000000000003 2.0250000000000004 1.9285714285714288 1.1861111111111113 1.0050000000000001 6.6333333333333337 5.1000000000000005 2.4166666666666674 23.833333333333339 27.220000000000002 22.833333333333339 1118.7500000000002 26.670000000000005 1063564.5000000002
decision_type=10 10 10 10 10 10 10 8 10 10 10 2 10 2
left_child=2 -2 3 4 5 6 8 -8 10 -10 13 -9 -13 -1
right_child=1 -3 -4 -5 -6 -7 7 11 9 -11 -12 12 -14 -15
leaf_value=-0.00046990663167946185 0.007953976277370477 -0.027658047170465827 0.020754197352337387 -0.018001526881059344 0.025644251862540841 0.021349982854671185 0.011632608719565701 -0.0018689005787855661 0.04047259302403694 -0.00264487764546396 -0.025694258067202061 -0.051355710400655723 -0.012545170588830932 0.006924411066756184
leaf_weight=9881 51 58 79 74 77 56 56 76 66 92 70 50 56 658
leaf_count=9881 51 58 79 74 77 56 56 76 66 92 70 50 56 658
internal_value=6.89606e-07 -0.010807 0.000107712 -3.64531e-05 8.14637e-05 -9.53801e-05 -0.000207743 -0.0117945 4.65914e-05 0.0152793 -0.000178623 -0.019152 -0.0312419 -5.56551e-06
internal_weight=11400 109 11291 11212 11138 11061 11005 238 10767 158 10609 182 106 10539
internal_count=11400 109 11291 11212 11138 11061 11005 238 10767 158 10609 182 106 10539
is_linear=0
shrinkage=0.05


Tree=152
num_leaves=15
num_cat=0
split_feature=50 16 14 17 61 61 54 4 12 1 17 53 36 46
split_gain=4.94818 8.54926 23.0284 13.1108 11.2812 13.222 7.46817 26.0987 57.0468 25.9924 25.7293 38.7895 66.199 38.2203
threshold=3.4500000000000006 0.63333333333333341 24.225000000000005 0.5277777777777779 59.000000000000007 55.500000000000007 0.41666666666666669 36.400000000000006 18.833333333333339 4.7750000000000012 0.31666666666666671 1.2928571428571431 25.100000000000005 2.4450000000000007
decision_type=10 10 10 10 2 2 10 10 10 10 10 10 10 10
left_child=1 3 -3 4 5 6 10 -8 -9 -10 -1 13 -13 -12
right_child=-2 2 -4 -5 -6 -7 7 8 9 -11 11 12 -14 -15
leaf_value=0.00017470312156459033 -0.014141619437169739 0.037497054346810992 -0.0082318879372381536 -0.021549008601734823 0.022773472316255539 -0.025063461356219792 9.245039905623925e-05 -0.051106401892033172 0.011439932388209803 -0.018880271311777969 0.019285528051078055 0.0032475203288890794 0.076422727126957843 -0.026085071525764916
leaf_weight=8860 61 53 55 70 54 52 1515 83 138 143 111 70 56 79
leaf_count=8860 61 53 55 70 54 52 1515 83 138 143 111 70 56 79
internal_value=4.23721e-07 7.9328e-05 0.0140481 -5.33929e-05 8.01436e-05 -2.89562e-05 8.76668e-05 -0.00278115 -0.0147936 -0.00390724 0.000677967 0.0146869 0.036141 0.000270725
internal_weight=11400 11339 108 11231 11161 11107 11055 1879 364 281 9176 316 126 190
internal_count=11400 11339 108 11231 11161 11107 11055 1879 364 281 9176 316 126 190
is_linear=0
shrinkage=0.05


Tree=153
num_leaves=15
num_cat=0
split_feature=61 36 36 13 14 45 54 15 20 31 37 19 20 32
split_gain=4.78475 15.7434 17.0698 15.7343 17.8799 16.5214 11.3723 20.5854 21.0307 23.1979 31.0806 30.4853 17.759 15.9733
threshold=41.500000000000007 9.4833333333333361 4.4999999999999991 14.100000000000001 5.0500000000000007 3.2333333333333338 0.41666666666666669 0.83333333333333337 3.6125000000000003 1.152666666666667 12.660000000000002 1.9000000000000001 2.7071428571428577 1.6431666666666669
decision_type=2 8 10 8 10 8 10 8 10 10 10 10 10 10
left_child=1 2 -1 4 -3 -5 13 8 9 10 -8 -12 -13 -2
right_child=6 3 -4 5 -6 -7 7 -9 -10 -11 11 12 -14 -15
leaf_value=-0.00055086468634038533 0.0032388130772407473 -0.0076581058187747564 0.027309356472110965 0.018697613038546671 -0.047812011277391799 -0.010524937986873477 -0.00013746134752206453 0.017483262142121064 -0.03659059275812078 0.018192204421046628 -0.051876689332324692 0.0020591503684071525 -0.029774996555791605 -0.0070195789057073202
leaf_weight=5664 3865 63 55 61 52 221 504 102 53 101 63 103 74 419
leaf_count=5664 3865 63 55 61 52 221 504 102 53 101 63 103 74 419
internal_value=4.15438e-07 -0.00094948 -0.000276196 -0.0105731 -0.0261595 -0.00409335 0.00110459 -0.00368584 -0.00612657 -0.00416573 -0.00724464 -0.0220344 -0.0111556 0.00222895
internal_weight=11400 6116 5719 397 115 282 5284 1000 898 845 744 240 177 4284
internal_count=11400 6116 5719 397 115 282 5284 1000 898 845 744 240 177 4284
is_linear=0
shrinkage=0.05


Tree=154
num_leaves=15
num_cat=0
split_feature=62 4 27 26 1 13 12 47 37 48 12 45 45 2
split_gain=4.80174 10.1391 7.63232 15.0215 7.90544 15.35 9.67527 40.6134 75.2578 25.0024 19.8353 11.3246 22.9638 15.4799
threshold=13421.500000000002 22.350000000000005 0.010635000000000004 0.0081666666666666676 6.6333333333333337 26.100000000000005 23.416666666666668 2.3816666666666673 27.220000000000002 1.5833333333333337 22.833333333333339 3.6666666666666674 3.4833333333333338 2.8166666666666669
decision_type=2 10 10 10 10 10 10 10 10 10 10 10 10 10
left_child=1 -1 3 4 5 6 10 -8 -9 -10 11 12 -2 -13
right_child=2 -3 -4 -5 -6 -7 7 8 9 -11 -12 13 -14 -15
leaf_value=-0.0011779799779617595 0.00059952926365491345 -0.022201286421881784 -0.017443650980358539 0.025447192860812675 0.018346634306386115 -0.026716305380596703 -0.015060557515122169 0.073011303546095113 -0.01673255607036167 0.025496285984085668 -0.025187617663713482 0.0070908102668351958 0.033192179680144027 -0.026339414551338487
leaf_weight=3456 7083 58 57 61 62 51 107 54 72 67 75 55 54 88
leaf_count=3456 7083 58 57 61 62 51 107 54 72 67 75 55 54 88
internal_value=0 -0.0015352 0.000686913 0.000823213 0.000625004 0.000477997 0.000664172 0.00946088 0.0231887 0.00346157 0.000301349 0.000569087 0.000851942 -0.0133275
internal_weight=11400 3514 7886 7829 7768 7706 7655 300 193 139 7355 7280 7137 143
internal_count=11400 3514 7886 7829 7768 7706 7655 300 193 139 7355 7280 7137 143
is_linear=0
shrinkage=0.05


Tree=155
num_leaves=15
num_cat=0
split_feature=59 62 38 38 20 59 32 49 30 30 20 29 2 46
split_gain=4.80561 24.5981 17.5952 73.5981 21.8954 22.5194 13.933 14.7257 12.9888 26.4211 26.0241 19.8267 13.164 17.4268
threshold=1067.5000000000002 224937.50000000003 17.810000000000006 13.550000000000002 3.0500000000000003 1047.5000000000002 1.8746428571428573 0.45000000000000007 2.1583333333333337 1.9677833333333334 3.2928571428571431 0.010500000000000002 2.5857142857142863 3.1450000000000009
decision_type=2 2 10 8 10 2 8 10 10 10 10 10 10 10
left_child=1 6 3 -3 -4 -6 7 -1 9 11 -11 -2 -10 -14
right_child=8 2 4 -5 5 -7 -8 -9 12 10 -12 -13 13 -15
leaf_value=0.023170420925195955 -0.00025830547136281788 0.0012245025260503905 -0.013031348421346005 0.07161600131055583 -0.0038662189601269444 0.039394576982967555 -0.023375566029309774 -0.0010797861313035096 0.0024355229681297659 -0.0013515574405494246 0.047040977685624721 -0.030788969826475485 -0.045701086535615831 -0.0060414040562256363
leaf_weight=66 9475 107 99 57 56 62 65 1059 77 51 58 53 51 64
leaf_count=66 9475 107 99 57 56 62 65 1059 77 51 58 53 51 64
internal_value=0 0.00256911 0.0136216 0.0259851 0.0041246 0.0187234 -0.000952793 0.000330342 -0.000408669 -0.000149156 0.0242675 -0.000432364 -0.0132703 -0.0239678
internal_weight=11400 1571 381 164 217 118 1190 1125 9829 9637 109 9528 192 115
internal_count=11400 1571 381 164 217 118 1190 1125 9829 9637 109 9528 192 115
is_linear=0
shrinkage=0.05


Tree=156
num_leaves=15
num_cat=0
split_feature=47 38 38 47 13 18 18 36 2 57 19 48 50 51
split_gain=4.71148 11.1581 11.3823 20.9198 9.96091 10.7947 11.1709 24.3956 57.9549 22.9197 48.0636 31.1289 25.6601 23.223
threshold=3.9650000000000003 36.070000000000007 34.090000000000011 3.2700000000000005 26.900000000000002 5.416666666666667 3.1666666666666674 26.066666666666674 3.3875000000000006 2.7500000000000004 2.9000000000000004 0.83333333333333337 1.1339285714285716 1.8333333333333337
decision_type=10 10 10 10 10 10 10 10 10 2 10 10 10 10
left_child=1 2 3 4 5 6 7 -1 -9 10 -8 -11 -13 -14
right_child=-2 -3 -4 -5 -6 -7 9 8 -10 11 -12 12 13 -15
leaf_value=-7.8177391084270458e-05 0.014945482770424515 -0.02113671576678753 0.019021152184125346 -0.022909607486939761 0.020875268248112307 -0.022394447077379049 0.05305065499333135 -0.059593678327898185 0.013820141199433689 -0.024141923920556446 0.0061771497580340243 0.029528917273172757 -0.012045053976184463 0.018442073905539931
leaf_weight=10067 52 62 78 99 57 53 68 55 51 114 281 86 183 94
leaf_count=10067 52 62 78 99 57 53 68 55 51 114 281 86 183 94
internal_value=0 -6.76372e-05 4.68227e-05 -8.38378e-05 0.00011835 8.09604e-06 0.000119331 -0.000332507 -0.0241381 0.00571125 0.0154445 -0.00136647 0.00574074 -0.00159456
internal_weight=11400 11348 11286 11208 11109 11052 10999 10173 106 826 349 477 363 277
internal_count=11400 11348 11286 11208 11109 11052 10999 10173 106 826 349 477 363 277
is_linear=0
shrinkage=0.05


Tree=157
num_leaves=15
num_cat=0
split_feature=60 62 36 47 39 10 12 46 50 36 2 32 32 62
split_gain=4.72073 25.5879 25.4882 31.2276 7.71274 13.3042 10.3433 9.30499 37.5551 19.6511 11.6441 12.2086 22.0876 19.4013
threshold=1.5000000000000002 1092781.5000000002 10.933333333333335 0.19500000000000003 3.3500000000000005 1.0000000180025095e-35 29.166666666666668 3.6700000000000004 1.3666666666666669 39.500000000000007 5.7250000000000005 1.9025000000000005 1.7705000000000004 89563.500000000015
decision_type=2 2 10 10 10 10 10 10 10 10 10 10 10 2
left_child=4 2 3 -2 5 6 7 9 -9 10 11 12 -1 -13
right_child=1 -3 -4 -5 -6 -7 -8 8 -10 -11 -12 13 -14 -15
leaf_value=-0.00017294494296103723 0.00086758565227764014 0.036689725524938863 -0.024911548832419868 0.042681749201942204 0.017132033988481433 -0.021689176888462031 -0.020474556618928913 0.037217912845493188 -0.012675243889875461 -0.027764116684444135 0.022760234325117357 0.009088346159907881 0.029882175032412861 -0.027709360764576842
leaf_weight=10139 398 55 80 50 63 72 62 75 74 64 55 55 61 97
leaf_count=10139 398 55 80 50 63 72 62 75 74 64 55 55 61 97
internal_value=0 0.00438228 0.000938092 0.00563247 -0.000234737 -0.000339593 -0.000192341 -7.06207e-05 0.012312 -0.00024979 -7.68569e-05 -0.000201698 5.80153e-06 -0.0142443
internal_weight=11400 583 528 448 10817 10754 10682 10620 149 10471 10407 10352 10200 152
internal_count=11400 583 528 448 10817 10754 10682 10620 149 10471 10407 10352 10200 152
is_linear=0
shrinkage=0.05


Tree=158
num_leaves=15
num_cat=0
split_feature=41 40 40 57 59 26 13 1 16 62 17 12 47 40
split_gain=4.87982 21.3346 7.97037 23.3168 20.217 20.1333 15.8354 10.0451 23.1198 30.3164 21.2228 19.691 22.6116 12.3488
threshold=2.4000000000000004 2.0100000000000002 0.6100000000000001 3.2500000000000004 1162.5000000000002 0.0069200000000000008 17.775000000000002 5.1000000000000005 0.63333333333333341 1033403.0000000001 0.31666666666666671 23.833333333333339 2.3816666666666673 0.022500000000000003
decision_type=10 10 10 2 2 10 10 10 10 2 10 10 10 10
left_child=1 2 5 4 6 7 -4 11 9 10 -9 13 -13 -1
right_child=-2 -3 3 -5 -6 -7 -8 8 -10 -11 -12 12 -14 -15
leaf_value=-0.00020904069894963392 -0.012839996657606696 0.024401523316976245 0.0079951517319736577 -0.035386171336472032 0.026538962834668389 0.028385699820518497 -0.027453235270721573 -0.027946933698241073 0.013119455927591415 -0.044230341814382346 0.014582103581951679 -0.0070116598329959664 0.033238131360506969 0.024099516783441816
leaf_weight=10470 73 89 58 62 51 62 66 50 78 73 69 54 93 52
leaf_count=10470 73 89 58 62 51 62 66 50 78 73 69 54 93 52
internal_value=0 8.50511e-05 -0.000106377 -0.0091697 5.03294e-05 8.70139e-05 -0.0107062 -7.2382e-05 -0.00958934 -0.0189548 -0.0031202 0.000166558 0.0183094 -8.53919e-05
internal_weight=11400 11327 11238 237 175 11001 124 10939 270 192 119 10669 147 10522
internal_count=11400 11327 11238 237 175 11001 124 10939 270 192 119 10669 147 10522
is_linear=0
shrinkage=0.05


Tree=159
num_leaves=15
num_cat=0
split_feature=40 62 39 36 50 56 59 61 59 62 0 0 14 59
split_gain=4.99553 13.9397 10.4615 22.8065 27.0707 31.6731 7.25893 15.3306 32.3682 53.0274 27.0223 48.4409 29.4932 24.7976
threshold=2.1300000000000003 572171.50000000012 1.0000000180025095e-35 18.633333333333336 1.8875000000000002 0.23611111111111113 1148.7500000000002 47.500000000000007 1132.5000000000002 1217482.0000000002 1.4166666666666667 3.1666666666666674 15.950000000000001 1108.7500000000002
decision_type=10 2 10 10 10 10 2 2 2 2 8 8 10 2
left_child=2 -2 6 -4 5 -5 7 -1 9 10 -9 12 -12 -13
right_child=1 -3 3 4 -6 -7 -8 8 -10 -11 11 13 -14 -15
leaf_value=7.063370661888542e-05 0.0083818650039115764 -0.027090248684281438 0.034985232264907275 0.014755563812871134 0.033582731198039978 -0.029150833512489507 -0.0013851307752164232 -0.0028600782187830692 0.046029506735865353 -0.017243342788809433 0.071304828960161951 0.016432863087641504 0.023913166417147625 -0.021302441000437537
leaf_weight=4567 50 59 67 77 50 86 5664 175 51 196 58 159 82 59
leaf_count=4567 50 59 67 77 50 86 5664 175 51 196 58 159 82 59
internal_value=0 -0.0106264 0.000104854 0.0096415 0.00148917 -0.00827517 -0.000135811 0.00118291 0.00765916 0.00491084 0.013113 0.0209839 0.0439087 0.0060803
internal_weight=11400 109 11291 280 213 163 11011 5347 780 729 533 358 140 218
internal_count=11400 109 11291 280 213 163 11011 5347 780 729 533 358 140 218
is_linear=0
shrinkage=0.05


end of trees

feature_importances:
selected=165
value=102
ict_index_roll3=94
bps_roll3=85
expected_goals_conceded_roll5=83
total_points_roll5=82
influence_roll3=76
opponent_defence_strength=76
ict_index_roll10=72
bps_roll10=71
expected_goals_conceded_roll10=71
influence_roll10=69
bps_roll5=68
total_points_roll3=64
opponent_attack_strength=62
influence_roll5=61
ict_index_roll5=57
expected_goals_conceded_roll3=54
minutes_roll3=53
total_points_roll10=52
fixture_count=48
creativity_roll5=45
creativity_roll10=45
saves_roll10=42
team_goals_scored_roll10=39
saves_roll3=35
team_goals_conceded_roll5=34
expected_assists_roll10=31
team_goals_scored_roll3=30
expected_goal_involvements_roll10=29
team_goals_scored_roll5=28
team_goals_conceded_roll10=28
expected_assists_roll5=27
clean_sheets_roll5=26
saves_roll5=25
difficulty=25
minutes_roll10=24
clean_sheets_roll10=24
team_goals_conceded_roll3=23
minutes_roll5=21
creativity_roll3=21
team_clean_sheet_roll10=20
clean_sheets_roll3=12
expected_goal_involvements_roll5=11
expected_goal_involvements_roll3=8
expected_assists_roll3=7
team_clean_sheet_roll3=7
team_clean_sheet_roll5=5
assists_roll5=2
assists_roll10=1

parameters:
[boosting: gbdt]
[objective: regression]
[metric: l1]
[tree_learner: serial]
[device_type: cpu]
[data_sample_strategy: bagging]
[data: ]
[valid: ]
[num_iterations: 500]
[learning_rate: 0.05]
[num_leaves: 15]
[num_threads: 0]
[seed: 0]
[deterministic: 0]
[force_col_wise: 0]
[force_row_wise: 0]
[histogram_pool_size: -1]
[max_depth: -1]
[min_data_in_leaf: 50]
[min_sum_hessian_in_leaf: 0.001]
[bagging_fraction: 1]
[pos_bagging_fraction: 1]
[neg_bagging_fraction: 1]
[bagging_freq: 0]
[bagging_seed: 3]
[bagging_by_query: 0]
[feature_fraction: 0.8]
[feature_fraction_bynode: 1]
[feature_fraction_seed: 2]
[extra_trees: 0]
[extra_seed: 6]
[early_stopping_round: 0]
[early_stopping_min_delta: 0]
[first_metric_only: 0]
[max_delta_step: 0]
[lambda_l1: 0.5]
[lambda_l2: 0.5]
[linear_lambda: 0]
[min_gain_to_split: 0]
[drop_rate: 0.1]
[max_drop: 50]
[skip_drop: 0.5]
[xgboost_dart_mode: 0]
[uniform_drop: 0]
[drop_seed: 4]
[top_rate: 0.2]
[other_rate: 0.1]
[min_data_per_group: 100]
[max_cat_threshold: 32]
[cat_l2: 10]
[cat_smooth: 10]
[max_cat_to_onehot: 4]
[top_k: 20]
[monotone_constraints: ]
[monotone_constraints_method: basic]
[monotone_penalty: 0]
[feature_contri: ]
[forcedsplits_filename: ]
[refit_decay_rate: 0.9]
[cegb_tradeoff: 1]
[cegb_penalty_split: 0]
[cegb_penalty_feature_lazy: ]
[cegb_penalty_feature_coupled: ]
[path_smooth: 0]
[interaction_constraints: ]
[verbosity: -1]
[saved_feature_importance_type: 0]
[use_quantized_grad: 0]
[num_grad_quant_bins: 4]
[quant_train_renew_leaf: 0]
[stochastic_rounding: 1]
[linear_tree: 0]
[max_bin: 255]
[max_bin_by_feature: ]
[min_data_in_bin: 3]
[bin_construct_sample_cnt: 200000]
[data_random_seed: 1]
[is_enable_sparse: 1]
[enable_bundle: 1]
[use_missing: 1]
[zero_as_missing: 0]
[feature_pre_filter: 1]
[pre_partition: 0]
[two_round: 0]
[header: 0]
[label_column: ]
[weight_column: ]
[group_column: ]
[ignore_column: ]
[categorical_feature: ]
[forcedbins_filename: ]
[precise_float_parser: 0]
[parser_config_file: ]
[objective_seed: 5]
[num_class: 1]
[is_unbalance: 0]
[scale_pos_weight: 1]
[sigmoid: 1]
[boost_from_average: 1]
[reg_sqrt: 0]
[alpha: 0.9]
[fair_c: 1]
[poisson_max_delta_step: 0.7]
[tweedie_variance_power: 1.5]
[lambdarank_truncation_level: 30]
[lambdarank_norm: 1]
[label_gain: ]
[lambdarank_position_bias_regularization: 0]
[eval_at: ]
[multi_error_top_k: 1]
[auc_mu_weights: ]
[num_machines: 1]
[local_listen_port: 12400]
[time_out: 120]
[machine_list_filename: ]
[machines: ]
[gpu_platform_id: -1]
[gpu_device_id: -1]
[gpu_device_id_list: ]
[gpu_use_dp: 0]
[num_gpu: 1]

end of parameters

pandas_categorical:[]
