tree
version=v4
num_class=1
num_tree_per_iteration=1
label_index=0
max_feature_idx=62
objective=regression
feature_names=total_points_roll3 total_points_roll5 total_points_roll10 minutes_roll3 minutes_roll5 minutes_roll10 goals_scored_roll3 goals_scored_roll5 goals_scored_roll10 assists_roll3 assists_roll5 assists_roll10 bps_roll3 bps_roll5 bps_roll10 clean_sheets_roll3 clean_sheets_roll5 clean_sheets_roll10 saves_roll3 saves_roll5 saves_roll10 expected_goals_roll3 expected_goals_roll5 expected_goals_roll10 expected_assists_roll3 expected_assists_roll5 expected_assists_roll10 expected_goal_involvements_roll3 expected_goal_involvements_roll5 expected_goal_involvements_roll10 expected_goals_conceded_roll3 expected_goals_conceded_roll5 expected_goals_conceded_roll10 defensive_contribution_roll3 defensive_contribution_roll5 defensive_contribution_roll10 influence_roll3 influence_roll5 influence_roll10 creativity_roll3 creativity_roll5 creativity_roll10 threat_roll3 threat_roll5 threat_roll10 ict_index_roll3 ict_index_roll5 ict_index_roll10 team_goals_scored_roll3 team_goals_scored_roll5 team_goals_scored_roll10 team_goals_conceded_roll3 team_goals_conceded_roll5 team_goals_conceded_roll10 team_clean_sheet_roll3 team_clean_sheet_roll5 team_clean_sheet_roll10 difficulty opponent_attack_strength opponent_defence_strength fixture_count value selected
feature_infos=[-2:21] [-2:20.5] [-2:20.5] [0:150] [0:144] [0:127.40000000000001] [0:3] [0:3] [0:3] [0:4] [0:4] [0:4] [-6:74] [-6:61] [-6:61] [0:1.3333333333333333] [0:1.2] [0:1] [0:0] [0:0] [0:0] [0:1.5700000000000001] [0:1.5700000000000001] [0:1.5700000000000001] [0:0.97999999999999998] [0:0.97999999999999998] [0:0.97999999999999998] [0:1.716666666666667] [0:1.7049999999999998] [0:1.7049999999999998] [0:4.5233333333333334] [0:4.0999999999999996] [0:4.0999999999999996] [0:0] [0:0] [0:0] [0:106.2] [0:106.2] [0:106.2] [0:96.200000000000003] [0:96.200000000000003] [0:96.200000000000003] [0:134] [0:99.400000000000006] [0:93] [0:23.799999999999997] [0:20.399999999999999] [0:20.399999999999999] [0:6.333333333333333] [0:5] [0:5] [0:6] [0:5] [0:5] [0:1.3333333333333333] [0:1.2] [0:1] [1:5] [1000:1400] [990:1390] [1:2] [5:138] [0:8268869]
tree_sizes=1423 1480 1467 1493 1479 1477 1479 1484 1485 1491 1479 1475 1490 1475 1480 1483 1479 1487 1477 1474 1479 1477 1491 1472 1484 1475 1488 1473 1496 1493 1470 1466 1480 1481 1471 1494 1473 1477 1480 1471 1491 1484 1457 1478 1477 1473 1474 1478 1457 1482 1483 1472 1456 1471 1469 1470 1471 1457 1479 1472 1463 1486 1470 1448 1459 1488 1461 1471 1479 1468 1453 1479 1493 1498 1451 1481 1442 1473 1481 1480 1484 1475 1483 1482 1443 1455 1477 1471 1474 1486 1440 1479 1485 1474 1478 1485 1479 1476 1474 1489 1473 1473 1466 1478 1494 1456 1478 1474 1489 1494 1477 1484 1484 1490 1490 1487 1464 1463 1459 1481 1486 1485 1470 1459 1493 1495 1465 1503 1460 1484 1470 1457 1468 1481 1483 1487 1466 1486 1491 1481 1452 1500 1480 1462 1465 1464 1468 1492 1485

Tree=0
num_leaves=15
num_cat=0
split_feature=0 47 45 4 60 60 62 62 47 61 1 62 62 39
split_gain=61646.9 9033.48 7526.77 3195.73 2862.09 2094.97 1872.6 1646.41 1641.2 755.747 608.663 562.14 555.185 548.671
threshold=1.1666666666666667 5.205000000000001 0.1000000000000001 1.0000000180025095e-35 1.5000000000000002 1.5000000000000002 100369.50000000001 2854117.0000000005 2.5612500000000007 64.500000000000014 1.0000000180025095e-35 52808.000000000007 515845.50000000006 9.3416666666666703
decision_type=10 10 8 10 2 2 2 2 10 2 10 2 2 8
left_child=2 3 10 11 7 8 -4 12 -5 -6 -1 -2 -3 -8
right_child=1 4 6 5 9 -7 13 -9 -10 -11 -12 -13 -14 -15
leaf_value=1.2805884422103293 1.5298474407437157 1.4446041269221899 1.3313625787099042 1.3662391375974716 1.567576995590956 1.4913136260251258 1.3728119155457486 1.5623482733359775 1.4060937364728414 1.750411892911393 1.3031997082378401 1.7061561757145238 1.4831222652241893 1.4438510213375075
leaf_weight=17314 210 2062 7030 4313 126 537 710 462 6452 108 3607 59 1741 442
leaf_count=17314 210 2062 7030 4313 126 537 710 462 6452 108 3607 59 1741 442
internal_value=1.34379 1.42239 1.30039 1.39901 1.48251 1.39495 1.34105 1.47313 1.39013 1.65276 1.28448 1.56921 1.46226 1.40012
internal_weight=45173 16070 29103 11571 4499 11302 8182 4265 10765 234 20921 269 3803 1152
internal_count=45173 16070 29103 11571 4499 11302 8182 4265 10765 234 20921 269 3803 1152
is_linear=0
shrinkage=1


Tree=1
num_leaves=15
num_cat=0
split_feature=0 47 3 3 60 60 62 62 47 61 39 62 62 2
split_gain=55639.8 8183.66 6970.45 2932.03 2658.48 1839.04 1614.4 1527.73 1336.64 716.299 535.565 523.439 507.922 486.077
threshold=1.1666666666666667 5.0105555555555563 3.4166666666666674 1.0000000180025095e-35 1.5000000000000002 1.5000000000000002 100369.50000000001 2854117.0000000005 2.4816666666666674 64.500000000000014 8.2166666666666721 515845.50000000006 52808.000000000007 0.31666666666666671
decision_type=10 10 8 10 2 2 2 2 10 2 8 2 2 10
left_child=2 3 13 12 7 8 -4 11 -5 -6 -8 -3 -2 -1
right_child=1 4 6 5 9 -7 10 -9 -10 -11 -12 -13 -14 -15
leaf_value=-0.059873070510067995 0.17677720594009708 0.094926034810974641 -0.011568949318531613 0.020316917615340949 0.21075667194886641 0.13861312195161507 0.023800293083259285 0.20638848684656122 0.056990866235223703 0.38437686891577361 0.092801658892581185 0.13097399337364465 0.344400666616544 -0.037787986253573151
leaf_weight=17827 210 2328 7198 4088 137 524 697 465 6347 110 473 1802 59 2908
leaf_count=17827 210 2328 7198 4088 137 524 697 465 6347 110 473 1802 59 2908
internal_value=7.38772e-07 0.0746765 -0.0412332 0.0512376 0.129012 0.0472255 -0.00271097 0.120387 0.0426276 0.288799 0.0517448 0.110674 0.214206 -0.0567779
internal_weight=45173 16070 29103 11228 4842 10959 8368 4595 10435 247 1170 4130 269 20735
internal_count=45173 16070 29103 11228 4842 10959 8368 4595 10435 247 1170 4130 269 20735
is_linear=0
shrinkage=0.05


Tree=2
num_leaves=15
num_cat=0
split_feature=1 2 3 60 62 62 45 14 45 2 60 3 1 62
split_gain=49338.4 7888.54 5371.98 3439.72 2146.67 1300.02 1245.81 1164.22 1140.64 1014.2 789.806 750.083 548.912 527.644
threshold=1.1000000000000003 2.6125000000000003 3.4166666666666674 1.5000000000000002 1945740.0000000002 154456.50000000003 2.7333333333333338 3.5277777777777781 8.1833333333333353 5.8660714285714297 1.5000000000000002 30.166666666666668 8.7083333333333339 223794.00000000003
decision_type=10 10 8 2 2 2 10 10 10 10 2 10 10 2
left_child=2 6 -1 4 7 -4 -2 -3 11 -5 -8 -9 -6 -13
right_child=1 3 5 9 12 -7 10 8 -10 -11 -12 13 -14 -15
leaf_value=-0.054355604459996536 0.017218218511577246 0.19141138557012718 -0.01093227828788307 0.20970318982390321 0.15435586209924401 0.065072702642563596 0.049186358617651534 0.0066286982869690359 0.12676069577688417 0.43565624091041899 0.14804780474831078 0.063446471321103801 0.26677103543214586 0.09640571022269695
leaf_weight=20481 4796 252 6776 367 640 613 4280 405 1165 58 212 2874 133 2121
leaf_count=20481 4796 252 6776 367 640 613 4280 405 1165 58 212 2874 133 2121
internal_value=1.90227e-06 0.0663193 -0.0411706 0.102662 0.0948935 -0.00461946 0.0349507 0.0859201 0.0818527 0.241074 0.0538736 0.0721488 0.17389 0.077455
internal_weight=45173 17303 27870 8015 7590 7389 9288 6817 6565 425 4492 5400 773 4995
internal_count=45173 17303 27870 8015 7590 7389 9288 6817 6565 425 4492 5400 773 4995
is_linear=0
shrinkage=0.05


Tree=3
num_leaves=15
num_cat=0
split_feature=1 47 3 4 60 45 60 62 62 62 3 61 1 57
split_gain=44530.8 7544.27 4867.81 2515.81 2094.75 1948.9 1449.78 1221.14 1186.27 746.177 591.431 559.026 557.227 529.86
threshold=1.1000000000000003 5.5050000000000017 6.8333333333333348 1.0000000180025095e-35 1.5000000000000002 2.7666666666666688 1.5000000000000002 1945740.0000000002 154456.50000000003 35906.500000000007 36.416666666666679 64.500000000000014 1.0000000180025095e-35 2.7500000000000004
decision_type=10 10 8 10 2 10 2 2 2 2 10 2 10 2
left_child=2 3 12 -2 7 10 9 -3 -4 -7 -5 -6 -1 -11
right_child=1 4 8 5 11 6 -8 -9 -10 13 -12 -13 -14 -15
leaf_value=-0.054387982454377294 0.19424207928284543 0.10032023556854 -0.0072718322843018509 -0.00068537698450589523 0.19309767616482884 0.034030815588096362 0.15737871975112713 0.1721596030768543 0.068161626465443229 0.087540520476082906 0.032325732489202758 0.35653949325353329 -0.034214218791596432 0.05097542845116159
leaf_weight=17303 275 3120 5713 2179 110 2824 355 733 573 1824 3589 106 4281 2188
leaf_count=17303 275 3120 5713 2179 110 2824 355 733 573 1824 3589 106 4281 2188
internal_value=3.06084e-06 0.0630067 -0.0391121 0.0446937 0.122549 0.0415109 0.0588779 0.114014 -0.000386848 0.0537479 0.0198517 0.274059 -0.0503887 0.0676143
internal_weight=45173 17303 27870 13234 4069 12959 7191 3853 6286 6836 5768 216 21584 4012
internal_count=45173 17303 27870 13234 4069 12959 7191 3853 6286 6836 5768 216 21584 4012
is_linear=0
shrinkage=0.05


Tree=4
num_leaves=15
num_cat=0
split_feature=1 3 47 14 60 60 62 62 47 1 36 62 62 53
split_gain=40209.6 6550.57 5501.69 2072.35 1876.11 1776.03 1226.32 1088.1 1070.67 576.111 563.397 513.802 465.272 445.288
threshold=1.4500000000000002 7.166666666666667 5.5050000000000017 0.5277777777777779 1.5000000000000002 1.5000000000000002 100369.50000000001 2854117.0000000005 2.9950000000000006 1.0000000180025095e-35 3.0000000000000013 1945740.0000000002 40767.500000000007 1.8944444444444446
decision_type=10 8 10 10 2 2 2 2 10 10 10 2 2 10
left_child=1 9 3 13 7 8 10 -4 -5 -1 -3 -6 -10 -2
right_child=2 6 4 5 11 -7 -8 -9 12 -11 -12 -13 -14 -15
leaf_value=-0.051667948020714963 0.21189270591761589 -0.015822126860015811 0.098949624907624725 0.021651779972245624 0.21323708007547346 0.13622940358549532 0.052407897295387557 0.1808521965789853 0.03522708478339831 -0.03174011997769282 0.0122959924341348 0.3917256850650353 0.06500545405282708 0.048760170908201311
leaf_weight=17306 231 3939 3353 4314 160 509 1154 463 2026 4602 3251 56 3757 52
leaf_count=17306 231 3939 3353 4314 160 509 1154 463 2026 4602 3251 56 3757 52
internal_value=3.82245e-06 -0.0331252 0.0671728 0.04869 0.11707 0.0451182 0.00457236 0.108916 0.0405162 -0.0474839 -0.00310491 0.260425 0.0545813 0.182145
internal_weight=45173 30252 14921 10889 4032 10606 8344 3816 10097 21908 7190 216 5783 283
internal_count=45173 30252 14921 10889 4032 10606 8344 3816 10097 21908 7190 216 5783 283
is_linear=0
shrinkage=0.05


Tree=5
num_leaves=15
num_cat=0
split_feature=0 47 3 3 60 47 62 60 62 61 57 58 57 60
split_gain=37374.6 7037.83 2703.21 2373.86 1795.62 1635.57 1043.97 1003.21 845.233 618.353 503.636 491.046 458.521 456.023
threshold=0.83333333333333337 5.0105555555555563 2.8333333333333335 1.0000000180025095e-35 1.5000000000000002 2.5950000000000011 2854117.0000000005 1.5000000000000002 154456.50000000003 64.500000000000014 2.7500000000000004 1143.7500000000002 3.7500000000000004 1.5000000000000002
decision_type=10 10 8 10 2 10 2 2 2 2 2 2 2 2
left_child=2 3 -1 -2 6 13 10 12 -4 -6 -3 -11 -7 -5
right_child=1 4 8 5 9 7 -8 -9 -10 11 -12 -13 -14 -15
leaf_value=-0.046877790134824814 0.18064434590103393 0.10996634835494845 -0.014921791731184013 0.012274142221623768 0.16325992181741403 0.053331748373427634 0.16959749123463697 0.13396382924758085 0.049378890515698326 0.42745296484996792 0.074981797291378993 0.21608476490408435 0.022763695118277406 0.076475982736661036
leaf_weight=20390 277 1862 5578 6308 143 4867 465 338 562 56 2333 59 1646 289
leaf_count=20390 277 1862 5578 6308 143 4867 465 338 562 56 2333 59 1646 289
internal_value=4.60979e-06 0.0542581 -0.0381194 0.0358635 0.105579 0.0328729 0.0984401 0.0499846 -0.00902868 0.233988 0.0905273 0.320633 0.0456126 0.0150961
internal_weight=45173 18643 26530 13725 4918 13448 4660 6851 6140 258 4195 115 6513 6597
internal_count=45173 18643 26530 13725 4918 13448 4660 6851 6140 258 4195 115 6513 6597
is_linear=0
shrinkage=0.05


Tree=6
num_leaves=15
num_cat=0
split_feature=0 47 3 3 62 62 62 3 62 39 61 61 59 61
split_gain=33835.9 5026.35 4089.27 1696.6 1275.25 1252.53 1017.74 444.473 440.407 439.75 433.186 427.842 393.963 373.28
threshold=1.1666666666666667 5.5050000000000017 3.4166666666666674 1.0000000180025095e-35 54883.500000000007 1945740.0000000002 100369.50000000001 64.833333333333357 52808.000000000007 9.3416666666666703 89.500000000000014 46.500000000000007 1157.5000000000002 41.500000000000007
decision_type=10 10 8 10 2 2 2 10 2 8 2 2 2 2
left_child=2 3 13 8 7 -3 11 -5 -2 -8 -7 -4 -6 -1
right_child=1 5 6 4 12 10 9 -9 -10 -11 -12 -13 -14 -15
leaf_value=0.071549698646120027 0.1315885734388211 0.093055747560885804 -0.03016936508480805 0.012912161832155811 0.072127250355575392 0.13470931997834729 0.016686822606775353 0.038272655265521871 0.28718830968151571 0.07999154399418075 0.21237444809125178 -0.002420232514708492 0.043646743307218454 -0.044444726019271436
leaf_weight=69 210 3196 1881 3479 2619 492 729 3441 59 441 291 5317 2283 20666
leaf_count=69 210 3196 1881 3479 2619 492 729 3441 59 441 291 5317 2283 20666
internal_value=5.55634e-06 0.0582396 -0.0321495 0.0421916 0.0393591 0.106987 -0.00264312 0.0255282 0.166279 0.0405932 0.163722 -0.00967677 0.058874 -0.0440558
internal_weight=45173 16070 29103 12091 11822 3979 8368 6920 269 1170 783 7198 4902 20735
internal_count=45173 16070 29103 12091 11822 3979 8368 6920 269 1170 783 7198 4902 20735
is_linear=0
shrinkage=0.05


Tree=7
num_leaves=15
num_cat=0
split_feature=0 47 0 60 4 60 61 61 47 61 61 57 1 29
split_gain=30538.4 4558.6 3669.69 1616.74 1594.14 1156.35 1045.46 898.286 815.14 575.948 476.477 467.887 389.122 351.897
threshold=1.1666666666666667 5.0105555555555563 1.0000000180025095e-35 1.5000000000000002 1.0000000180025095e-35 1.5000000000000002 73.500000000000014 89.500000000000014 2.4527777777777784 48.500000000000007 64.500000000000014 3.7500000000000004 8.7083333333333339 0.52450000000000008
decision_type=10 10 8 2 10 2 2 2 10 2 2 2 10 10
left_child=2 4 -1 7 -2 8 9 11 -6 -4 -5 13 -9 -3
right_child=1 3 6 10 5 -7 -8 12 -10 -11 -12 -13 -14 -15
leaf_value=-0.043144937081904269 0.15800821421761238 0.085594250116028406 -0.022303247161880618 0.15690967317602852 0.0135149014713195 0.10734435386691168 0.096984255548912227 0.12981014242600802 0.042262411871400639 0.0025460888179859751 0.29839734866608325 0.052070950009714227 0.24147453068922731 0.14457928780730994
leaf_weight=19352 269 2749 4091 137 4006 524 242 431 6429 5418 110 1037 97 281
leaf_count=19352 269 2749 4091 137 4006 524 242 431 6429 5418 110 1037 97 281
internal_value=6.11845e-06 0.0553298 -0.0305419 0.0958841 0.0378353 0.0348762 -0.00552623 0.089157 0.0312298 -0.00814267 0.220497 0.081159 0.150581 0.0910957
internal_weight=45173 16070 29103 4842 11228 10959 9751 4595 10435 9509 247 4067 528 3030
internal_count=45173 16070 29103 4842 11228 10959 9751 4595 10435 9509 247 4067 528 3030
is_linear=0
shrinkage=0.05


Tree=8
num_leaves=15
num_cat=0
split_feature=0 2 45 60 45 44 2 60 14 47 3 29 59 2
split_gain=27668.5 5288.77 1992.92 1989.32 1212.07 823.616 769.406 634.19 630.437 485.615 442.817 470.372 403.387 399.314
threshold=0.83333333333333337 2.5857142857142863 1.0000000180025095e-35 1.5000000000000002 7.583333333333333 8.5277777777777803 5.8660714285714297 1.5000000000000002 3.5277777777777781 9.5316666666666681 52.166666666666679 0.26050000000000012 1035.0000000000002 0.89444444444444449
decision_type=10 10 8 2 10 10 10 2 10 10 10 10 2 8
left_child=2 5 -1 4 8 -2 -5 12 -3 -6 -10 -12 -7 -4
right_child=1 3 13 6 9 7 -8 -9 10 -11 11 -13 -14 -15
leaf_value=-0.040843849858284723 0.014434118498658902 0.13672389477254385 -0.021134651190851256 0.1539311198120803 0.090105541555011714 0.12188660479710788 0.34990642357331059 0.15452064066429549 0.024795150733347471 0.14722974976128364 0.051624279336438907 0.086832143004187207 0.036223462836349911 0.0031001157015539335
leaf_weight=19726 7568 251 3526 382 1500 145 58 128 963 500 3178 1360 2610 3278
leaf_count=19726 7568 251 3526 382 1500 145 58 128 963 500 3178 1360 2610 3278
internal_value=6.89963e-06 0.0466871 -0.0327952 0.0767671 0.0708824 0.023104 0.180189 0.0458477 0.0592045 0.104432 0.0556508 0.0621897 0.0407624 -0.00945589
internal_weight=45173 18643 26530 8192 7752 10451 440 2883 5752 2000 5501 4538 2755 6804
internal_count=45173 18643 26530 8192 7752 10451 440 2883 5752 2000 5501 4538 2755 6804
is_linear=0
shrinkage=0.05


Tree=9
num_leaves=15
num_cat=0
split_feature=0 46 45 3 60 47 60 47 57 57 47 43 45 27
split_gain=24972.5 4841.51 1798.6 1667.12 1618.55 1020.82 831.614 763.153 498.577 420.058 366.834 356.471 304.45 300.022
threshold=0.83333333333333337 4.9450000000000012 1.0000000180025095e-35 1.0000000180025095e-35 1.5000000000000002 1.9612500000000004 1.5000000000000002 9.5316666666666681 2.7500000000000004 3.7500000000000004 1.5683333333333336 51.100000000000009 8.1833333333333353 0.57488000000000017
decision_type=10 10 8 10 2 10 2 10 2 2 8 10 10 10
left_child=2 3 -1 -2 7 -5 8 9 -7 12 -4 -9 -3 -6
right_child=1 4 10 5 13 6 -8 11 -10 -11 -12 -13 -14 -15
leaf_value=-0.038801709373807551 0.14913808502055537 0.070456970357726315 -0.018683104605291385 0.0059946837727222384 0.17489875356774581 0.046284099756743406 0.10534870546794557 0.10905153453639367 0.021030567303429695 0.044557585617731037 0.0049053971603898947 0.20164329670501263 0.1040684651236698 0.31174074806789365
leaf_weight=19726 277 2571 4007 4488 237 3457 406 418 4513 1161 2797 141 924 50
leaf_count=19726 277 2571 4007 4488 237 3457 406 418 4513 1161 2797 141 924 50
internal_value=7.55574e-06 0.0443553 -0.0311555 0.0278633 0.0837341 0.0252443 0.0355546 0.0773494 0.0319897 0.0706958 -0.00898298 0.132611 0.0793639 0.199326
internal_weight=45173 18643 26530 13141 5502 12864 8376 5215 7970 4656 6804 559 3495 287
internal_count=45173 18643 26530 13141 5502 12864 8376 5215 7970 4656 6804 559 3495 287
is_linear=0
shrinkage=0.05


Tree=10
num_leaves=15
num_cat=0
split_feature=0 62 3 60 45 62 3 3 58 62 60 2 62 62
split_gain=22601.1 3768.21 2776.05 1754.06 1052.67 853.715 775.645 647.249 540.721 505.325 489.72 400.445 353.842 331.838
threshold=1.1666666666666667 114609.00000000001 7.166666666666667 1.5000000000000002 8.1833333333333353 100369.50000000001 1.0000000180025095e-35 64.833333333333357 1202.5000000000002 515845.50000000006 1.5000000000000002 0.31666666666666671 1289631.0000000002 4676991.0000000009
decision_type=10 2 8 2 10 2 10 10 2 2 2 10 2 2
left_child=2 6 11 4 9 -4 -2 -8 -5 -3 -9 -1 -7 -6
right_child=1 3 5 8 13 12 7 10 -10 -11 -12 -13 -14 -15
leaf_value=-0.038128970774100122 0.11649406411809096 0.046608229258326125 -0.0064278759403405593 0.21549091192399278 0.099272064477142985 0.03473130723238356 0.010623796712545397 0.033832726772133816 0.074966100805715932 0.080449501814082211 0.1103596890570091 -0.020310968250441465 0.15842453348866808 0.18414830331562781
leaf_weight=18189 236 3135 6006 283 1375 1022 4298 4594 92 1711 219 3825 61 127
leaf_count=18189 236 3135 6006 283 1375 1022 4298 4594 92 1711 219 3825 61 127
internal_value=8.1698e-06 0.0476024 -0.0262717 0.076152 0.0699271 0.00093756 0.0270619 0.0247363 0.181228 0.058569 0.0373311 -0.0350347 0.0417913 0.106524
internal_weight=45173 16070 29103 6723 6348 7089 9347 9111 375 4846 4813 22014 1083 1502
internal_count=45173 16070 29103 6723 6348 7089 9347 9111 375 4846 4813 22014 1083 1502
is_linear=0
shrinkage=0.05


Tree=11
num_leaves=15
num_cat=0
split_feature=2 46 3 60 5 42 60 62 62 62 58 62 62 3
split_gain=20400.5 3113.78 2816.96 1201.37 1128.32 817.359 754.139 630.259 606.658 432.951 383.089 382.401 363.164 345.829
threshold=1.4142857142857144 5.5100000000000016 7.166666666666667 1.5000000000000002 1.2111111111111115 3.4166666666666674 1.5000000000000002 114609.00000000001 2854117.0000000005 114609.00000000001 1091.2500000000002 52808.000000000007 108906.00000000001 36.416666666666679
decision_type=10 10 8 2 10 10 2 2 2 2 2 2 2 10
left_child=2 4 -1 8 11 -6 9 13 12 -7 -8 -2 -3 -4
right_child=1 3 7 -5 5 6 10 -9 -10 -11 -12 -13 -14 -15
leaf_value=-0.034020133989799438 0.10039647456267138 0.040440511843554822 -0.010498240286521307 0.19088749058552512 0.0093824974320967872 0.02605832519162854 0.23573789544758342 0.043729937150726143 0.13012525867296165 0.051726694263328668 0.088200300617153032 0.24465233257838659 0.077020267059779157 0.014268944412854409
leaf_weight=21487 216 892 5167 236 3505 4654 52 775 447 2547 293 59 2906 1937
leaf_count=21487 216 892 5167 236 3505 4654 52 775 447 2547 293 59 2906 1937
internal_value=8.59175e-06 0.0458065 -0.0246428 0.0810897 0.031842 0.0293458 0.038614 0.000927596 0.0749579 0.0351437 0.110819 0.131825 0.0684422 -0.00374109
internal_weight=45173 15807 29366 4481 11326 11051 7546 7879 4245 7201 345 275 3798 7104
internal_count=45173 15807 29366 4481 11326 11051 7546 7879 4245 7201 345 275 3798 7104
is_linear=0
shrinkage=0.05


Tree=12
num_leaves=15
num_cat=0
split_feature=0 62 47 62 3 3 14 46 62 59 1 62 45 62
split_gain=18486.5 3806.29 1367.53 1126.14 850.762 852.503 649.446 653.152 544.402 505.133 365.1 317.095 513.641 255.333
threshold=0.83333333333333337 114609.00000000001 0.37000000000000011 1945740.0000000002 1.0000000180025095e-35 59.833333333333336 1.0500000000000003 4.0266666666666682 1289631.0000000002 1137.5000000000002 8.7083333333333339 12922.000000000002 1.2000000000000013 21153.500000000004
decision_type=10 2 8 2 10 10 10 10 2 2 10 2 8 2
left_child=2 4 -1 6 -2 -6 -3 -8 11 -9 -5 -4 -13 -7
right_child=1 3 8 10 5 13 7 9 -10 -11 -12 12 -14 -15
leaf_value=-0.033728418322837336 0.1126759854270929 0.23324817076464682 -0.019520523083342522 0.10600018996444752 0.004583324439205093 0.021342463426847126 0.034623047043204201 0.087895072792873175 0.13754154722110964 0.053083413738636703 0.19434133523911762 -0.010823811084005196 0.032100077434587787 0.042640705091545723
leaf_weight=19335 244 53 3743 709 5621 2798 2019 1954 63 2254 142 2409 980 2849
leaf_count=19335 244 53 3743 709 5621 2798 2019 1954 63 2254 142 2409 980 2849
internal_value=9.10738e-06 0.0381655 -0.0268032 0.0668714 0.0203797 0.0183739 0.0595402 0.0580391 -0.00818873 0.0692628 0.120876 -0.00948909 0.00158405 0.032095
internal_weight=45173 18643 26530 7131 11512 11268 6280 6227 7195 4208 851 7132 3389 5647
internal_count=45173 18643 26530 7131 11512 11268 6280 6227 7195 4208 851 7132 3389 5647
is_linear=0
shrinkage=0.05


Tree=13
num_leaves=15
num_cat=0
split_feature=2 39 62 60 60 45 14 61 62 58 61 58 45 62
split_gain=16726.8 2573.74 2342.74 947.372 899.468 722.571 753.176 507.332 560.007 461.027 538.438 445.961 303.24 299.321
threshold=1.5634920634920637 0.266666666666667 552999.00000000012 1.5000000000000002 1.5000000000000002 4.8833333333333355 2.7071428571428577 46.500000000000007 114609.00000000001 1047.5000000000002 89.500000000000014 1141.2500000000002 1.1000000000000012 17305.500000000004
decision_type=10 8 2 2 2 10 10 2 2 2 2 2 10 2
left_child=1 -1 3 5 9 6 -2 -3 -9 -4 -11 -6 -8 -5
right_child=2 7 4 13 11 -7 12 8 -10 10 -12 -13 -14 -15
leaf_value=-0.031135151675448187 0.10164509374097637 -0.019376610973143304 0.13700749559146641 0.023988186847818255 0.28161236886718494 0.049568045479678365 -0.0035120979983113637 0.0026819151919803578 0.050323126062426116 0.058827752510784592 0.12144323252096539 0.11888563367846133 0.023486099336442096 0.1143023373740913
leaf_weight=20943 287 2372 282 116 79 3423 1234 6175 685 2051 414 94 6560 458
leaf_count=20943 287 2372 282 116 79 3423 1234 6175 685 2051 414 94 6560 458
internal_value=9.4246e-06 -0.0214401 0.0431655 0.033443 0.0833593 0.0303089 0.0221454 0.00055106 0.00744606 0.0763523 0.0693767 0.193936 0.0192084 0.096131
internal_weight=45173 30175 14998 12078 2920 11504 8081 9232 6860 2747 2465 173 7794 574
internal_count=45173 30175 14998 12078 2920 11504 8081 9232 6860 2747 2465 173 7794 574
is_linear=0
shrinkage=0.05


Tree=14
num_leaves=15
num_cat=0
split_feature=0 62 0 62 61 57 57 2 45 61 62 57 2 46
split_gain=15171.2 2558.78 1876.24 881.147 730.721 723.776 705.322 536.173 425.523 420.806 384.278 335.879 324.938 319.752
threshold=1.1666666666666667 114609.00000000001 1.0000000180025095e-35 1945740.0000000002 73.500000000000014 2.7500000000000004 2.2500000000000004 2.683333333333334 8.1833333333333353 46.500000000000007 11106.000000000002 2.7500000000000004 8.8166666666666682 1.6100000000000003
decision_type=10 2 8 2 2 2 2 10 10 2 2 2 10 10
left_child=2 7 -1 5 9 6 8 -2 -3 -4 -11 -6 -5 -9
right_child=1 3 4 12 11 -7 -8 13 -10 10 -12 -13 -14 -15
leaf_value=-0.030533088219975937 0.01478392469753778 0.060302826330180283 -0.022428511271107416 0.099351602084762819 0.14182073462395989 0.039590672671506281 0.21309917761460362 0.09353233712995164 0.11260388744849631 -0.0098561422323290258 0.014071084979665424 0.023716285572668184 0.20029880481447965 0.035612970815329444
leaf_weight=19352 6822 2101 2722 758 119 3205 89 267 480 3753 3034 123 90 2258
leaf_count=19352 6822 2101 2722 758 119 3205 89 267 480 3753 3034 123 90 2258
internal_value=9.7445e-06 0.039004 -0.0215214 0.0625304 -0.00363343 0.0556357 0.0748755 0.022077 0.0700591 -0.00582133 0.000836638 0.0820682 0.110207 0.0417647
internal_weight=45173 16070 29103 6723 9751 5875 2670 9347 2581 9509 6787 242 848 2525
internal_count=45173 16070 29103 6723 9751 5875 2670 9347 2581 9509 6787 242 848 2525
is_linear=0
shrinkage=0.05


Tree=15
num_leaves=15
num_cat=0
split_feature=2 46 0 60 14 60 45 43 62 57 57 17 53 1
split_gain=13742.6 2345.9 1678.26 953.759 845.077 642.151 560.032 437.361 423.594 393.263 373.006 362.481 355.486 348.529
threshold=1.3166666666666669 5.5100000000000016 0.58333333333333337 1.5000000000000002 1.0500000000000003 1.5000000000000002 2.8166666666666673 51.100000000000009 374444.50000000006 3.7500000000000004 2.7500000000000004 0.29285714285714287 1.8944444444444446 9.4500000000000011
decision_type=10 10 8 2 8 2 10 10 2 2 2 10 10 10
left_child=2 4 -1 7 12 6 -6 9 -4 -3 -8 -7 -2 -9
right_child=1 3 8 -5 5 11 10 13 -10 -11 -12 -13 -14 -15
leaf_value=-0.027773083597366011 0.13521539924814671 0.067156157164408051 -0.001852367507885324 0.16479932702626837 0.0084580774290905145 0.044953273243886177 0.045255155899149017 0.093110222838739487 0.066933941461757379 0.031072139770002213 0.019628246152632228 0.12905016206078701 -0.0023614595333735153 0.24443023258419797
leaf_weight=21698 238 3052 6736 237 5380 365 2536 140 231 1009 3241 199 58 53
leaf_count=21698 238 3052 6736 237 5380 365 2536 140 231 1009 3241 199 58 53
internal_value=1.00241e-05 0.0363507 -0.0209177 0.0671848 0.024823 0.0227103 0.0200738 0.0617218 0.000429384 0.0582018 0.0308853 0.0747581 0.108215 0.135318
internal_weight=45173 16508 28665 4491 12017 11721 11157 4254 6967 4061 5777 564 296 193
internal_count=45173 16508 28665 4491 12017 11721 11157 4254 6967 4061 5777 564 296 193
is_linear=0
shrinkage=0.05


Tree=16
num_leaves=15
num_cat=0
split_feature=3 61 61 3 60 3 61 61 55 58 60 61 44 29
split_gain=12420.5 2610.65 2121.71 1365.24 1113.04 792.268 597.073 526.432 507.322 461.296 401.912 367.227 295.253 276.524
threshold=35.833333333333336 28.000000000000004 54.500000000000007 1.0000000180025095e-35 1.5000000000000002 78.166666666666671 59.500000000000007 89.500000000000014 1.0000000180025095e-35 1143.7500000000002 1.5000000000000002 45.500000000000007 21.31666666666667 0.12301350000000003
decision_type=10 2 2 8 2 10 2 2 10 2 2 2 10 10
left_child=1 -1 10 -3 5 -4 11 -7 -6 12 13 -5 -10 -2
right_child=2 3 4 6 8 7 -8 -9 9 -11 -12 -13 -14 -15
leaf_value=0.12513698018550873 0.012153233263309627 -0.0281529031587428 0.034245085118941941 -0.0261377231710898 0.0027492670360410101 0.063051609649979773 0.024224028908891401 0.124801908432964 0.17864110805094244 0.11307189218699931 0.068896722559849716 -0.0041175126576272151 0.33518630515470682 0.031739399556230653
leaf_weight=312 5648 19040 2802 2661 51 2916 1432 393 78 147 414 6574 53 2652
leaf_count=312 5648 19040 2802 2661 51 2916 1432 393 78 147 414 6574 53 2652
internal_value=1.03076e-05 -0.0186171 0.0369109 -0.0201298 0.0586751 0.0538364 -0.00580597 0.0704108 0.148256 0.174808 0.0208209 -0.0104663 0.2432 0.0184159
internal_weight=45173 30019 15154 29707 6440 6111 10667 3309 329 278 8714 9235 131 8300
internal_count=45173 30019 15154 29707 6440 6111 10667 3309 329 278 8714 9235 131 8300
is_linear=0
shrinkage=0.05


Tree=17
num_leaves=15
num_cat=0
split_feature=2 3 47 14 57 47 23 53 57 45 11 57 3 45
split_gain=11264.7 1765.65 1621.28 642.675 570.824 487.146 424.089 352.486 318.355 306.373 303.093 295.69 283.097 267.601
threshold=1.5634920634920637 8.1666666666666696 5.5050000000000017 2.7071428571428577 3.7500000000000004 3.2881944444444451 0.46050000000000008 1.9500000000000002 2.7500000000000004 1.7333333333333341 0.43650793650793657 2.2500000000000004 75.833333333333357 1.6333333333333346
decision_type=10 8 10 10 2 10 10 10 2 10 10 2 10 10
left_child=1 -1 3 7 5 -5 8 -2 11 -3 -8 -4 -10 -7
right_child=2 9 6 4 -6 13 10 -9 12 -11 -12 -13 -14 -15
leaf_value=-0.025056579337521329 0.12025726249351086 -0.0046578630854790864 0.070467964592840854 0.016604357285506816 0.0032428053807965402 0.0032955404095113272 0.09156246076834168 -0.024200732902725147 0.016822078016834906 0.015812286632471074 0.21808967368495194 0.19149694292318253 0.05700049225584311 0.045571438196684841
leaf_weight=21851 257 5615 1677 3662 2663 416 175 50 624 2709 66 52 1494 3862
leaf_count=21851 257 5615 1677 3662 2663 416 175 50 624 2709 66 52 1494 3862
internal_value=1.05984e-05 -0.0175916 0.0354262 0.0253574 0.0232865 0.0300051 0.0622853 0.0966475 0.0582277 0.00200158 0.126696 0.0741767 0.0451818 0.0414672
internal_weight=45173 30175 14998 10910 10603 7940 4088 307 3847 8324 241 1729 2118 4278
internal_count=45173 30175 14998 10910 10603 7940 4088 307 3847 8324 241 1729 2118 4278
is_linear=0
shrinkage=0.05


Tree=18
num_leaves=15
num_cat=0
split_feature=3 61 61 4 60 60 3 61 28 58 2 62 59 25
split_gain=10204.9 2183.14 1849.86 1127.12 669.832 653.052 622.377 538.366 507.145 382.711 350.066 356.329 332.417 327.745
threshold=35.833333333333336 28.000000000000004 62.500000000000007 1.6333333333333335 1.5000000000000002 1.5000000000000002 78.166666666666671 59.500000000000007 0.21049100000000007 1062.5000000000002 2.4365079365079372 4799.5000000000009 1187.5000000000002 0.085905000000000023
decision_type=10 2 2 8 2 2 10 2 10 2 10 2 2 10
left_child=1 10 5 -3 6 8 -4 -5 -2 -8 -1 -12 -6 -7
right_child=2 3 4 7 12 13 9 -9 -10 -11 11 -13 -14 -15
leaf_value=0.23571954109881188 0.015978238655944485 -0.025873982460576369 0.035945490195235061 -0.010224911884818661 0.21021138688430507 0.055848114727440036 0.13603146700691468 0.02118454659796562 0.041655524865342401 0.070922068117295067 -0.024253960448169264 0.12029131802781386 0.063335738860133314 0.14699956636716421
leaf_weight=50 8818 18433 1377 9687 117 439 268 1587 2462 1486 53 209 59 128
leaf_count=50 8818 18433 1377 9687 117 439 268 1587 2462 1486 53 209 59 128
internal_value=1.07299e-05 -0.0168737 0.0334586 -0.0182571 0.0665256 0.0242237 0.0611576 -0.00580056 0.0215864 0.0809205 0.114583 0.0909655 0.161435 0.076581
internal_weight=45173 30019 15154 29707 3307 11847 3131 11274 11280 1754 312 262 176 567
internal_count=45173 30019 15154 29707 3307 11847 3131 11274 11280 1754 312 262 176 567
is_linear=0
shrinkage=0.05


Tree=19
num_leaves=15
num_cat=0
split_feature=45 61 62 47 60 45 16 60 59 61 61 2 62 62
split_gain=9255.87 1980.83 1733.4 975.36 910.45 502.827 439.871 364.009 345.803 331.497 330.825 316.348 321.793 283.427
threshold=1.6333333333333346 28.000000000000004 114609.00000000001 0.23541666666666669 1.5000000000000002 8.1833333333333353 1.0000000180025095e-35 1.5000000000000002 1058.7500000000002 79.500000000000014 45.500000000000007 2.4365079365079372 4799.5000000000009 1945740.0000000002
decision_type=10 2 2 8 2 10 10 2 2 2 2 10 2 2
left_child=1 11 7 -3 5 8 -6 -2 -4 -8 -5 -1 -13 -10
right_child=2 3 4 10 6 -7 9 -9 13 -11 -12 12 -14 -15
leaf_value=0.22405025728858347 0.014392785970819734 -0.024594694753345553 0.080074836030982935 -0.021987022444684579 0.023738324066855498 0.071106828109150408 0.12886327891006052 0.064056380634903334 0.030361351412187196 0.26885495696749007 -0.00097579988481502579 -0.023052596304321958 0.11429110670857896 0.080578571226724904
leaf_weight=50 8323 18606 445 2415 84 1507 246 386 4134 52 8361 53 209 302
leaf_count=50 8323 18606 445 2415 84 1507 246 386 4134 52 8361 53 209 302
internal_value=1.10207e-05 -0.0163293 0.0313584 -0.0176615 0.050337 0.0458395 0.125322 0.0166004 0.0380267 0.153785 -0.00568773 0.108881 0.0864216 0.0337944
internal_weight=45173 29694 15479 29382 6770 6388 382 8709 4881 298 10776 312 262 4436
internal_count=45173 29694 15479 29382 6770 6388 382 8709 4881 298 10776 312 262 4436
is_linear=0
shrinkage=0.05


Tree=20
num_leaves=15
num_cat=0
split_feature=0 62 60 47 45 58 62 14 45 59 56 62 58 27
split_gain=8374.16 1913.84 963.716 665.124 527.659 443.202 400.431 355.648 398.497 275.196 268.005 264.091 244.035 281.663
threshold=0.83333333333333337 114609.00000000001 1.5000000000000002 0.64722222222222237 8.1833333333333353 1202.5000000000002 1289631.0000000002 1.0000000180025095e-35 2.8833333333333337 1058.7500000000002 0.29285714285714287 1945740.0000000002 1047.5000000000002 1.0183333333333338
decision_type=10 2 2 8 10 2 2 8 10 2 10 2 2 10
left_child=3 7 4 -1 9 10 -5 -2 -9 -3 -4 -11 -6 -14
right_child=1 2 5 6 12 -7 -8 8 -10 11 -12 -13 13 -15
leaf_value=-0.022239330518744389 0.06997083538459889 0.069632072349070429 0.066965088496502762 -0.0045000108297489011 0.12963309903664574 0.028236467208732016 0.1217376667038193 0.0030911098965985071 0.021994720146967652 0.027159642602757057 0.17684222955527923 0.075594566796425955 0.055533686007583405 0.15716846011835955
leaf_weight=20693 268 491 75 5774 144 99 63 6114 5130 4426 233 301 1290 72
leaf_count=20693 268 491 75 5774 144 99 63 6114 5130 4426 233 301 1290 72
internal_value=1.1205e-05 0.0256924 0.0460477 -0.0180345 0.0415133 0.120756 -0.00312291 0.0130798 0.0117186 0.033973 0.150319 0.0302568 0.0676023 0.0609805
internal_weight=45173 18643 7131 26530 6724 407 5837 11512 11244 5218 308 4727 1506 1362
internal_count=45173 18643 7131 26530 6724 407 5837 11512 11244 5218 308 4727 1506 1362
is_linear=0
shrinkage=0.05


Tree=21
num_leaves=15
num_cat=0
split_feature=3 61 61 3 60 3 61 61 55 61 29 2 57 58
split_gain=7659.78 1673.31 1448.9 849.508 791.254 604.457 475.049 437.426 390.378 357.014 327.199 298.226 314.053 341.194
threshold=35.833333333333336 28.000000000000004 53.500000000000007 1.0000000180025095e-35 1.5000000000000002 79.166666666666671 73.500000000000014 89.500000000000014 1.0000000180025095e-35 45.500000000000007 0.17000050000000003 2.4365079365079372 2.7500000000000004 1163.7500000000002
decision_type=10 2 2 8 2 10 2 2 10 2 10 10 2 2
left_child=1 11 -2 -3 5 -4 9 -7 -6 -5 -10 -1 -13 -14
right_child=2 3 4 6 8 7 -8 -9 10 -11 -12 12 13 -15
leaf_value=0.21225056220399272 0.014184491066479453 -0.022156696208209006 0.025943694288925536 -0.022191929778310037 -0.0036659369083202401 0.04947291751657662 0.054658507385972999 0.10586537107077217 0.09507272527216068 -0.00093726329119486653 0.19979849675423847 0.17277464035380269 -0.0031139901197289096 0.13363114755887251
leaf_weight=50 7908 19040 3323 2661 57 3165 328 387 186 7678 128 66 125 71
leaf_count=50 7908 19040 3323 2661 57 3165 328 387 186 7678 128 66 125 71
internal_value=1.14621e-05 -0.0146166 0.0289898 -0.0158278 0.0451422 0.041292 -0.00452827 0.0556381 0.11627 -0.00641091 0.138093 0.10047 0.0786794 0.046508
internal_weight=45173 30019 15154 29707 7246 6875 10667 3552 371 10339 314 312 262 196
internal_count=45173 30019 15154 29707 7246 6875 10667 3552 371 10339 314 312 262 196
is_linear=0
shrinkage=0.05


Tree=22
num_leaves=15
num_cat=0
split_feature=2 62 3 45 2 2 62 39 58 58 16 36 3 49
split_gain=6954.16 1142.32 1059.98 403.597 411.573 385.807 360.06 333.085 288.99 261.008 239.311 225.634 207.049 203.361
threshold=1.5634920634920637 552999.00000000012 9.1666666666666696 4.8833333333333355 5.2111111111111121 8.8166666666666682 12922.000000000002 12.383333333333336 1047.5000000000002 1287.5000000000002 0.36666666666666675 2.3333333333333357 59.833333333333336 2.1000000000000005
decision_type=10 2 8 10 10 10 2 8 2 2 10 10 10 10
left_child=2 3 -1 4 -2 8 11 -8 -3 12 -10 -4 -5 -6
right_child=1 5 6 9 13 -7 7 -9 10 -11 -12 -13 -14 -15
leaf_value=-0.019476479945082503 0.0133476343383086 0.10108979652739235 -0.020091265217283862 0.0057573594396732224 0.11660717772133172 0.1468849515914917 0.0034900159415306334 0.036936032853974766 0.033783169034415028 -0.0028149936091363061 0.064991489074228581 0.0023082396539610794 0.044637231987867121 0.0068060890394301453
leaf_weight=22114 8277 274 2009 392 146 112 2430 1074 1468 402 1066 2548 2801 60
leaf_count=22114 8277 274 2009 392 146 112 2430 1074 1468 402 1066 2548 2801 60
internal_value=1.15598e-05 0.0278381 -0.0138186 0.0210484 0.0150916 0.0559057 0.00169998 0.0137524 0.0522425 0.0350933 0.0469319 -0.00756245 0.0398735 0.0848413
internal_weight=45173 14998 30175 12078 8483 2920 8061 3504 2808 3595 2534 4557 3193 206
internal_count=45173 14998 30175 12078 8483 2920 8061 3504 2808 3595 2534 4557 3193 206
is_linear=0
shrinkage=0.05


Tree=23
num_leaves=15
num_cat=0
split_feature=45 62 0 5 60 57 27 58 60 17 44 62 58 62
split_gain=6268.44 1214.57 883.281 741.318 681.047 493.185 383.946 362.945 319.827 308.106 306.562 287.431 285.176 266.348
threshold=1.6333333333333346 114609.00000000001 1.0000000180025095e-35 1.0000000180025095e-35 1.5000000000000002 3.7500000000000004 0.7183333333333336 1202.5000000000002 1.5000000000000002 0.11805555555555557 30.81666666666667 1289631.0000000002 1047.5000000000002 57029.500000000007
decision_type=10 2 8 8 2 2 10 2 2 10 10 2 2 2
left_child=2 8 -1 13 5 6 12 10 -2 -8 -6 -5 -3 -4
right_child=1 4 3 11 7 -7 9 -9 -10 -11 -12 -13 -14 -15
leaf_value=-0.019747175671970534 0.011385426799542403 0.075193091652197785 0.053967959269322047 -0.0045188603287114205 0.11021752423920522 0.013116559269142342 0.0035457025597924771 0.021385049535185881 0.057935055702163285 0.1363758167285811 0.24726348475064383 0.10956726302434733 0.037596577785058066 0.17682547702848375
leaf_weight=19336 8323 579 226 10022 237 1539 57 95 386 192 50 55 4021 55
leaf_count=19336 8323 579 226 10022 237 1539 57 95 386 192 50 55 4021 55
internal_value=1.14988e-05 0.0258088 -0.0134356 -0.0016505 0.0416954 0.0378051 0.0456336 0.106551 0.0134547 0.106137 0.134569 -0.0038883 0.0423419 0.078375
internal_weight=45173 15479 29694 10358 6770 6388 4849 382 8709 249 287 10077 4600 281
internal_count=45173 15479 29694 10358 6770 6388 4849 382 8709 249 287 10077 4600 281
is_linear=0
shrinkage=0.05


Tree=24
num_leaves=15
num_cat=0
split_feature=3 61 61 44 29 61 61 2 54 3 61 3 24 2
split_gain=5745.69 1317.25 1158.48 633.284 443.825 363.774 357.134 300.021 268.225 250.43 212.565 196.443 180.503 180.393
threshold=35.833333333333336 28.000000000000004 62.500000000000007 1.2111111111111115 0.2642222222222223 59.500000000000007 124.50000000000001 2.4365079365079372 1.0000000180025095e-35 78.166666666666671 45.500000000000007 79.833333333333357 0.10333333333333337 8.8166666666666682
decision_type=10 2 2 8 10 2 2 10 10 10 2 10 8 10
left_child=1 7 4 -3 11 10 9 -1 -9 -4 -5 -2 -7 -8
right_child=2 3 6 5 -6 12 13 8 -10 -11 -12 -13 -14 -15
leaf_value=0.2014646485005275 0.0083366184480991295 -0.018479940012514202 0.032550002422216 -0.023472408034063079 0.043002268478282292 0.010430037497994316 0.08201079513087417 0.004467310036582072 0.10826101372234501 0.060822557853303684 -0.0027147341264597766 0.022377079646398814 0.051793409017140239 0.20051324648094609
leaf_weight=50 6104 20877 1458 1576 1523 1234 82 103 159 1712 5684 4220 336 55
leaf_count=50 6104 20877 1458 1576 1523 1234 82 103 159 1712 5684 4220 336 55
internal_value=1.17705e-05 -0.0126574 0.0251097 -0.0137321 0.017801 -0.00250346 0.0512781 0.0894527 0.0676381 0.047834 -0.00722556 0.014079 0.0193119 0.130323
internal_weight=45173 30019 15154 29707 11847 8830 3307 312 262 3170 7260 10324 1570 137
internal_count=45173 30019 15154 29707 11847 8830 3307 312 262 3170 7260 10324 1570 137
is_linear=0
shrinkage=0.05


Tree=25
num_leaves=15
num_cat=0
split_feature=2 45 60 57 2 62 45 60 61 62 14 61 45 62
split_gain=5206.1 1010.88 889.362 604.946 441.154 432.758 385.9 349.58 320.578 310.865 308.671 275.755 251.283 235.679
threshold=1.8166666666666669 0.266666666666667 1.5000000000000002 2.7500000000000004 5.8660714285714297 2330478.0000000005 7.6333333333333355 1.5000000000000002 50.500000000000007 137210.00000000003 1.9500000000000002 64.500000000000014 4.6833333333333353 21153.500000000004
decision_type=10 8 2 2 10 2 10 2 2 2 10 2 10 2
left_child=1 -1 3 6 11 12 10 8 -3 -9 -2 -4 -5 -12
right_child=2 7 4 5 -6 -7 -8 9 -10 -11 13 -13 -14 -15
leaf_value=-0.01689711862793368 0.13260336272161583 -0.0067779495844589371 0.052074404502488875 0.0026471829024694317 0.21496022358918801 0.069496761421872666 0.065550647360577322 0.02974120341963048 0.011692934602678583 0.15692845380252549 0.0071060647389889547 0.13376804189998864 0.022431286766033658 0.034729435395882441
leaf_weight=21756 72 6272 462 3766 58 333 932 369 3755 55 1002 134 2801 3406
leaf_count=21756 72 6272 462 3766 58 333 932 369 3755 55 1002 134 2801 3406
internal_value=1.18358e-05 -0.0107576 0.026764 0.0237408 0.0835774 0.0139177 0.0362576 0.00202096 0.000136936 0.0464638 0.0301514 0.0705804 0.0110905 0.0284574
internal_weight=45173 32207 12966 12312 654 6900 5412 10451 10027 424 4480 596 6567 4408
internal_count=45173 32207 12966 12312 654 6900 5412 10451 10027 424 4480 596 6567 4408
is_linear=0
shrinkage=0.05


Tree=26
num_leaves=15
num_cat=0
split_feature=3 61 61 60 47 57 41 55 41 61 60 23 2 27
split_gain=4743.92 1135.27 993.028 581.571 531.797 432.157 391.423 334.026 312.888 310.319 287.707 287.402 280.945 259.691
threshold=35.833333333333336 28.000000000000004 53.500000000000007 1.5000000000000002 0.10499999999999994 3.7500000000000004 22.141428571428573 1.0000000180025095e-35 15.731666666666669 59.500000000000007 1.5000000000000002 0.44050000000000006 2.4365079365079372 0.14333333333333345
decision_type=10 2 2 2 8 2 10 10 10 2 2 10 10 8
left_child=1 12 -2 5 -3 6 -4 -5 -9 -6 13 -8 -1 -11
right_child=2 4 3 7 9 -7 11 8 -10 10 -12 -13 -14 -15
leaf_value=0.19166617850856027 0.010559956256760131 -0.018143680677105496 0.030160413443217234 -0.013690779934758727 -0.0077726669912281032 0.010758699295595166 0.053859488131531047 0.05890184408780811 0.16046272045370791 -0.0015087803554262585 0.1067726336183895 0.13672523334374029 0.062191382196687517 0.043125136765232261
leaf_weight=50 7908 17350 3440 57 10621 1673 1650 134 180 1210 81 112 262 445
leaf_count=50 7908 17350 3440 57 10621 1673 1650 134 180 1210 81 112 262 445
internal_value=1.20243e-05 -0.0114998 0.0228173 0.0361895 -0.0124976 0.0328883 0.0399988 0.0971698 0.117363 -0.00456763 0.0150232 0.0591783 0.083294 0.0104868
internal_weight=45173 30019 15154 7246 29707 6875 5202 371 314 12357 1736 1762 312 1655
internal_count=45173 30019 15154 7246 29707 6875 5202 371 314 12357 1736 1762 312 1655
is_linear=0
shrinkage=0.05


Tree=27
num_leaves=15
num_cat=0
split_feature=42 61 3 61 47 57 2 57 58 61 61 44 28 26
split_gain=4337.16 1021 816.569 537.103 503.984 325.572 253.843 251.022 304.887 249.342 236.047 232.715 256.851 252.15
threshold=3.5833333333333335 28.000000000000004 77.833333333333357 60.500000000000007 0.10499999999999994 3.7500000000000004 2.4365079365079372 2.7500000000000004 1163.7500000000002 45.500000000000007 89.500000000000014 38.183333333333344 0.56450000000000011 0.10502500000000002
decision_type=10 2 10 2 8 2 10 2 2 2 2 10 10 10
left_child=1 6 5 -4 -3 -2 -1 -8 -9 -6 -5 12 13 -12
right_child=2 4 3 10 9 -7 7 8 -10 -11 11 -13 -14 -15
leaf_value=0.18217775258097318 0.017818140430127857 -0.017230737288928898 0.025780595976009596 0.048371851269185612 -0.016605887182977567 -0.0048730381137463419 0.14316237489307734 -0.016510322500035108 0.11275913242276732 -0.00023579315669509314 0.047475534263980448 0.13692300437395308 -0.010394124808715799 0.17474243863830419
leaf_weight=50 6335 17363 4218 1629 3057 2104 66 125 71 9738 104 165 85 63
leaf_count=50 6335 17363 4218 1629 3057 2104 66 125 71 9738 104 165 85 63
internal_value=1.20452e-05 -0.0107496 0.0223153 0.0359936 -0.0116818 0.0121579 0.0791536 0.0590877 0.0303574 -0.00414941 0.0570248 0.0906692 0.0600738 0.096014
internal_weight=45173 30470 14703 6264 30158 8439 312 262 196 12795 2046 417 252 167
internal_count=45173 30470 14703 6264 30158 8439 312 262 196 12795 2046 417 252 167
is_linear=0
shrinkage=0.05


Tree=28
num_leaves=15
num_cat=0
split_feature=3 61 61 3 61 57 61 61 62 14 25 53 1 59
split_gain=3957.21 898.912 747.586 649.888 362.739 340.475 373.54 303.356 226.388 254.63 218.509 207.133 226.911 175.882
threshold=52.166666666666679 28.000000000000004 66.500000000000014 7.166666666666667 106.50000000000001 3.7500000000000004 52.500000000000007 45.500000000000007 12607.000000000002 0.61250000000000016 0.22600000000000003 2.0500000000000003 4.9000000000000012 1157.5000000000002
decision_type=10 2 2 8 2 2 2 2 2 10 10 10 10 2
left_child=1 11 5 -3 7 6 -2 -5 -9 -10 -8 12 -1 -11
right_child=2 3 -4 4 -6 -7 10 8 9 13 -12 -13 -14 -15
leaf_value=0.1604841631864421 0.013594735468293224 -0.014777888534771169 0.050942555241053102 -0.018008193827260568 0.13283868717590294 0.0027718499933022858 0.031957109203720711 -0.0049620739659788776 0.045864617575945989 0.017975379596058546 0.078120611446254859 -0.015329018944785708 0.060364099700226749 -0.003155589768381724
leaf_weight=85 4236 22144 2124 1934 51 2618 3266 3789 485 1979 279 52 175 1956
leaf_count=85 4236 22144 2124 1934 51 2618 3266 3789 485 1979 279 52 175 1956
internal_value=1.19541e-05 -0.00915261 0.0239072 -0.0099687 0.000475863 0.0183807 0.0236287 -0.000193721 0.00400108 0.01169 0.0356078 0.0752337 0.0934368 0.00746623
internal_weight=45173 32650 12523 32338 10194 10399 7781 10143 8209 4420 3545 312 260 3935
internal_count=45173 32650 12523 32338 10194 10399 7781 10143 8209 4420 3545 312 260 3935
is_linear=0
shrinkage=0.05


Tree=29
num_leaves=15
num_cat=0
split_feature=3 0 44 60 62 60 57 29 30 29 3 59 62 13
split_gain=3577.01 775.134 659.134 442.593 523.81 365.276 364.934 311.407 344.254 237.649 234.268 229.456 210.35 229.928
threshold=56.166666666666679 1.0000000180025095e-35 16.585714285714293 1.5000000000000002 290871.50000000006 1.5000000000000002 3.7500000000000004 0.61050000000000015 1.3702833333333337 0.21212900000000004 1.0000000180025095e-35 1162.5000000000002 51152.000000000007 0.55000000000000016
decision_type=10 8 10 2 2 2 2 10 10 10 8 2 2 10
left_child=1 -1 5 10 -5 9 7 -4 11 -2 -3 -9 -12 -14
right_child=2 3 6 4 -6 -7 -8 8 -10 -11 12 -13 13 -15
leaf_value=-0.014819352596315616 0.0089708690936884071 0.044689201029844271 0.04449112617397271 0.025311923070865518 0.16956256230368272 0.062961360278216846 0.013422952398859761 0.10463312658465516 0.033598514370075092 0.032588854053957408 -0.0059204104475049403 0.23963437123784745 0.047639517346328264 0.0041759059570476839
leaf_weight=19345 6210 271 2678 535 71 385 931 88 102 1287 9847 51 338 3034
leaf_count=19345 6210 271 2678 535 71 385 931 88 102 1287 9847 51 338 3034
internal_value=1.17649e-05 -0.00832139 0.0237661 0.000594679 0.0423797 0.0154765 0.0407267 0.0494227 0.103913 0.0130306 -0.00128204 0.155027 -0.00222803 0.00854641
internal_weight=45173 33441 11732 14096 606 7882 3850 2919 241 7497 13490 139 13219 3372
internal_count=45173 33441 11732 14096 606 7882 3850 2919 241 7497 13490 139 13219 3372
is_linear=0
shrinkage=0.05


Tree=30
num_leaves=15
num_cat=0
split_feature=42 60 61 3 61 62 58 15 61 15 0 57 54 57
split_gain=3276.9 922.714 784.048 592.248 434.293 373.61 369.449 304.114 266.192 224.628 211.599 280.385 249.643 196.82
threshold=3.5833333333333335 1.5000000000000002 28.000000000000004 77.833333333333357 60.500000000000007 11106.000000000002 1091.2500000000002 0.58333333333333337 57.500000000000007 0.41666666666666669 1.8333333333333337 2.7500000000000004 1.0000000180025095e-35 3.7500000000000004
decision_type=10 2 2 10 2 2 2 8 2 10 10 2 10 2
left_child=2 3 10 13 -5 -4 8 -7 -3 -8 -1 -12 -13 -2
right_child=1 6 5 4 -6 7 9 -9 -10 -11 11 12 -14 -15
leaf_value=0.15732785700696761 0.012299872106512696 0.085164769975713983 -0.013890996812234158 0.019070063285150485 0.047870415448451532 -0.0046014967171948392 0.04311733475174271 0.027771571366511556 0.23747909952194318 0.12015059973779584 0.14011556574309519 -0.054660078653922452 0.06301782012231065 -0.0056434166597464537
leaf_weight=56 6009 64 20804 3983 1954 8562 473 792 54 119 64 71 121 2047
leaf_count=56 6009 64 20804 3983 1954 8562 473 792 54 119 64 71 121 2047
internal_value=1.19022e-05 0.0193984 -0.0093422 0.016573 0.0285563 -0.0101592 0.0749962 -0.00185647 0.155787 0.0587326 0.0694398 0.0498477 0.0193427 0.00773738
internal_weight=45173 14703 30470 13993 5937 30158 710 9354 118 592 312 256 192 8056
internal_count=45173 14703 30470 13993 5937 30158 710 9354 118 592 312 256 192 8056
is_linear=0
shrinkage=0.05


Tree=31
num_leaves=15
num_cat=0
split_feature=42 60 61 62 57 47 58 61 61 2 62 61 15 59
split_gain=2957.63 833.396 708.145 551.344 378.524 355.842 333.862 262.75 240.345 221.58 241.514 206.359 202.798 199.65
threshold=3.5833333333333335 1.5000000000000002 28.000000000000004 72080.500000000015 2.7500000000000004 0.10499999999999994 1091.2500000000002 116.50000000000001 57.500000000000007 2.4365079365079372 4799.5000000000009 45.500000000000007 0.41666666666666669 1187.5000000000002
decision_type=10 2 2 2 2 8 2 2 2 10 2 2 10 2
left_child=2 3 9 -2 -5 -4 8 -6 -3 -1 -11 -7 -8 -9
right_child=1 6 5 4 7 11 12 13 -10 10 -12 -13 -14 -15
leaf_value=0.16219718031363914 0.0056202667224903866 0.080939541040926946 -0.014313938776840113 0.038130215307525472 0.012606820300050529 -0.014653710798373354 0.040963744680685366 0.0085690222459264328 0.2257140816966875 -0.04744397518094455 0.071461290895032004 0.00023379176300804031 0.11416820567622431 0.13837655488364151
leaf_weight=50 6861 64 17363 3234 3774 3057 473 50 54 53 209 9738 119 74
leaf_count=50 6861 64 17363 3234 3774 3057 473 50 54 53 209 9738 119 74
internal_value=1.19573e-05 0.0184299 -0.00887475 0.0157446 0.0254796 -0.00965124 0.0712688 0.014974 0.148076 0.0659963 0.0472681 -0.00332163 0.055805 0.0864802
internal_weight=45173 14703 30470 13993 7132 30158 710 3898 118 312 262 12795 592 124
internal_count=45173 14703 30470 13993 7132 30158 710 3898 118 312 262 12795 592 124
is_linear=0
shrinkage=0.05


Tree=32
num_leaves=15
num_cat=0
split_feature=2 57 39 27 62 61 14 62 8 61 51 24 44 58
split_gain=2684.95 560.562 520.214 506.804 360.537 235.41 215.965 214.945 207.621 173.489 251.486 169.339 159.408 156.058
threshold=1.8166666666666669 3.7500000000000004 0.53333333333333377 0.55833333333333357 21153.500000000004 46.500000000000007 3.0500000000000003 108906.00000000001 0.5277777777777779 100.50000000000001 0.58333333333333337 0.1500616666666667 44.275000000000006 1072.5000000000002
decision_type=10 2 8 10 2 2 10 2 10 2 10 10 10 2
left_child=2 3 -1 4 -2 -4 -6 -7 11 -8 -11 -5 -3 -9
right_child=1 12 5 8 6 7 9 13 -10 10 -12 -13 -14 -15
leaf_value=-0.012017678506684872 0.0032368112869161055 -0.00041135096608189704 -0.012325477189338007 0.0038567407602765956 0.093094190812635758 0.00279277696580005 0.024723937639956377 0.062802687546563027 0.12776776210994137 0.15117061004497623 0.037973551570357367 0.07173308953776987 0.080220047052949675 0.016084453175037119
leaf_weight=22105 1961 3162 2313 124 123 6869 6781 244 122 65 202 364 62 676
leaf_count=22105 1961 3162 2313 124 123 6869 6781 244 122 65 202 364 62 676
internal_value=1.2036e-05 0.0192241 -0.00772182 0.0252046 0.0222505 0.00167596 0.027446 0.00583752 0.069334 0.0262902 0.0658554 0.0545586 0.0011437 0.0285295
internal_weight=45173 12966 32207 9742 9132 10102 7171 7789 610 7048 267 488 3224 920
internal_count=45173 12966 32207 9742 9132 10102 7171 7789 610 7048 267 488 3224 920
is_linear=0
shrinkage=0.05


Tree=33
num_leaves=15
num_cat=0
split_feature=3 62 44 57 1 2 29 30 59 29 31 37 14 57
split_gain=2523.45 501.336 479.92 285.026 263.499 247.556 247.042 303.394 205.047 202.35 141.113 135.424 158.581 148.416
threshold=56.166666666666679 51152.000000000007 16.585714285714293 3.7500000000000004 1.0000000180025095e-35 5.8166666666666673 0.61050000000000015 1.3702833333333337 1162.5000000000002 0.1871404285714286 0.1063333333333334 14.090000000000003 5.7071428571428582 2.7500000000000004
decision_type=10 2 10 2 10 8 10 10 2 10 8 10 10 2
left_child=1 4 9 6 -1 -3 11 8 -8 -2 -7 12 -4 -14
right_child=2 5 3 -5 -6 10 7 -9 -10 -11 -12 -13 13 -15
leaf_value=-0.013251911836196562 0.0086876740114872099 0.004709865630332293 -0.0032798451465115975 0.010304768350990404 -0.0033882902299949454 0.11795664499787724 0.091057963134710401 0.024684730942656358 0.21854172068313488 0.028194217686040447 0.033576574562700828 0.031049192231453221 0.087688661638988308 0.036941565270030494
leaf_weight=17713 6186 4381 94 931 10974 59 88 102 51 1696 314 1986 345 253
leaf_count=17713 6186 4381 94 931 10974 59 88 102 51 1696 314 1986 345 253
internal_value=1.20155e-05 -0.00698707 0.0199638 0.0344366 -0.00947965 0.00804807 0.0421216 0.0906572 0.138627 0.0128897 0.0471305 0.0377284 0.0568248 0.0663093
internal_weight=45173 33441 11732 3850 28687 4754 2919 241 139 7882 373 2678 692 598
internal_count=45173 33441 11732 3850 28687 4754 2919 241 139 7882 373 2678 692 598
is_linear=0
shrinkage=0.05


Tree=34
num_leaves=15
num_cat=0
split_feature=3 61 60 61 61 61 57 29 36 61 2 58 58 4
split_gain=2279.48 566.154 482.528 455.505 390.592 316.301 272.712 266.094 239.675 220.034 214.181 193.733 223.168 190.562
threshold=57.833333333333336 28.000000000000004 1.5000000000000002 54.500000000000007 50.500000000000007 115.50000000000001 2.7500000000000004 0.16600200000000001 1.0000000180025095e-35 116.50000000000001 2.4365079365079372 1177.5000000000002 1116.2500000000002 56.63333333333334
decision_type=10 2 2 2 2 2 2 10 10 2 10 2 2 10
left_child=1 10 4 8 -2 -5 -6 13 -3 -8 -1 12 -9 -4
right_child=2 3 7 5 6 -7 9 11 -10 -11 -12 -13 -14 -15
leaf_value=0.15501261819707288 0.0054511980580025663 -0.01300901020244297 0.12190632798075676 0.0043516238801214208 0.036050320038106133 0.1300443068958155 0.013021367125178908 0.082875172952263376 -0.0029558260641178642 0.082676376646503499 0.042065073816903997 0.03290848711378945 0.21988060278426699 0.026675701124498449
leaf_weight=50 4390 18872 62 5879 2935 50 3386 63 8655 117 262 51 59 342
leaf_count=50 4390 18872 62 5879 2935 50 3386 63 8655 117 262 51 59 342
internal_value=1.20091e-05 -0.00651491 0.0193386 -0.00714119 0.0169595 0.0054267 0.0248019 0.0638889 -0.00984912 0.0153664 0.0604647 0.115794 0.149963 0.0414847
internal_weight=45173 33768 11405 33456 10828 5929 6438 577 27527 3503 312 173 122 404
internal_count=45173 33768 11405 33456 10828 5929 6438 577 27527 3503 312 173 122 404
is_linear=0
shrinkage=0.05


Tree=35
num_leaves=15
num_cat=0
split_feature=42 60 61 41 61 61 57 2 59 23 2 54 5 5
split_gain=2050.07 694.62 531.247 349.267 297.548 261.213 234.161 228.607 200.262 193.755 193.505 208.659 170.09 156.528
threshold=3.5833333333333335 1.5000000000000002 28.000000000000004 22.141428571428573 74.500000000000014 45.500000000000007 3.7500000000000004 0.89444444444444449 1025.0000000000002 0.44050000000000006 2.4365079365079372 1.0000000180025095e-35 87.950000000000017 17.950000000000003
decision_type=10 2 2 10 2 2 2 8 2 10 10 10 10 10
left_child=2 3 10 8 -3 -4 9 -7 -2 -5 -1 -12 -11 -10
right_child=1 4 5 6 -6 7 -8 -9 13 12 11 -13 -14 -15
leaf_value=0.14733872537565704 0.044944036153483004 0.050642669524207866 -0.013184928280787728 0.033369813329818442 0.14541258899967907 -0.0083639501744859224 0.0037347197003478301 0.0037945157757286185 -0.010005130520364575 0.16690464431331273 -0.015238208528878035 0.075819336959280559 0.043396856546401984 0.0097321707010002579
leaf_weight=50 373 614 13627 1986 96 10371 707 6160 1119 52 103 159 62 9694
leaf_count=50 373 614 13627 1986 96 10371 707 6160 1119 52 103 159 62 9694
internal_value=1.22039e-05 0.0153462 -0.00738638 0.0128946 0.0635851 -0.00805903 0.0286665 -0.00383181 0.00893348 0.0370454 0.0574612 0.0399658 0.100435 0.00768695
internal_weight=45173 14703 30470 13993 710 30158 2807 16531 11186 2100 312 262 114 10813
internal_count=45173 14703 30470 13993 710 30158 2807 16531 11186 2100 312 262 114 10813
is_linear=0
shrinkage=0.05


Tree=36
num_leaves=15
num_cat=0
split_feature=3 61 61 60 61 3 59 27 3 37 53 2 61 60
split_gain=1891.31 489.265 487.355 264.361 235.297 235.067 234.786 226.857 224.755 214.413 189.443 280.953 158.654 145.486
threshold=30.166666666666668 28.000000000000004 62.500000000000007 1.5000000000000002 72.500000000000014 78.166666666666671 1187.5000000000002 0.22666666666666677 72.416666666666671 17.045000000000005 2.0500000000000003 4.5857142857142863 45.500000000000007 1.5000000000000002
decision_type=10 2 2 2 2 10 2 10 10 8 10 10 2 2
left_child=1 10 7 5 12 -4 8 13 -5 -6 11 -1 -3 -2
right_child=2 4 3 6 9 -7 -8 -9 -10 -11 -12 -13 -14 -15
leaf_value=0.17563835269993261 0.004580900079168654 -0.012877513616751268 0.012605689431598278 0.2033131744410541 0.009867911474905405 0.039581334691415879 0.0065181275626190575 0.022861250973082059 0.06619146285700972 0.094598898450958535 -0.031937745071592784 0.045658126277782075 -0.0053642516195667143 0.032287294151861157
leaf_weight=52 9734 13192 1504 55 376 1754 59 2456 68 93 52 208 15072 498
leaf_count=52 9734 13192 1504 55 376 1754 59 2456 68 93 52 208 15072 498
internal_value=1.21348e-05 -0.00761099 0.013742 0.0304364 -0.00828837 0.02714 0.089073 0.0092128 0.128283 0.0268057 0.0546048 0.0720374 -0.00887206 0.00593335
internal_weight=45173 29045 16128 3440 28733 3258 182 12688 123 469 312 260 28264 10232
internal_count=45173 29045 16128 3440 28733 3258 182 12688 123 469 312 260 28264 10232
is_linear=0
shrinkage=0.05


Tree=37
num_leaves=15
num_cat=0
split_feature=62 0 60 57 41 2 51 4 23 57 60 59 61 53
split_gain=1736.93 544.4 471.888 335.404 260.729 259.055 221.238 214.975 191.753 210.793 159.158 149.275 136.762 134.437
threshold=72080.500000000015 0.58333333333333337 1.5000000000000002 2.7500000000000004 22.141428571428573 5.8660714285714297 0.58333333333333337 78.63333333333334 0.39950000000000008 3.7500000000000004 1.5000000000000002 1025.0000000000002 41.500000000000007 1.5857142857142861
decision_type=2 10 2 2 8 10 10 8 10 2 2 2 2 10
left_child=1 12 3 4 -2 6 -4 -5 -9 -10 11 -3 -1 -8
right_child=2 10 5 7 -6 -7 13 8 9 -11 -12 -13 -14 -15
leaf_value=0.061086526115735375 0.017905578208917795 0.031186887053143087 0.13996647538056947 -0.0011287032716968284 0.044809910990235145 0.16296458854623463 0.058217924845209545 0.015343714043992469 0.13527266395503076 0.012643962112262095 0.030598262915533012 0.00087995767486675623 -0.010144094311082277 0.0011133968736095007
leaf_weight=67 3161 421 61 3228 1263 57 301 1950 72 69 506 11348 22511 158
leaf_count=67 3161 421 61 3228 1263 57 301 1950 72 69 506 11348 22511 158
internal_value=1.21169e-05 -0.00532245 0.01803 0.0154227 0.0255963 0.0619612 0.0506957 0.00695459 0.0194425 0.0756963 0.00315095 0.0019675 -0.00993026 0.038638
internal_weight=45173 34853 10320 9743 4424 577 520 5319 2091 141 12275 11769 22578 459
internal_count=45173 34853 10320 9743 4424 577 520 5319 2091 141 12275 11769 22578 459
is_linear=0
shrinkage=0.05


Tree=38
num_leaves=15
num_cat=0
split_feature=3 61 61 61 57 29 60 61 30 53 2 3 41 13
split_gain=1592.47 404.519 341.406 333.693 286.676 321.35 319.789 265.52 183.977 171.95 250.75 158.862 145.65 192.344
threshold=57.833333333333336 28.000000000000004 89.500000000000014 54.500000000000007 3.7500000000000004 0.18314600000000006 1.5000000000000002 115.50000000000001 0.33090000000000014 2.0500000000000003 4.5857142857142863 1.0000000180025095e-35 46.120000000000012 26.450000000000003
decision_type=10 2 2 2 2 10 2 2 10 10 10 10 10 10
left_child=1 9 4 11 5 -2 8 -5 -7 10 -1 -3 13 -4
right_child=2 3 12 7 -6 6 -8 -9 -10 -11 -12 -13 -14 -15
leaf_value=0.16566457815113522 0.012124361983874659 -0.011052056606225651 0.044615600454479834 0.0037986436507173519 8.9635911062120133e-05 0.12410311309510086 0.11140925032847314 0.11896129049139448 0.027474982211414173 -0.031260513918740407 0.042854493690266032 -0.0030612885070439525 -0.019688563660169259 0.11606779401640061
leaf_weight=52 5572 18010 359 5879 2700 50 125 50 2412 52 208 9517 58 129
leaf_count=52 5572 18010 359 5879 2700 50 125 50 2412 52 208 9517 58 129
internal_value=1.21754e-05 -0.00544312 0.016166 -0.0059726 0.0142214 0.0188946 0.0334618 0.00478399 0.0294723 0.0511724 0.0677833 -0.0082904 0.0547453 0.0636542
internal_weight=45173 33768 11405 33456 10859 8159 2587 5929 2462 312 260 27527 546 488
internal_count=45173 33768 11405 33456 10859 8159 2587 5929 2462 312 260 27527 546 488
is_linear=0
shrinkage=0.05


Tree=39
num_leaves=15
num_cat=0
split_feature=62 36 60 3 61 56 58 44 58 61 0 46 36 60
split_gain=1448.23 456.447 409.34 320.011 239.462 224.992 314.146 276.378 210.628 193.986 229.158 185.569 221.074 170.432
threshold=72080.500000000015 3.0000000000000013 1.5000000000000002 56.500000000000007 89.500000000000014 0.29285714285714287 1141.2500000000002 23.050000000000004 1297.5000000000002 28.000000000000004 1.8333333333333337 7.2266666666666675 22.633333333333336 1.5000000000000002
decision_type=2 10 2 8 2 10 2 10 2 2 10 10 10 2
left_child=1 9 3 -2 8 -4 7 -7 -5 10 -1 -6 -13 -3
right_child=2 13 5 4 11 6 -8 -9 -10 -11 -12 12 -14 -15
leaf_value=0.12359669683253871 0.0016114222762193915 0.0031052161875568373 0.0098569042280189003 0.021014543718014075 0.10010125317850641 0.085752339338820982 0.036452386254691056 0.22072403480837105 -0.0095674592496891517 -0.0088036313298775239 0.0097881380675068838 -0.037189856735912304 0.054225298155648999 0.036725727072769006
leaf_weight=56 3386 9081 175 5193 149 133 215 54 630 25116 207 84 301 393
leaf_count=56 3386 9081 175 5193 149 133 215 54 630 25116 207 84 301 393
internal_value=1.21214e-05 -0.00485893 0.0164646 0.0140361 0.0206494 0.0573814 0.0779699 0.125346 0.017701 -0.00835525 0.0343046 0.0527063 0.034193 0.00450436
internal_weight=45173 34853 10320 9743 6357 577 402 187 5823 25379 263 534 385 9474
internal_count=45173 34853 10320 9743 6357 577 402 187 5823 25379 263 534 385 9474
is_linear=0
shrinkage=0.05


Tree=40
num_leaves=15
num_cat=0
split_feature=62 60 3 0 57 28 26 52 14 23 58 57 60 38
split_gain=1313.55 482.309 409.911 294.589 270.039 223.227 186.606 175.356 208.061 152.725 133.096 127.467 112.264 112.255
threshold=32978.500000000007 1.5000000000000002 56.500000000000007 1.0000000180025095e-35 2.7500000000000004 0.49775000000000003 0.18103900000000003 0.77500000000000013 0.70714285714285718 0.42683333333333334 1047.5000000000002 3.7500000000000004 1.5000000000000002 24.590000000000007
decision_type=2 2 8 10 2 10 8 10 8 10 2 2 2 10
left_child=3 2 10 -1 6 7 -4 -3 -9 -6 -2 -11 -5 -12
right_child=1 5 4 12 9 -7 -8 8 -10 11 13 -13 -14 -15
leaf_value=-0.0097383931941567043 0.023889841163054454 0.11877395837230886 0.022619071791497313 -0.00072708040588662592 0.0073460281715807306 0.15089499538853057 0.052718655363911529 0.13097378427074069 0.026881294849624406 0.099393803463179692 -0.0011922027952105205 0.0099891269399273799 0.02352698752506234 -0.053798758623680637
leaf_weight=18706 537 70 2954 11623 4085 52 626 52 592 84 5115 77 497 103
leaf_count=18706 537 70 2954 11623 4085 52 626 52 592 84 5115 77 497 103
internal_value=1.20949e-05 0.0125101 0.0103295 -0.00580403 0.0177782 0.0511074 0.0278959 0.0437045 0.0354202 0.0092394 0.000195275 0.0569532 0.000266363 -0.00224047
internal_weight=45173 14347 13581 30826 7826 766 3580 714 644 4246 5755 161 12120 5218
internal_count=45173 14347 13581 30826 7826 766 3580 714 644 4246 5755 161 12120 5218
is_linear=0
shrinkage=0.05


Tree=41
num_leaves=15
num_cat=0
split_feature=42 60 61 3 58 61 36 62 61 43 58 31 43 43
split_gain=1208.28 434.127 348.85 287.708 257.375 213.01 192.401 180.218 163.412 189.565 159.32 195.023 167.787 242.178
threshold=3.5833333333333335 1.5000000000000002 28.000000000000004 77.833333333333357 1091.2500000000002 60.500000000000007 16.883333333333336 5270.5000000000009 46.500000000000007 13.900000000000002 1062.5000000000002 1.4545000000000003 51.100000000000009 43.63333333333334
decision_type=10 2 2 10 2 2 10 2 2 8 2 10 10 10
left_child=2 3 -1 -2 6 -5 -3 -4 -9 -10 11 -7 13 -12
right_child=1 4 7 5 -6 10 -8 8 9 -11 12 -13 -14 -15
leaf_value=0.046879787583351137 0.0036865525223126307 0.17191437967801401 -0.0098019006556832045 0.011551995205210263 0.036358749920400134 0.041670779199890234 0.041594691412283641 -0.0087094215969623894 0.00012761460114974859 0.027806351766185872 0.02646231811492963 0.13420638178103891 0.077440690908401291 -0.047673025431508927
leaf_weight=312 8056 68 16197 3983 592 232 50 5548 7741 672 1385 76 142 119
leaf_count=312 8056 68 16197 3983 592 232 50 5548 7741 672 1385 76 142 119
internal_value=1.19891e-05 0.0117842 -0.00566787 0.00984566 0.0499215 0.0181978 0.117314 -0.0062131 -0.00204753 0.00234298 0.0317253 0.0647658 0.0255098 0.020566
internal_weight=45173 14703 30470 13993 710 5937 118 30158 13961 8413 1954 308 1646 1504
internal_count=45173 14703 30470 13993 710 5937 118 30158 13961 8413 1954 308 1646 1504
is_linear=0
shrinkage=0.05


Tree=42
num_leaves=15
num_cat=0
split_feature=62 3 60 58 45 2 51 62 32 21 61 0 54 62
split_gain=1100.73 350.818 312.774 264.287 248.29 203.941 180.083 170.22 204.829 284.907 149.776 208.377 152.923 161.954
threshold=72080.500000000015 25.166666666666668 1.5000000000000002 1047.5000000000002 4.6833333333333353 5.8660714285714297 0.58333333333333337 446295.00000000006 1.5001900000000004 0.12676666666666672 28.000000000000004 1.8333333333333337 1.0000000180025095e-35 21153.500000000004
decision_type=2 10 2 2 8 10 10 2 8 10 2 10 10 2
left_child=1 10 3 7 -5 6 -4 -2 9 -9 11 -1 -13 -14
right_child=2 -3 5 4 -6 -7 -8 8 -10 -11 -12 12 13 -15
leaf_value=0.115410176697558 0.020920750952369699 0.0042136413614629192 0.12064400337091306 0.0014260394991103486 0.018242724506954165 0.13972400473511737 0.029254871896357643 0.091607469549374806 0.15435587688426086 -0.0066365441449071517 -0.0076009608285816828 -0.043288852334022521 0.100356507149896 -0.015175518207252027
leaf_weight=56 593 9082 61 4561 4237 57 459 167 54 131 25508 87 61 59
leaf_count=56 593 9082 61 4561 4237 57 459 167 54 131 25508 87 61 59
internal_value=1.19174e-05 -0.00423463 0.0143554 0.0122321 0.00952815 0.0501235 0.0401291 0.0373616 0.064919 0.0483971 -0.0072129 0.0302728 0.00689738 0.0435185
internal_weight=45173 34853 10320 9743 8798 577 520 945 352 298 25771 263 207 120
internal_count=45173 34853 10320 9743 8798 577 520 945 352 298 25771 263 207 120
is_linear=0
shrinkage=0.05


Tree=43
num_leaves=15
num_cat=0
split_feature=62 60 3 57 0 2 61 59 26 61 38 37 61 46
split_gain=1001.06 377.955 317.754 233.865 223.492 199.236 157.869 160.807 156.266 145.573 114.842 114.702 220.08 125.885
threshold=32978.500000000007 1.5000000000000002 56.500000000000007 2.7500000000000004 1.0000000180025095e-35 5.8660714285714297 116.50000000000001 1198.7500000000002 0.18103900000000003 74.500000000000014 24.590000000000007 14.32666666666667 75.500000000000014 5.3100000000000014
decision_type=2 2 8 2 10 10 2 2 8 2 10 10 2 10
left_child=4 2 10 8 -1 9 -5 -8 11 -3 -2 12 13 -4
right_child=1 5 3 6 -6 -7 7 -9 -10 -11 -12 -13 -14 -15
leaf_value=-0.0084922972908535038 0.001088268961165488 0.029313260259097081 0.019983833416881158 0.0059486743008420155 0.00022167890226092635 0.13400405585511119 0.00054291488082559261 0.1169696369130193 0.047682252828758702 0.099850382774086768 -0.049064564404313657 0.012743489895521046 0.10755973696566182 0.078483764737268591
leaf_weight=18706 5639 625 865 4126 12120 58 55 65 626 83 116 1895 91 103
leaf_count=18706 5639 625 865 4126 12120 58 55 65 626 83 116 1895 91 103
internal_value=1.18879e-05 0.0109226 0.00899195 0.0155501 -0.00506542 0.0450909 0.00760364 0.0640385 0.0249655 0.0376824 6.88508e-05 0.0201358 0.0333278 0.0262716
internal_weight=45173 14347 13581 7826 30826 766 4246 120 3580 708 5755 2954 1059 968
internal_count=45173 14347 13581 7826 30826 766 4246 120 3580 708 5755 2954 1059 968
is_linear=0
shrinkage=0.05


Tree=44
num_leaves=15
num_cat=0
split_feature=42 60 3 51 44 2 62 27 44 62 0 13 2 24
split_gain=921.126 339.22 230.512 197.373 174.904 168.583 143.784 143.126 130.904 143.152 125.409 163.091 145.13 152.418
threshold=3.5833333333333335 1.5000000000000002 77.833333333333357 2.5000000000000004 30.81666666666667 5.2111111111111121 5270.5000000000009 1.0183333333333338 11.612500000000002 1289631.0000000002 1.5833333333333337 10.633333333333335 3.683333333333334 0.089976666666666691
decision_type=10 2 10 10 10 10 2 10 8 2 10 10 10 10
left_child=5 2 -2 4 10 6 -1 -4 -8 -10 -3 -12 13 -13
right_child=1 3 7 -5 -6 -7 8 -9 9 -11 11 12 -14 -15
leaf_value=-0.0084479016334156366 0.0030633886646747443 0.091352000933417069 0.01515337267723478 -0.030147313303167719 0.13233061727341705 0.040284134872476313 -0.0030429279185585942 0.083638433001995582 0.010445577828718577 0.096492188254205302 -0.00367402177818907 0.053733466826908965 0.014297396604181369 0.16051156554039162
leaf_weight=16281 8056 114 5860 79 63 204 12746 77 1189 50 184 105 115 50
leaf_count=16281 8056 114 5860 79 63 204 12746 77 1189 50 184 105 115 50
internal_value=1.19005e-05 0.0102906 0.00857673 0.0440032 0.0533428 -0.00494725 -0.00525361 0.0160528 -0.00153293 0.0139757 0.0444292 0.0325043 0.0572128 0.0887441
internal_weight=45173 14703 13993 710 631 30470 30266 5937 13985 1239 568 454 270 155
internal_count=45173 14703 13993 710 631 30470 30266 5937 13985 1239 568 454 270 155
is_linear=0
shrinkage=0.05


Tree=45
num_leaves=15
num_cat=0
split_feature=62 57 36 60 51 43 45 38 46 58 62 59 45 15
split_gain=837.693 305.853 271.291 246.844 209.807 196.766 171.356 171.119 157.898 158.861 138.846 158.072 265.689 127.675
threshold=72080.500000000015 2.7500000000000004 3.0000000000000013 1.5000000000000002 0.83333333333333337 56.675000000000004 7.6333333333333355 25.850000000000005 6.2900000000000018 1057.5000000000002 515845.50000000006 1058.7500000000002 4.8416666666666677 1.0000000180025095e-35
decision_type=2 2 10 2 10 10 8 10 8 2 2 2 10 8
left_child=2 3 -1 6 -5 13 7 10 -8 -10 -2 12 -12 -3
right_child=1 5 -4 4 -6 -7 8 -9 9 -11 11 -13 -14 -15
leaf_value=-0.0063882274263620175 0.011188910089342209 -0.0037217618007141882 0.0035255103265097081 0.13472980481689564 0.038261942683737261 0.085957349522584159 0.11166469279538703 -0.029956459457711349 0.065880661382349118 0.019079032312143768 0.14105127682229002 0.024198739142557664 0.0045851736650325539 0.011434143020787258
leaf_weight=25379 2521 2877 9474 83 179 73 67 208 252 655 83 575 63 2684
leaf_count=25379 2521 2877 9474 83 179 73 67 208 252 655 83 575 63 2684
internal_value=1.18346e-05 0.0125248 -0.00369267 0.0219639 0.069116 0.00466829 0.0191583 0.0139146 0.0376896 0.032139 0.0167411 0.0360988 0.0825525 0.00358907
internal_weight=45173 10320 34853 4686 262 5634 4424 3450 974 907 3242 721 146 5561
internal_count=45173 10320 34853 4686 262 5634 4424 3450 974 907 3242 721 146 5561
is_linear=0
shrinkage=0.05


Tree=46
num_leaves=15
num_cat=0
split_feature=3 57 29 43 30 62 0 12 49 1 1 43 42 58
split_gain=767.194 244.662 282.447 213.081 185.666 184.652 164.382 146.709 154.829 138.401 109.35 105.213 158.617 99.813
threshold=57.833333333333336 4.7500000000000009 0.1871404285714286 52.900000000000006 0.30706666666666677 5462.5000000000009 5.166666666666667 15.16666666666667 2.1000000000000005 9.2250000000000014 9.1000000000000014 44.45000000000001 47.833333333333336 1062.5000000000002
decision_type=10 2 10 10 10 2 8 8 10 10 10 10 10 2
left_child=5 2 9 4 -4 -1 13 8 -8 -2 11 12 -6 -7
right_child=1 -3 3 -5 10 6 7 -9 -10 -11 -12 -13 -14 -15
leaf_value=-0.0074189796427830594 0.00710968294247721 -0.01356751621589508 0.11770782117704744 0.10900897439694245 0.022962744709039518 0.0080624249608497803 0.10225436842594392 0.01152986423669221 -0.0047611263302579816 0.08864217918543589 -0.046965718701218087 -0.0376481605037082 0.11077594263213023 -0.0030101318480768328
leaf_weight=17127 7052 914 51 74 3085 2405 97 885 51 52 56 69 52 13203
leaf_count=17127 7052 914 51 74 3085 2405 97 885 51 52 56 69 52 13203
internal_value=1.18027e-05 0.0112242 0.013387 0.0252709 0.0233768 -0.00377451 -2.19821e-05 0.0192881 0.0653172 0.0077162 0.0218765 0.0230939 0.0244438 -0.00130218
internal_weight=45173 11405 10491 3387 3313 33768 16641 1033 148 7104 3262 3206 3137 15608
internal_count=45173 11405 10491 3387 3313 33768 16641 1033 148 7104 3262 3206 3137 15608
is_linear=0
shrinkage=0.05


Tree=47
num_leaves=15
num_cat=0
split_feature=44 57 61 27 27 61 58 60 58 62 45 42 53 1
split_gain=707.021 276.224 247.168 230.96 234.27 199.878 177.453 197.617 237.955 175.272 187.036 164.893 153.413 190.507
threshold=8.5277777777777803 3.7500000000000004 28.000000000000004 0.7183333333333336 0.76166666666666683 46.500000000000007 1047.5000000000002 1.5000000000000002 1091.2500000000002 12922.000000000002 8.2500000000000018 30.166666666666668 2.0500000000000003 4.9000000000000012
decision_type=10 2 2 10 10 2 2 2 2 2 8 10 10 10
left_child=2 3 12 6 -5 -4 -2 -8 -9 -7 -11 -6 13 -1
right_child=1 -3 5 4 11 9 7 8 -10 10 -12 -13 -14 -15
leaf_value=0.11781983387095539 0.0355206897790998 -0.0027618214749037082 -0.0082597576869832667 0.14980471131638584 -0.039497698961852873 -0.0040617945267141147 0.0093250110607105054 0.12048681922934273 0.026297995315174724 0.0036248879199372907 0.036794324494013105 0.06097356046924144 -0.037001737867082871 0.026381730269229416
leaf_weight=85 880 2590 14622 58 53 12696 6274 82 368 6614 454 170 52 175
leaf_count=85 880 2590 14622 58 53 12696 6274 82 368 6614 454 170 52 175
internal_value=1.1525e-05 0.0113965 -0.00342488 0.0160501 0.0605557 -0.00382778 0.0143983 0.0116277 0.0436315 -0.000547483 0.00576145 0.0369479 0.0408352 0.0565397
internal_weight=45173 10475 34698 7885 281 34386 7604 6724 450 19764 7068 223 312 260
internal_count=45173 10475 34698 7885 281 34386 7604 6724 450 19764 7068 223 312 260
is_linear=0
shrinkage=0.05


Tree=48
num_leaves=15
num_cat=0
split_feature=42 60 61 58 59 36 3 61 4 39 2 57 58 51
split_gain=650.484 273.144 233.152 196.476 193.649 190.775 167.652 168.171 209.04 187.442 153.779 177.262 262.52 151.078
threshold=3.5833333333333335 1.5000000000000002 28.000000000000004 1091.2500000000002 1025.0000000000002 16.883333333333336 77.833333333333357 89.500000000000014 86.90000000000002 32.650000000000006 2.4365079365079372 2.7500000000000004 1163.7500000000002 2.5000000000000004
decision_type=10 2 2 2 2 10 10 2 10 10 10 2 2 10
left_child=2 4 10 5 -2 -3 -6 -8 -9 -10 -1 -12 -13 -5
right_child=1 3 -4 13 6 -7 7 8 9 -11 11 12 -14 -15
leaf_value=0.1188423233964287 0.038724386725244746 0.15205407202189422 -0.0046018742736526437 0.036770884533361366 0.0012213685335692374 0.02267903304557399 0.010196463192569455 0.088990731818226587 0.057918114426182069 -0.03292638095458169 0.093776403457150437 -0.044260719277528657 0.075771755772037111 -0.038419821834057767
leaf_weight=50 468 68 30158 516 7773 50 5370 156 116 110 66 125 71 76
leaf_count=50 468 68 30158 516 7773 50 5370 156 116 110 66 125 71 76
internal_value=1.13336e-05 0.0086491 -0.00415599 0.0389008 0.00711101 0.0977721 0.00601387 0.0124852 0.0445389 0.0136163 0.038802 0.0232346 -0.000570177 0.0270516
internal_weight=45173 14703 30470 710 13993 118 13525 5752 382 226 312 262 196 592
internal_count=45173 14703 30470 710 13993 118 13525 5752 382 226 312 262 196 592
is_linear=0
shrinkage=0.05


Tree=49
num_leaves=15
num_cat=0
split_feature=3 61 61 61 61 58 36 53 2 7 21 43 43 23
split_gain=596.121 211.959 204.926 180.564 161.062 160.635 147.596 143.126 202.307 141.22 112.565 112.014 166.358 183.269
threshold=59.833333333333336 115.50000000000001 28.000000000000004 50.500000000000007 45.500000000000007 1270.0000000000002 7.9333333333333362 2.0500000000000003 4.5857142857142863 0.90000000000000013 0.5092000000000001 43.63333333333334 36.63333333333334 0.33910500000000005
decision_type=10 2 2 2 2 2 8 10 10 10 10 10 10 10
left_child=1 2 7 -2 6 9 -4 8 -1 11 -11 12 -5 -14
right_child=3 -3 4 5 -6 -7 -8 -9 -10 10 -12 -13 13 -15
leaf_value=0.13993267177116306 0.0023103734565865851 0.096174366020153612 -0.0066456238888473011 0.01647432476168224 -0.00091342332908978712 -0.0072198890259835766 -0.028663773154333657 -0.038285974775041857 0.029689442386462109 0.024362599809443761 0.11285550509103769 -0.013239243604461751 0.036614960399891837 0.14329980002476436
leaf_weight=52 4440 53 12987 5198 19975 702 809 52 208 77 69 293 208 50
leaf_count=52 4440 53 12987 5198 19975 702 809 52 208 77 69 293 208 50
internal_value=1.12521e-05 -0.00325421 -0.00341097 0.0101129 -0.00378454 0.0153598 -0.00793958 0.0368854 0.0520603 0.0180533 0.0665977 0.0168105 0.0184299 0.0576242
internal_weight=45173 34136 34083 11037 33771 6597 13796 312 260 5895 146 5749 5456 258
internal_count=45173 34136 34083 11037 33771 6597 13796 312 260 5895 146 5749 5456 258
is_linear=0
shrinkage=0.05


Tree=50
num_leaves=15
num_cat=0
split_feature=62 57 60 61 43 27 21 22 27 39 24 53 39 31
split_gain=570.675 274.234 209.158 234.566 162.17 160.697 155.858 144.151 137.232 136.179 134.141 124.082 184.827 176.224
threshold=32978.500000000007 2.7500000000000004 1.5000000000000002 73.500000000000014 56.675000000000004 0.22346166666666673 0.011666666666666667 0.085840000000000041 0.15679166666666672 21.250000000000007 0.093133333333333346 1.3666666666666669 21.716666666666672 1.5783000000000003
decision_type=2 2 2 2 10 8 10 10 10 8 8 10 10 10
left_child=6 2 5 8 10 -2 -1 9 -4 -7 -3 -9 -13 -14
right_child=1 4 3 -5 -6 7 -8 11 -10 -11 -12 12 13 -15
leaf_value=-0.0053096951840171224 0.0090418965501886505 -0.0027677930277047137 0.015342339786911484 0.14634286048295705 0.075886052870983586 0.13050517751791765 0.0046754261980436742 0.00079669181335096566 0.097368109604274791 0.042706339035721214 0.011957715811213328 0.0084593892244209865 0.085219084528776315 0.01003583740458449
leaf_weight=26237 4605 5652 214 57 73 53 4589 508 67 273 2128 370 227 120
leaf_count=26237 4605 5652 214 57 73 53 4589 508 67 273 2128 370 227 120
internal_value=1.10254e-05 0.00824905 0.0158509 0.0541447 0.00195896 0.0137401 -0.00382237 0.0276656 0.0351271 0.0572349 0.00125725 0.019756 0.0331441 0.0593429
internal_weight=45173 14347 6494 338 7853 6156 30826 1551 281 326 7780 1225 717 347
internal_count=45173 14347 6494 338 7853 6156 30826 1551 281 326 7780 1225 717 347
is_linear=0
shrinkage=0.05


Tree=51
num_leaves=15
num_cat=0
split_feature=62 60 57 28 27 21 22 30 14 53 62 59 61 28
split_gain=515.208 248.624 207.235 156.22 145.155 140.666 130.157 128.398 123.127 121.619 121.382 149.26 188.124 194.508
threshold=32978.500000000007 1.5000000000000002 2.7500000000000004 0.49775000000000003 0.22346166666666673 0.011666666666666667 0.085840000000000041 1.2538666666666669 0.70714285714285718 0.88750000000000007 2330478.0000000005 1162.5000000000002 89.500000000000014 0.58882000000000012
decision_type=2 2 2 10 8 10 10 10 8 10 2 2 2 10
left_child=5 2 4 8 -2 -1 7 -6 -3 -10 -4 -12 -13 -14
right_child=1 3 10 -5 6 -7 -8 -9 9 -11 11 12 13 -15
leaf_value=-0.0050442156636332737 0.0085898506705225485 0.099683404227961681 -0.0007466517913527176 0.11899744375121027 0.040439554947497958 0.0044416802926557477 0.018773394943184935 0.1263385279263769 0.073253558990659148 0.013838804857579039 -0.022138331122696402 0.012730169239107667 0.17250550338989218 0.033609550141152883
leaf_weight=26237 4605 57 7088 52 274 4589 1225 52 102 555 97 138 50 52
leaf_count=26237 4605 57 7088 52 274 4589 1225 52 102 555 97 138 50 52
internal_value=1.10995e-05 0.00783857 0.00627242 0.0355513 0.0130554 -0.00363121 0.0262908 0.0543903 0.02936 0.0231497 0.000644809 0.0299427 0.0510984 0.102449
internal_weight=45173 14347 13581 766 6156 30826 1551 326 714 657 7425 337 240 102
internal_count=45173 14347 13581 766 6156 30826 1551 326 714 657 7425 337 240 102
is_linear=0
shrinkage=0.05


Tree=52
num_leaves=15
num_cat=0
split_feature=3 61 61 53 1 62 42 0 61 49 32 46 61 16
split_gain=470.514 192.213 185.812 128.024 154.854 116.988 197.023 152.21 114.232 172.619 182.237 211.982 111.993 102.951
threshold=30.166666666666668 28.000000000000004 52.500000000000007 2.0500000000000003 4.9000000000000012 4676991.0000000009 41.166666666666679 11.16666666666667 97.500000000000014 3.1000000000000005 1.0210100000000002 7.1100000000000012 102.50000000000001 0.22500000000000003
decision_type=10 2 2 10 10 2 10 10 2 10 10 10 2 10
left_child=1 3 -2 4 -1 7 -7 8 -4 10 11 -10 -3 -13
right_child=2 12 5 -5 -6 6 -8 -9 9 -11 -12 13 -14 -15
leaf_value=0.10480682411563327 0.0012792189533852925 -0.004347418472387783 0.010443975527802685 -0.035877144223167783 0.022356260561933503 0.00016932199882753826 0.10735006849198828 -0.065895676670511674 0.070424173510107921 0.12375831439078433 0.10281947656133311 -0.067731856730054413 0.070150640204843906 0.0081688126693414131
leaf_weight=85 7755 28683 7755 52 175 88 84 63 89 51 61 76 50 106
leaf_count=85 7755 28683 7755 52 175 88 84 63 89 51 61 76 50 106
internal_value=1.11507e-05 -0.0037908 0.00685955 0.0352031 0.0495566 0.0120246 0.0528178 0.0111629 0.0117665 0.0384313 0.0250823 0.00733501 -0.00421569 -0.0234877
internal_weight=45173 29045 16128 312 260 8373 172 8201 8138 383 332 271 28733 182
internal_count=45173 29045 16128 312 260 8373 172 8201 8138 383 332 271 28733 182
is_linear=0
shrinkage=0.05


Tree=53
num_leaves=15
num_cat=0
split_feature=3 62 61 61 4 41 43 45 59 61 43 25 2 46
split_gain=436.228 184.436 167.425 142.361 233.269 229.647 182.979 120.819 114.677 251.888 110.232 102.388 101.836 124.798
threshold=79.833333333333357 51152.000000000007 28.000000000000004 89.500000000000014 86.90000000000002 25.005000000000006 56.675000000000004 12.383333333333335 1108.7500000000002 102.50000000000001 17.633333333333336 0.23207600000000003 5.8166666666666673 8.3675000000000015
decision_type=10 2 2 2 10 10 10 10 2 2 10 10 10 10
left_child=1 -1 -3 7 5 -5 -6 10 9 11 12 -4 13 -2
right_child=3 2 8 4 6 -7 -8 -9 -10 -11 -12 -13 -14 -15
leaf_value=-0.0037657204721080503 0.0060184086775458981 0.086564313793182371 0.0086671680092704328 0.0046024649767648605 -0.011402867146016456 0.13526841808779119 0.092841374177799058 -0.030859743389760105 -0.00021693708854058551 0.10620126958592986 0.020117991911177229 0.075694590106479123 -0.061671213956054197 0.078406903492517721
leaf_weight=30940 4063 62 2387 52 196 97 53 177 4747 70 2157 58 54 60
leaf_count=30940 4063 62 2387 52 196 97 53 177 4747 70 2157 58 54 60
internal_value=1.1007e-05 -0.00207633 0.0050568 0.0115742 0.0406064 0.090002 0.0108271 0.00979272 0.00435157 0.0129828 0.010935 0.0102826 0.00618512 0.00708729
internal_weight=45173 38264 7324 6909 398 149 249 6511 7262 2515 6334 2445 4177 4123
internal_count=45173 38264 7324 6909 398 149 249 6511 7262 2515 6334 2445 4177 4123
is_linear=0
shrinkage=0.05


Tree=54
num_leaves=15
num_cat=0
split_feature=62 57 17 27 4 61 61 14 0 0 2 62 25 39
split_gain=399.112 257.41 259.832 280.932 158.312 126.325 125.383 333.059 152.196 253.18 122.431 149.569 132.956 119.603
threshold=21153.500000000004 3.7500000000000004 0.18333333333333338 0.7183333333333336 87.100000000000009 28.000000000000004 98.500000000000014 11.050000000000002 4.166666666666667 6.5833333333333348 4.6125000000000007 726976.50000000012 0.25460100000000002 12.241666666666669
decision_type=2 2 8 10 10 2 2 10 8 10 10 2 10 10
left_child=-1 2 5 6 -5 -2 10 -8 -9 -10 11 12 -4 -7
right_child=1 -3 3 4 -6 13 7 8 9 -11 -12 -13 -14 -15
leaf_value=-0.0036055248213795899 0.057495526964033865 -0.0047354487706122873 0.012239764482008551 0.12595121003041379 0.037034029073575857 -0.002362412542738068 0.16251889950442083 -0.037147061976810433 0.12917487508034317 0.00071735876625862683 -0.0029767936596700687 0.043183717700139922 0.069682924953347811 0.0129723913838222
leaf_weight=28370 103 4120 4127 86 123 4677 51 74 61 103 952 478 103 1745
leaf_count=28370 103 4120 4127 86 123 4677 51 74 61 103 952 478 103 1745
internal_value=1.08477e-05 0.0061181 0.00964584 0.0170129 0.0739546 0.00268852 0.0150022 0.0471356 0.022017 0.0488967 0.013353 0.0166603 0.0136525 0.00180119
internal_weight=45173 16803 12683 6158 209 6525 5949 289 238 164 5660 4708 4230 6422
internal_count=45173 16803 12683 6158 209 6525 5949 289 238 164 5660 4708 4230 6422
is_linear=0
shrinkage=0.05


Tree=55
num_leaves=15
num_cat=0
split_feature=3 62 57 60 12 5 26 30 60 12 32 30 3 12
split_gain=369.112 148.99 173.222 124.792 178.76 119.205 118.528 195.74 158.176 150.747 108.842 108.622 125.78 150.376
threshold=79.833333333333357 51152.000000000007 2.7500000000000004 1.5000000000000002 4.166666666666667 82.816666666666677 0.07001700000000001 0.40703333333333341 1.5000000000000002 11.583333333333334 1.1576200000000003 0.83030000000000015 76.166666666666671 11.583333333333334
decision_type=10 2 2 2 10 10 10 10 2 10 10 8 10 10
left_child=1 -1 3 11 -5 -4 -2 -8 9 -9 -10 -3 13 -13
right_child=6 2 5 4 -6 -7 7 8 10 -11 -12 12 -14 -15
leaf_value=-0.0034277082101571189 0.0052333380107101668 0.0057990784295393841 -0.00083184452524770231 0.11953141538867058 0.015152174582911862 -0.049063480809893256 0.11525944366834118 0.0396847199181476 0.12137288693179432 0.0084299375710875282 0.028693325853553317 0.020392993094300378 -0.032020485805754631 0.076561505529862739
leaf_weight=30940 4110 2439 3912 65 112 132 51 471 58 2147 72 422 75 167
leaf_count=30940 4110 2439 3912 65 112 132 51 471 58 2147 72 422 75 167
internal_value=1.07481e-05 -0.00190927 0.00450172 0.0130402 0.0538531 -0.00241822 0.0106473 0.0185858 0.0167619 0.014069 0.0705408 0.0106958 0.0286269 0.0364124
internal_weight=45173 38264 7324 3280 177 4044 6909 2799 2748 2618 130 3103 664 589
internal_count=45173 38264 7324 3280 177 4044 6909 2799 2748 2618 130 3103 664 589
is_linear=0
shrinkage=0.05


Tree=56
num_leaves=15
num_cat=0
split_feature=61 3 61 2 54 57 5 51 31 62 46 24 24 14
split_gain=351.337 221.147 157.755 146.775 153.677 124.228 130.238 117.793 116.339 125.032 297.862 143.328 145.997 116.755
threshold=50.500000000000007 79.166666666666671 28.000000000000004 2.4365079365079372 1.0000000180025095e-35 2.7500000000000004 83.118055555555571 0.83333333333333337 2.2720000000000007 1945740.0000000002 6.1100000000000012 0.33166666666666672 0.26166666666666677 27.050000000000004
decision_type=2 8 2 10 10 2 10 10 10 2 10 10 10 10
left_child=2 5 3 -1 -5 -2 -7 -6 9 13 -11 12 -12 -3
right_child=1 8 -4 4 7 6 -8 -9 -10 10 11 -13 -14 -15
leaf_value=0.11015680264128316 0.0079167157780374933 0.01180520369321314 -0.003711191169174682 -0.030530830177563979 -0.0072608707580438334 -0.0015808541051065359 -0.057866262165054187 0.081022628108460712 0.07736699993969226 0.14115878771080737 0.024267508104567286 -0.032041268006275977 0.10882796277604255 -0.052599228970654367
leaf_weight=50 5136 4033 28434 103 60 6376 104 99 73 59 421 96 58 71
leaf_count=50 5136 4033 28434 103 60 6376 104 99 73 59 421 96 58 71
internal_value=1.06373e-05 0.00584422 -0.00332216 0.0320014 0.0168096 0.00210794 -0.00249245 0.047633 0.014859 0.0138826 0.0345582 0.0234634 0.0346615 0.0106786
internal_weight=45173 16427 28746 312 262 11616 6480 159 4811 4738 634 575 479 4104
internal_count=45173 16427 28746 312 262 11616 6480 159 4811 4738 634 575 479 4104
is_linear=0
shrinkage=0.05


Tree=57
num_leaves=15
num_cat=0
split_feature=17 57 27 4 43 32 61 61 29 2 62 58 57 3
split_gain=323.232 183.414 278.371 143.522 136.18 144.769 134.36 133.597 145.952 132.614 145.681 133.87 252.482 126.86
threshold=0.18333333333333338 3.7500000000000004 0.7183333333333336 87.100000000000009 33.900000000000006 1.0462333333333336 28.000000000000004 46.500000000000007 0.16001800000000005 2.4365079365079372 4799.5000000000009 1163.7500000000002 2.7500000000000004 85.166666666666671
decision_type=10 2 10 10 10 10 2 2 8 10 2 2 2 10
left_child=6 2 -2 -4 -3 13 9 8 -8 -1 -11 12 -12 -6
right_child=1 4 3 -5 5 -7 7 -9 -10 10 11 -13 -14 -15
leaf_value=0.10470349340155574 0.010266466834018178 -0.0074737225220828617 0.11826510725682871 0.033606488263679422 0.009842037933653798 -0.038350753382881089 -0.0051666324374679724 5.8720076520647193e-05 -0.030400562087508073 -0.057542630278061481 0.091092159417497015 0.10064463164426585 -0.040342773230642913 0.10090725582516835
leaf_weight=50 7216 2232 86 123 72 50 13759 20642 598 53 59 56 94 83
leaf_count=50 7216 2232 86 123 72 50 13759 20642 598 53 59 56 94 83
internal_value=1.0314e-05 0.00801377 0.0119209 0.0687605 -0.00388 0.0350491 -0.00222434 -0.0025164 -0.00622044 0.0304096 0.0159637 0.0348163 0.01031 0.0589344
internal_weight=45173 9862 7425 209 2437 205 35311 34999 14357 312 262 209 153 155
internal_count=45173 9862 7425 209 2437 205 35311 34999 14357 312 262 209 153 155
is_linear=0
shrinkage=0.05


Tree=58
num_leaves=15
num_cat=0
split_feature=42 57 60 58 59 61 27 12 31 0 57 58 25 43
split_gain=301.5 202.457 183.709 182.78 170.515 129.023 127.243 114.605 198.684 114.336 177.252 181.786 111.709 128.379
threshold=2.5833333333333335 3.7500000000000004 1.5000000000000002 1083.7500000000002 1025.0000000000002 28.000000000000004 1.0183333333333338 14.16666666666667 0.42225000000000007 1.8333333333333337 2.7500000000000004 1163.7500000000002 0.25602900000000012 33.900000000000006
decision_type=10 2 2 2 2 2 10 10 10 10 2 2 10 10
left_child=5 2 4 -4 -2 9 -6 -5 -9 -1 -11 -12 13 -3
right_child=1 12 3 7 6 -7 -8 8 -10 10 11 -13 -14 -15
leaf_value=0.09337659794672401 0.035193428162532868 -0.0046387485485543173 0.10918261419596342 0.0095114376760622246 0.005490386005057319 -0.0033897749783449354 0.083555872298422318 -0.00048813770498548235 0.099845547858211731 0.086304014205008522 -0.04712755577368237 0.053024909372987421 -0.041765093380747499 0.035618745103513996
leaf_weight=56 519 3594 72 403 10943 28681 52 87 112 64 120 72 189 209
leaf_count=56 519 3594 72 403 10943 28681 52 87 112 64 120 72 189 209
internal_value=1.00695e-05 0.00547856 0.00868009 0.0340527 0.00719126 -0.00304089 0.00586565 0.0249424 0.0559645 0.028905 0.0145499 -0.00940034 -0.00428963 -0.00241537
internal_weight=45173 16180 12188 674 11514 28993 10995 602 199 312 256 192 3992 3803
internal_count=45173 16180 12188 674 11514 28993 10995 602 199 312 256 192 3992 3803
is_linear=0
shrinkage=0.05


Tree=59
num_leaves=15
num_cat=0
split_feature=62 60 27 50 55 45 2 58 62 14 62 16 12 49
split_gain=276.482 203.35 190.639 157.066 168.99 145.733 126.557 122.75 195.194 112.797 113.351 110.248 204.48 149.721
threshold=21153.500000000004 1.5000000000000002 0.17007333333333338 1.2928571428571431 0.36666666666666675 7.4500000000000011 5.8660714285714297 1047.5000000000002 726976.50000000012 33.050000000000004 4676991.0000000009 1.0000000180025095e-35 4.416666666666667 2.1000000000000005
decision_type=2 2 8 10 10 10 10 2 2 10 2 8 8 10
left_child=-1 2 7 4 5 -4 11 8 -2 10 -5 -3 -13 -14
right_child=1 6 3 9 -6 -7 -8 -9 -10 -11 -12 12 13 -15
leaf_value=-0.0029998939020206856 0.0098716275386832829 0.0027643421050834523 0.033256512313171525 0.0074847131960306748 -0.0051483420254007338 0.09565515732270663 0.099651393950240238 -0.0014272088585435823 0.086513239568699912 -0.064913793419088636 0.064475173425116689 0.1297617668168502 0.046262943835808583 -0.020914557334277536
leaf_weight=28370 922 366 537 3719 234 114 58 10160 91 52 89 55 291 115
leaf_count=28370 922 366 537 3719 234 114 58 10160 91 52 89 55 291 115
internal_value=9.96102e-06 0.00509319 0.00379395 0.01219 0.0311921 0.0442869 0.0284184 0.000225657 0.0168205 0.00782332 0.00883154 0.0233353 0.0395922 0.027171
internal_weight=45173 16803 15918 4745 885 651 885 11173 1013 3860 3808 827 461 406
internal_count=45173 16803 15918 4745 885 651 885 11173 1013 3860 3808 827 461 406
is_linear=0
shrinkage=0.05


Tree=60
num_leaves=15
num_cat=0
split_feature=61 3 61 53 2 31 57 5 4 62 44 46 1 39
split_gain=267.158 172.167 116.048 115.267 160.744 105.486 103.736 120.081 106.729 102.613 278.84 142.334 207.072 164.639
threshold=50.500000000000007 79.166666666666671 28.000000000000004 2.0500000000000003 4.5857142857142863 2.2720000000000007 2.7500000000000004 83.118055555555571 81.450000000000017 1945740.0000000002 19.105555555555558 6.7800000000000011 8.7083333333333339 31.216666666666672
decision_type=2 8 2 10 10 10 2 10 10 2 10 10 10 10
left_child=2 6 3 4 -1 9 -2 8 -8 -3 -11 -12 -13 -14
right_child=1 5 -4 -5 -6 -7 7 -9 -10 10 11 12 13 -15
leaf_value=0.1193358177798135 0.0071082013698581152 0.0092180177554782479 -0.0032301045811724536 -0.040037188302902954 0.021098105829182291 0.072567911286439218 -0.0021325251521383307 -0.055574721831230404 0.068128620431579037 0.143673276237332 0.087719889894022171 -0.0056475288978882886 0.12460197123486226 0.0069877894951597512
leaf_weight=52 5136 4104 28434 52 208 73 6322 104 54 50 70 394 63 57
leaf_count=52 5136 4104 28434 52 208 73 6322 104 54 50 70 394 63 57
internal_value=9.83946e-06 0.00509687 -0.00289633 0.0273988 0.041033 0.013051 0.00179993 -0.00240374 -0.00152825 0.0121212 0.0308524 0.0210356 0.0118291 0.0692035
internal_weight=45173 16427 28746 312 260 4811 11616 6480 6376 4738 634 584 514 120
internal_count=45173 16427 28746 312 260 4811 11616 6480 6376 4738 634 584 514 120
is_linear=0
shrinkage=0.05


Tree=61
num_leaves=15
num_cat=0
split_feature=17 57 62 0 27 42 4 61 2 54 2 61 29 30
split_gain=247.011 152.756 206.523 140.968 145.862 126.611 102.202 98.7808 109.904 133.607 117.983 105.69 133.553 97.1134
threshold=0.18333333333333338 4.7500000000000009 4676991.0000000009 11.16666666666667 0.7183333333333336 41.166666666666679 81.100000000000009 28.000000000000004 2.4365079365079372 1.0000000180025095e-35 7.1125000000000007 46.500000000000007 0.16001800000000005 0.15999999999999992
decision_type=10 2 2 10 10 10 10 2 10 10 10 2 8 8
left_child=7 2 3 4 -2 -4 -6 8 -1 -10 -11 12 -9 -13
right_child=1 -3 5 -5 6 -7 -8 11 9 10 -12 13 -14 -15
leaf_value=0.093666080319055239 0.0074112216222033678 -0.014464064326156973 0.019508619593649076 -0.073035739821808374 0.11361103630301977 0.11283904778002454 0.028900995631428329 -0.0044806354922675351 -0.031250876487021288 0.083190241564403883 -0.0025461938112012802 -0.0025195059975863156 -0.028618500265623494 0.0045916103772011014
leaf_weight=50 8722 763 72 53 50 75 127 13759 103 82 77 13046 598 7596
leaf_count=50 8722 763 72 53 50 75 127 13759 103 82 77 13046 598 7596
internal_value=9.7647e-06 0.0070063 0.00881015 0.00783962 0.00832818 0.0675168 0.0532239 -0.00194366 0.0260369 0.0128815 0.0416355 -0.00219418 -0.00548873 9.61334e-05
internal_weight=45173 9862 9099 8952 8899 147 177 35311 312 262 159 34999 14357 20642
internal_count=45173 9862 9099 8952 8899 147 177 35311 312 262 159 34999 14357 20642
is_linear=0
shrinkage=0.05


Tree=62
num_leaves=15
num_cat=0
split_feature=61 3 23 59 61 53 2 37 43 2 25 17 37 61
split_gain=228.537 145.558 101.231 117.366 102.473 106.061 138.835 97.6944 159.987 162.721 147.808 113.755 111.958 99.9818
threshold=53.500000000000007 79.166666666666671 0.014000000000000007 1047.5000000000002 28.000000000000004 2.0500000000000003 4.5857142857142863 14.32666666666667 21.900000000000002 3.9500000000000006 0.06339266666666668 0.23611111111111113 16.053333333333338 100.50000000000001
decision_type=2 8 10 2 2 10 10 8 10 10 10 10 8 2
left_child=2 -2 4 -4 5 6 -1 8 -3 10 11 -10 -9 -14
right_child=1 7 3 -5 -6 -7 -8 12 9 -11 -12 -13 13 -15
leaf_value=0.11060236371698834 0.0019266087653260632 0.015756041589786361 0.027099584949475064 0.0013282608656174722 -0.0040576679892569594 -0.039936864035470143 0.019290634093703414 -0.022506505917368323 0.005913849229659509 -0.0042045070674301185 0.1610513402166821 0.11035921979532803 0.0091500258371909841 0.040248705060816591
leaf_weight=52 8532 647 473 6648 24999 52 208 253 54 60 52 51 2807 285
leaf_count=52 8532 647 473 6648 24999 52 208 253 54 60 52 51 2807 285
internal_value=9.4462e-06 0.00568393 -0.00221907 0.00304537 -0.00370119 0.0247425 0.0378262 0.0132933 0.0282923 0.0654328 0.0921333 0.057164 0.00940795 0.0120306
internal_weight=45173 12741 32432 7121 25311 312 260 4209 864 217 157 105 3345 3092
internal_count=45173 12741 32432 7121 25311 312 260 4209 864 217 157 105 3345 3092
is_linear=0
shrinkage=0.05


Tree=63
num_leaves=15
num_cat=0
split_feature=17 57 27 4 44 26 17 54 5 58 61 53 58 58
split_gain=208.692 140.639 212.092 126.097 117.26 137.475 141.07 121.693 98.2798 90.6555 80.7567 95.8378 126.103 171.501
threshold=0.18333333333333338 3.7500000000000004 0.7183333333333336 87.100000000000009 25.707142857142859 0.21414285714285716 0.35416666666666669 0.58333333333333337 89.414285714285725 1207.5000000000002 28.000000000000004 2.0500000000000003 1163.7500000000002 1088.7500000000002
decision_type=10 2 10 10 10 10 10 10 10 2 2 10 2 2
left_child=10 2 -2 -4 -3 6 9 -8 -5 -6 11 12 13 -1
right_child=1 4 3 8 5 -7 7 -9 -10 -11 -12 -13 -14 -15
leaf_value=0.090421985002855476 0.008417438271803598 -0.0085941966820041182 0.10585750440469366 -0.026067022125697833 -0.050309011656347484 -0.039483715398558258 0.12066601617057829 0.029091107664826494 0.064085122732252905 0.031617350541252309 -0.0020126704783764511 -0.037959038189479287 0.09098828502949452 -0.01606133012135676
leaf_weight=52 7216 2071 86 51 52 72 68 80 72 94 34999 52 74 134
leaf_count=52 7216 2071 86 51 52 72 68 80 72 94 34999 52 74 134
internal_value=9.37906e-06 0.0064404 0.00986194 0.0594768 -0.0039739 0.0220778 0.0372804 0.071599 0.0265483 0.00219533 -0.0017861 0.0235126 0.0359521 0.0137368
internal_weight=45173 9862 7425 209 2437 366 294 148 123 146 35311 312 260 186
internal_count=45173 9862 7425 209 2437 366 294 148 123 146 35311 312 260 186
is_linear=0
shrinkage=0.05


Tree=64
num_leaves=15
num_cat=0
split_feature=61 24 43 1 31 30 5 14 61 14 40 25 60 1
split_gain=198.797 156.286 109.293 155.116 109.483 114.344 208.441 102.32 99.7421 148.403 167.605 98.9028 92.9742 121.661
threshold=50.500000000000007 0.060000000000000019 52.900000000000006 9.1000000000000014 2.2720000000000007 0.3168166666666668 67.527777777777786 11.707142857142857 102.50000000000001 11.050000000000002 30.91 0.10800000000000005 1.5000000000000002 1.0000000180025095e-35
decision_type=2 8 10 10 10 8 10 10 2 10 10 10 2 10
left_child=12 8 3 4 5 6 7 11 -2 -10 -11 -3 -1 -14
right_child=1 2 -4 -5 -6 -7 -8 -9 9 10 -12 -13 13 -15
leaf_value=-0.0031314405154813673 0.0006779584447849736 0.014954068534239119 0.074539261606099791 -0.065650401910985354 0.07927823971864606 0.0092069186647821353 0.12575908512131781 -0.042737951328848854 0.10813610553877084 -0.026156583688360581 0.064599290877247653 0.092359762787818919 -0.0029699342990297775 0.027156495420831147
leaf_weight=27389 11593 151 69 64 60 4068 58 50 51 117 89 57 760 597
leaf_count=27389 11593 151 69 64 60 4068 58 50 51 117 89 57 760 597
internal_value=9.1097e-06 0.00439737 0.0122448 0.0112776 0.0123984 0.0114684 0.0404419 0.0209592 0.00136384 0.0321447 0.0129939 0.0364567 -0.00249774 0.0102706
internal_weight=45173 16427 4577 4508 4444 4384 316 258 11850 257 206 208 28746 1357
internal_count=45173 16427 4577 4508 4444 4384 316 258 11850 257 206 208 28746 1357
is_linear=0
shrinkage=0.05


Tree=65
num_leaves=15
num_cat=0
split_feature=41 57 62 60 59 61 26 21 55 0 26 50 14 62
split_gain=181.104 170.934 153.539 138.62 146.643 106.381 105.533 99.326 205.436 203.213 98.9479 97.0786 88.3333 188.607
threshold=3.2837500000000008 4.7500000000000009 374444.50000000006 1.5000000000000002 1025.0000000000002 88.500000000000014 0.21901850000000003 0.053283333333333301 1.0000000180025095e-35 3.5833333333333335 0.1341428571428572 1.4722222222222225 33.050000000000004 4676991.0000000009
decision_type=10 2 2 2 2 2 10 10 10 10 10 10 10 2
left_child=2 3 -1 4 7 -5 -3 -2 11 -10 -11 -9 13 -6
right_child=1 6 -4 5 12 -7 -8 8 9 10 -12 -13 -14 -15
leaf_value=-0.0031173649729440943 0.0082632076142462908 -0.0090311593870631614 0.038873485141223754 0.019456479356370418 0.0028338441836506432 0.094175133300889835 -0.069636898542082076 0.035265996257268541 0.12603941724310366 -0.023482542241563892 0.075304419008812115 -0.056574372803886601 -0.056260441994667058 0.069294651025083184
leaf_weight=25397 343 1557 219 928 16116 50 75 63 104 50 50 52 62 107
leaf_count=25397 343 1557 219 928 16116 50 75 63 104 50 50 52 62 107
internal_value=9.01725e-06 0.00363277 -0.00275664 0.00504429 0.00398586 0.0233482 -0.0118521 0.0270502 0.0471279 0.0772035 0.0257911 -0.00611051 0.00304593 0.00327585
internal_weight=45173 19557 25616 17925 16947 978 1632 662 319 204 100 115 16285 16223
internal_count=45173 19557 25616 17925 16947 978 1632 662 319 204 100 115 16285 16223
is_linear=0
shrinkage=0.05


Tree=66
num_leaves=15
num_cat=0
split_feature=3 60 61 0 27 13 58 57 57 26 26 3 61 32
split_gain=174.548 104.965 146.4 115.94 95.4969 102.036 97.0194 141.35 80.0045 125.988 108.921 207.748 222.128 152.662
threshold=79.833333333333357 1.5000000000000002 74.500000000000014 3.8333333333333335 0.11666666666666668 0.55000000000000016 1163.7500000000002 3.2500000000000004 4.7500000000000009 0.21901850000000003 0.17612500000000003 84.833333333333357 57.500000000000007 1.7383750000000002
decision_type=10 2 2 10 8 10 2 2 2 10 10 10 2 10
left_child=1 -1 3 4 5 -3 -7 -8 10 -10 -2 12 -12 -13
right_child=8 2 -4 -5 -6 6 7 -9 9 -11 11 13 -14 -15
leaf_value=-0.0018979270942361623 0.0062277377904916154 -0.0019612495419359332 0.082140791688087217 0.074482965808361765 -0.037210972330378379 0.0071060045540302062 0.099121652151857101 0.021238976578464252 -0.0032204683546374273 -0.08547580572007929 0.00632564192292867 0.0043806733940362783 0.12579904845546161 0.068604145863432484
leaf_weight=36440 5458 942 68 62 123 363 87 179 494 51 67 637 94 108
leaf_count=36440 5458 942 68 62 123 363 87 179 494 51 67 637 94 108
internal_value=8.76087e-06 -0.0013114 0.0103899 0.00757457 0.00508973 0.00842831 0.0240168 0.0469439 0.00732337 -0.0110349 0.0089002 0.02496 0.0764086 0.0137642
internal_weight=45173 38264 1824 1756 1694 1571 629 266 6909 545 6364 906 161 745
internal_count=45173 38264 1824 1756 1694 1571 629 266 6909 545 6364 906 161 745
is_linear=0
shrinkage=0.05


Tree=67
num_leaves=15
num_cat=0
split_feature=61 57 17 62 0 1 2 59 28 42 25 36 31 14
split_gain=163.682 119.472 155.404 131.903 121.845 110.531 159.368 118.631 104.409 101.704 100.396 93.5316 84.0578 129.261
threshold=53.500000000000007 3.7500000000000004 0.13392857142857145 4676991.0000000009 10.833333333333334 8.7083333333333339 6.4142857142857155 1132.5000000000002 0.81200000000000017 41.166666666666679 0.36700000000000005 30.866666666666671 1.7522500000000003 19.31666666666667
decision_type=2 2 8 2 10 10 10 2 10 8 10 10 10 10
left_child=-1 2 12 4 5 6 10 11 -3 -5 -4 -8 13 -2
right_child=1 8 3 9 -6 -7 7 -9 -10 -11 -12 -13 -14 -15
leaf_value=-0.0018772647365359659 0.0019329790569019491 -0.0025163773578715347 0.013853021192580939 0.020735424415755821 -0.063614033524272515 0.081445503021989551 -0.11355890816875867 0.0162353552591105 -0.075027469552518558 0.11158416528593412 0.081071777905510595 -0.021677164430540755 0.039751945544822032 -0.042380639143790672
leaf_weight=32432 4718 3061 4124 65 51 59 52 75 50 60 56 61 139 170
leaf_count=32432 4718 3061 4124 65 51 59 52 75 50 60 56 61 139 170
internal_value=8.63589e-06 0.00481101 0.00756371 0.0142016 0.0127762 0.0136689 0.0127385 -0.0321974 -0.00370168 0.0648128 0.0147691 -0.0644933 0.00147991 0.000382502
internal_weight=45173 12741 9630 4603 4478 4427 4368 188 3111 125 4180 113 5027 4888
internal_count=45173 12741 9630 4603 4478 4427 4368 188 3111 125 4180 113 5027 4888
is_linear=0
shrinkage=0.05


Tree=68
num_leaves=15
num_cat=0
split_feature=24 61 14 40 43 1 14 62 58 58 53 22 21 60
split_gain=151.656 136.481 242.655 173.726 98.6521 125.359 88.3749 109.975 173.765 87.7815 151.941 163.683 103.603 81.7705
threshold=0.060000000000000019 102.50000000000001 10.707142857142857 29.940000000000005 52.900000000000006 9.1000000000000014 20.050000000000004 726976.50000000012 1042.5000000000002 1047.5000000000002 1.3666666666666669 0.13034000000000004 0.26675000000000004 1.5000000000000002
decision_type=10 2 10 10 10 10 10 2 2 2 10 10 10 2
left_child=1 6 -3 -4 5 9 7 13 -9 10 -2 -12 -13 -1
right_child=4 2 3 -5 -6 -7 -8 8 -10 -11 11 12 -14 -15
leaf_value=-0.0020596609150002713 -0.010300089021785908 0.1234871598727563 -0.032619738969219825 0.058407900047155549 0.065765519204412731 -0.062654097799875949 -0.02391441083717637 0.087563081674135415 0.009397351366609432 0.0054248979281325237 0.016534764502966214 0.11630562149544116 0.031876664820725355 0.0088303498207411187
leaf_weight=35709 189 59 114 96 71 64 430 78 772 5405 220 95 61 1810
leaf_count=35709 189 59 114 96 71 64 430 78 772 5405 220 95 61 1810
internal_value=8.22957e-06 -0.00113647 0.0343187 0.00891402 0.00733715 0.00664011 -0.00138337 -0.00112991 0.0166469 0.00739234 0.0261479 0.0445246 0.0836588 -0.00153353
internal_weight=45173 39068 269 210 6105 6034 38799 38369 850 5970 565 376 156 37519
internal_count=45173 39068 269 210 6105 6034 38799 38369 850 5970 565 376 156 37519
is_linear=0
shrinkage=0.05


Tree=69
num_leaves=15
num_cat=0
split_feature=3 60 5 44 1 37 62 45 46 42 41 49 27 28
split_gain=144.905 86.9385 122.425 249.882 92.066 168.084 101.571 75.0406 165.021 110.97 112.604 92.388 105.709 92.7336
threshold=79.833333333333357 1.5000000000000002 82.816666666666677 21.31666666666667 1.0000000180025095e-35 11.310000000000004 274712.00000000006 12.81666666666667 12.410000000000002 39.166666666666679 25.005000000000006 3.9000000000000004 0.91666666666666685 0.65809200000000023
decision_type=10 2 8 10 10 10 2 10 10 10 10 10 10 10
left_child=1 -1 3 4 -3 6 -6 8 11 -9 -11 12 13 -2
right_child=7 2 -4 -5 5 -7 -8 9 -10 10 -12 -13 -14 -15
leaf_value=-0.0017284977886536776 0.0066873968457965716 -0.0029148832338778217 -0.064294116581798691 0.11079095496637066 0.02361641334700039 -0.0333786013977308 0.089293199874290075 -0.086661122916358538 0.09599888401372092 -0.059484901679448844 0.023117710898799326 0.070106725589088772 0.075785123727737214 -0.035089003693353653
leaf_weight=36440 6372 893 54 61 628 123 65 50 52 60 129 57 54 135
leaf_count=36440 6372 893 54 61 628 123 65 50 52 60 129 57 54 135
internal_value=8.1457e-06 -0.00119465 0.00945439 0.011736 0.00815438 0.0202932 0.0298726 0.00667281 0.00766243 -0.0207995 -0.00306118 0.00695736 0.00639963 0.0058142
internal_weight=45173 38264 1824 1770 1709 816 693 6909 6670 239 189 6618 6561 6507
internal_count=45173 38264 1824 1770 1709 816 693 6909 6670 239 189 6618 6561 6507
is_linear=0
shrinkage=0.05


Tree=70
num_leaves=15
num_cat=0
split_feature=27 59 48 37 57 43 14 26 21 47 1 62 40 43
split_gain=134.594 127.566 95.645 151.962 93.2478 113.19 108.248 134.6 132.167 131.011 128.363 150.141 117.996 112.329
threshold=0.083333333333333301 1025.0000000000002 1.1666666666666667 15.920000000000002 4.2500000000000009 52.900000000000006 24.050000000000004 0.26599050000000007 0.52166666666666683 7.3707142857142864 7.2250000000000005 2330478.0000000005 44.770000000000003 43.63333333333334
decision_type=10 2 10 10 2 10 10 10 10 10 10 2 10 10
left_child=-1 2 3 -2 5 6 7 13 10 -9 11 -8 -11 -3
right_child=1 4 -4 -5 -6 -7 8 9 -10 12 -12 -13 -14 -15
leaf_value=-0.0013370745206313286 0.026920725823609378 0.0059309207263830988 0.014312347647749538 0.13213329411277147 -0.011818281394649551 0.067284712955455656 -0.049926439023201 -0.010276421208451264 0.041453084211088412 0.11172260349382185 -0.093061893250582353 0.053149836266709265 0.017149274433608606 -0.064210244145082404
leaf_weight=36341 99 6959 269 53 819 74 103 68 60 83 79 53 56 57
leaf_count=36341 99 6959 269 53 819 74 103 68 60 83 79 53 56 57
internal_value=7.85567e-06 0.00554443 0.032396 0.0640836 0.00419559 0.00592708 0.00531537 0.00653118 -0.0243295 0.0462354 -0.0412836 -0.0146893 0.0739984 0.00535298
internal_weight=45173 8832 421 152 8411 7592 7518 7223 295 207 235 156 139 7016
internal_count=45173 8832 421 152 8411 7592 7518 7223 295 207 235 156 139 7016
is_linear=0
shrinkage=0.05


Tree=71
num_leaves=15
num_cat=0
split_feature=61 24 30 21 58 31 48 55 42 52 22 17 40 24
split_gain=134.927 108.819 93.6683 156.633 102.06 96.7512 84.2343 105.866 98.9969 102.506 116.706 109.459 109.464 146.01
threshold=50.500000000000007 0.060000000000000019 0.3168166666666668 0.16416666666666674 1072.5000000000002 2.2720000000000007 2.8333333333333335 0.77500000000000013 47.833333333333336 1.1000000000000003 0.26401000000000008 0.31666666666666671 34.110000000000007 0.12349166666666669
decision_type=2 8 8 10 2 10 10 10 10 8 10 8 10 10
left_child=-1 -2 3 4 -3 6 8 -8 9 11 -11 -4 13 -13
right_child=1 2 5 -5 -6 -7 7 -9 -10 10 -12 12 -14 -15
leaf_value=-0.0020574970076488656 0.0010913151328253475 0.070455557960391477 -0.0224438749520126 0.10465454098145317 -0.00075343705266714108 0.070505677254083077 -0.0176554145005547 0.054958170684272646 0.062988600324344085 0.019013582539680305 -0.0086447940798490379 0.030727194196830582 0.056691836379914054 -0.029963973886164282
leaf_weight=28746 11850 68 468 66 187 61 515 55 86 2107 464 190 104 206
leaf_count=28746 11850 68 468 66 187 61 515 55 86 2107 464 190 104 206
internal_value=7.65074e-06 0.00362298 0.0101712 0.0362192 0.0182385 0.00819672 0.00727643 -0.010563 0.0100895 0.00878823 0.0140115 -0.00505905 0.0111694 -0.000779395
internal_weight=45173 16427 4577 321 255 4256 4195 570 3625 3539 2571 968 500 396
internal_count=45173 16427 4577 321 255 4256 4195 570 3625 3539 2571 968 500 396
is_linear=0
shrinkage=0.05


Tree=72
num_leaves=15
num_cat=0
split_feature=61 29 62 43 47 48 21 27 43 58 43 49 41 41
split_gain=123.534 114.938 111.103 100.705 136.633 131.863 152.629 105.429 109.341 86.6161 83.3905 116.36 129.173 172.872
threshold=46.500000000000007 0.16001800000000005 21153.500000000004 56.675000000000004 12.160000000000002 3.8333333333333335 0.72500000000000009 1.0183333333333338 43.63333333333334 1252.5000000000002 36.63333333333334 2.4500000000000006 20.85777777777778 15.205000000000002
decision_type=2 8 2 8 10 10 8 10 10 2 10 10 10 10
left_child=1 -1 -2 4 7 6 -5 8 9 10 -4 12 13 -12
right_child=2 -3 3 5 -6 -7 -8 -9 -10 -11 11 -13 -14 -15
leaf_value=-0.0026799143799413746 -0.00089215366592024356 -0.023402439689062735 0.0059108938937364117 0.098038175931343674 -0.060494771937590952 -0.042069483204529835 0.022385085022695945 0.075570391554917613 -0.028497106387695328 -0.0066615448998550396 0.064739777952249805 -0.023446003352919371 0.094798820643197931 -0.049571842572710537
leaf_weight=14715 16260 701 10978 84 80 58 326 52 245 1374 81 70 94 55
leaf_count=14715 16260 701 10978 84 80 58 326 52 245 1374 81 70 94 55
internal_value=7.53909e-06 -0.00362456 0.00189007 0.0052436 0.00442217 0.0280297 0.0380462 0.00482748 0.00453739 0.00518017 0.00662529 0.0326309 0.0498201 0.0183154
internal_weight=45173 15416 29757 13497 13029 468 410 12949 12897 12652 11278 300 230 136
internal_count=45173 15416 29757 13497 13029 468 410 12949 12897 12652 11278 300 230 136
is_linear=0
shrinkage=0.05


Tree=73
num_leaves=15
num_cat=0
split_feature=60 28 22 14 27 50 2 23 12 37 27 22 59 12
split_gain=120.731 133.59 120.817 115.885 116.531 133.727 114.349 106.643 158.484 94.6448 91.2094 90.0712 81.3881 85.4164
threshold=1.5000000000000002 0.49775000000000003 0.26401000000000008 33.050000000000004 0.083333333333333301 1.3666666666666669 1.0000000180025095e-35 0.46050000000000008 27.166666666666668 41.620000000000012 0.80493333333333339 0.49500000000000005 1025.0000000000002 10.583333333333334
decision_type=2 10 8 10 10 10 10 10 10 10 10 10 2 10
left_child=3 2 6 4 9 12 -2 10 -9 -1 11 -7 13 -6
right_child=1 -3 -4 -5 5 7 -8 8 -10 -11 -12 -13 -14 -15
leaf_value=-0.001858078199626273 -0.004307922899260846 0.090332515750612533 -0.065326488770189747 -0.062883275298514216 0.089821905249082457 -0.00060455697273261062 0.020147148723422516 0.0091951353824267865 0.11331087688703348 0.062896555556660211 -0.046234760478070257 0.062312594380067747 0.01173734295142121 0.01504850644898208
leaf_weight=34466 741 52 52 74 70 5299 1338 135 50 56 108 57 2589 86
leaf_count=34466 741 52 52 74 70 5299 1338 135 50 56 108 57 2589 86
internal_value=7.11993e-06 0.0114772 0.00952052 -0.000574867 -0.000466115 0.0048167 0.0114199 0.000412566 0.0376989 -0.0017514 -0.000848632 6.61112e-05 0.0138692 0.0489402
internal_weight=45173 2183 2131 42990 42916 8394 2079 5649 185 34522 5464 5356 2745 156
internal_count=45173 2183 2131 42990 42916 8394 2079 5649 185 34522 5464 5356 2745 156
is_linear=0
shrinkage=0.05


Tree=74
num_leaves=15
num_cat=0
split_feature=60 2 14 61 2 15 59 58 62 45 43 13 27 26
split_gain=108.953 128.794 104.661 109.818 159.142 100.589 146.461 97.863 100.7 250.639 200.973 137.263 108.399 101.962
threshold=1.5000000000000002 5.8660714285714297 33.050000000000004 50.500000000000007 8.8166666666666682 0.41666666666666669 1152.5000000000002 1047.5000000000002 446295.00000000006 4.8416666666666677 12.225000000000001 14.225000000000001 0.019999999999999976 0.047004000000000011
decision_type=2 10 10 2 10 10 2 2 2 10 8 8 10 10
left_child=2 5 3 -1 7 -2 -7 8 11 10 -10 12 -5 -14
right_child=1 -3 -4 4 -6 6 -8 -9 9 -11 -12 -13 13 -15
leaf_value=-0.0023475390297733397 0.0059193887525627502 0.084146607074982088 -0.059760215969743749 0.0025202443290871478 0.085957314631213311 0 0.10074448175860425 0.0013166079969082049 0.034766962574185614 0.0091442436230175853 0.1752839112930959 -0.033726772288612206 0.066387208410753656 0.01226930904078149
leaf_weight=27387 1981 58 74 623 57 74 70 14006 53 219 50 168 162 191
leaf_count=27387 1981 58 74 623 57 74 70 14006 53 219 50 168 162 191
internal_value=6.98175e-06 0.0109032 -0.00054586 -0.00044248 0.00291565 0.00887303 0.049172 0.00260533 0.014896 0.0395939 0.103738 0.00790817 0.015114 0.0372348
internal_weight=45173 2183 42990 42916 15529 2125 144 15472 1466 322 103 1144 976 353
internal_count=45173 2183 42990 42916 15529 2125 144 15472 1466 322 103 1144 976 353
is_linear=0
shrinkage=0.05


Tree=75
num_leaves=15
num_cat=0
split_feature=17 27 42 56 44 26 47 60 52 0 24 2 44 44
split_gain=102.718 79.4847 77.8126 131.602 94.7139 85.2542 90.1709 84.8053 151.41 145.588 75.4991 104.316 109.111 202.843
threshold=0.18333333333333338 0.73416666666666675 13.833333333333334 0.64583333333333337 18.422222222222224 0.065004500000000034 6.8450000000000015 1.5000000000000002 1.3666666666666669 5.166666666666667 0.14339500000000002 5.0500000000000007 18.050000000000004 23.585714285714293
decision_type=10 10 10 10 10 10 10 2 10 10 10 10 10 10
left_child=1 10 4 7 -2 6 -6 -4 9 -9 -1 12 -12 -14
right_child=2 -3 3 -5 5 -7 -8 8 -10 -11 11 -13 13 -15
leaf_value=-0.0015175909555757386 0.0025596216267724211 -0.045661490503235244 0.010015046403219961 -0.027255572748697356 -0.018834889001990322 -0.048832614399642177 0.055025099161125371 0.11497206029139068 -0.0065784333975770371 0.011183025940604833 0.0094178751239427649 -0.049876440753042706 0.10863374488119699 -0.012067853567028835
leaf_weight=34230 5325 100 3651 226 193 174 52 85 99 57 778 62 81 60
leaf_count=34230 5325 100 3651 226 193 174 52 85 99 57 778 62 81 60
internal_value=7.09669e-06 -0.00125239 0.00451907 0.00976451 0.000753632 -0.0221145 -0.00297651 0.0119238 0.0406567 0.0736711 -0.00112491 0.0125452 0.0168084 0.0572335
internal_weight=45173 35311 9862 4118 5744 419 245 3892 241 142 35211 981 919 141
internal_count=45173 35311 9862 4118 5744 419 245 3892 241 142 35211 981 919 141
is_linear=0
shrinkage=0.05


Tree=76
num_leaves=15
num_cat=0
split_feature=61 23 22 32 32 55 40 46 21 58 49 61 31 13
split_gain=98.9961 162.237 181.658 164.429 139.995 131.036 112.383 177.132 87.8719 141.843 111.36 96.0409 100.77 81.7098
threshold=97.500000000000014 0.67803000000000013 0.26819000000000009 0.50968500000000005 1.0611600000000003 0.29166666666666669 30.91 7.2266666666666675 0.019999999999999993 1047.5000000000002 2.3666666666666671 73.500000000000014 0.43600000000000022 30.633333333333336
decision_type=2 8 10 10 10 10 10 10 10 2 10 2 10 10
left_child=8 2 3 5 -4 -2 7 -7 -1 10 11 12 -10 -11
right_child=1 -3 4 -5 -6 6 -8 -9 9 13 -12 -13 -14 -15
leaf_value=-0.001455109701096514 -0.035898905707573571 0.10533196170479782 -0.088287887662431619 0.10145116246781732 0.015458788226048152 0.059810768644933759 0.083688227394896175 -0.043867719963572589 0.063339896984059715 0.0024195274159840327 -0.02017513568021076 0.093490101349189739 0.015921981019719089 -0.044804054265086719
leaf_weight=34569 92 51 68 65 61 86 77 78 137 8986 132 54 625 92
leaf_count=34569 92 51 68 65 61 86 77 78 137 8986 132 54 625 92
internal_value=6.74245e-06 0.0205581 0.0122147 0.0289592 -0.0391661 0.0146033 0.0340201 0.0103648 -0.000259292 0.00386118 0.0222619 0.0291655 0.024516 0.00193575
internal_weight=45173 578 527 398 129 333 241 164 44595 10026 948 816 762 9078
internal_count=45173 578 527 398 129 333 241 164 44595 10026 948 816 762 9078
is_linear=0
shrinkage=0.05


Tree=77
num_leaves=15
num_cat=0
split_feature=3 5 12 37 44 13 4 61 43 61 1 13 46 8
split_gain=95.5836 85.6436 77.2745 119.924 125.015 144.15 85.1602 151.719 110.357 77.9732 118.302 146.997 92.5106 84.024
threshold=79.833333333333357 83.118055555555571 9.8333333333333339 19.335000000000004 18.211111111111112 10.100000000000001 85.100000000000009 89.500000000000014 56.675000000000004 75.500000000000014 5.366666666666668 19.225000000000005 7.7225000000000019 0.31666666666666671
decision_type=10 10 10 10 10 10 10 2 10 2 10 10 10 10
left_child=1 -1 3 4 -2 -6 7 9 -8 10 13 -12 -11 -4
right_child=2 -3 6 -5 5 -7 8 -9 -10 12 11 -13 -14 -15
leaf_value=-0.0007469862066703405 0.011752552744220589 -0.026123563671587299 0.0086221631650787341 -0.0270818839188956 0.030611739096515031 0.11238293249707121 -0.0030865427448771589 0.076301739323470341 0.049286321924036543 0.0081810504198074341 0.11247877715695494 0.020439842097978941 -0.074377903397664549 -0.047883683758495499
leaf_weight=37929 721 335 1605 134 228 71 3534 85 103 76 59 165 60 68
leaf_count=37929 721 335 1605 134 228 71 3534 85 103 76 59 165 60 68
internal_value=6.63028e-06 -0.000970149 0.00541961 0.0172301 0.0230864 0.0502677 0.00304572 0.0110162 -0.0015899 0.00825627 0.0108897 0.0449901 -0.0281979 0.00629689
internal_weight=45173 38264 6909 1154 1020 299 5755 2118 3637 2033 1897 224 136 1673
internal_count=45173 38264 6909 1154 1020 299 5755 2118 3637 2033 1897 224 136 1673
is_linear=0
shrinkage=0.05


Tree=78
num_leaves=15
num_cat=0
split_feature=60 1 14 14 14 52 58 24 45 5 15 3 46 55
split_gain=95.0983 109.105 99.2583 96.796 101.317 77.0845 114.89 88.3481 108.881 79.9766 134.195 76.9975 79.9999 73.5681
threshold=1.5000000000000002 1.0000000180025095e-35 0.68333333333333346 33.050000000000004 28.950000000000003 0.77500000000000013 1152.5000000000002 0.24333333333333337 8.1833333333333353 88.527777777777786 0.41666666666666669 30.166666666666668 2.6900000000000008 0.55000000000000016
decision_type=2 10 10 10 10 10 2 10 10 10 10 10 10 10
left_child=3 -2 -3 4 11 6 -4 8 9 10 13 12 -1 -7
right_child=1 2 5 -5 -6 7 -8 -9 -10 -11 -12 -13 -14 -15
leaf_value=-0.0016496990034402437 -0.0029481396473769218 0.072810695896094499 0.1065686921547125 -0.057455876818076783 0.051859201068008266 0.016122371518613687 0.0040689514161230209 0.075808606738025711 -0.062186245822790753 -0.032061108071458795 0.08270858337881265 0.0023358048295579002 -0.01835708799776509 -0.034447297706918893
leaf_weight=26905 915 82 55 74 92 733 55 51 51 91 71 15183 736 79
leaf_count=26905 915 82 55 74 92 733 55 51 51 91 71 15183 736 79
internal_value=6.4929e-06 0.0101864 0.0196816 -0.000509968 -0.000410525 0.015958 0.0557954 0.0118382 0.00859549 0.0123574 0.0169789 -0.000524006 -0.0020958 0.0111535
internal_weight=45173 2183 1268 42990 42916 1186 110 1076 1025 974 883 42824 27641 812
internal_count=45173 2183 1268 42990 42916 1186 110 1076 1025 974 883 42824 27641 812
is_linear=0
shrinkage=0.05


Tree=79
num_leaves=15
num_cat=0
split_feature=57 62 60 31 61 58 30 61 61 39 28 42 16 8
split_gain=92.8784 132.199 186.68 125.151 101.653 144.67 110.552 107.038 99.6653 91.546 78.6565 81.371 70.8336 94.2695
threshold=3.2500000000000004 21153.500000000004 1.5000000000000002 2.2720000000000007 76.500000000000014 1167.5000000000002 0.6040000000000002 54.500000000000007 46.500000000000007 32.116666666666674 0.81200000000000017 51.500000000000007 0.29166666666666669 0.21111111111111114
decision_type=2 2 2 8 2 2 10 2 2 8 10 10 10 10
left_child=1 -1 3 12 5 6 -4 -8 -5 -10 11 -2 13 -3
right_child=10 2 4 8 -6 -7 7 -9 9 -11 -12 -13 -14 -15
leaf_value=-0.0010814902990679417 -0.0038045653932261858 0.0030546299318124255 -0.0012689964495230901 -0.026297124190543725 0.093772812426090243 0.084837113456488353 0.0098905852380330155 0.1104881726205349 0.10301402872689416 0.031063618692070818 -0.063753288991134111 0.056855338858545407 0.0099359189570276899 -0.011643394169893703
leaf_weight=20821 11734 7392 313 61 62 86 57 50 53 275 54 55 2881 1279
leaf_count=20821 11734 7392 313 61 62 86 57 50 53 275 54 55 2881 1279
internal_value=6.28067e-06 0.00135829 0.00542114 0.00408583 0.0334208 0.0258913 0.0136755 0.0574266 0.0319692 0.042905 -0.00379649 -0.00351704 0.00314339 0.000883195
internal_weight=45173 33330 12509 11941 568 506 420 107 389 328 11843 11789 11552 8671
internal_count=45173 33330 12509 11941 568 506 420 107 389 328 11843 11789 11552 8671
is_linear=0
shrinkage=0.05


Tree=80
num_leaves=15
num_cat=0
split_feature=61 57 60 44 11 39 37 5 5 2 28 42 59 31
split_gain=86.3902 108.878 127.357 131.541 101.928 80.6893 83.7817 79.0451 92.9089 88.3543 71.4836 76.8157 71.4529 90.0573
threshold=46.500000000000007 3.2500000000000004 1.5000000000000002 30.81666666666667 0.15476190476190479 2.6333333333333342 0.37999999999999934 89.414285714285725 24.81666666666667 1.3541666666666667 0.81200000000000017 51.500000000000007 1025.0000000000002 0.39620000000000005
decision_type=2 2 2 8 8 8 8 10 10 10 10 10 2 8
left_child=4 2 5 7 -1 -2 -7 8 -4 -10 11 -3 13 -8
right_child=1 10 3 -5 -6 6 12 -9 9 -11 -12 -13 -14 -15
leaf_value=-0.0020700948833426557 -0.00094553376968409611 -0.003524462743374015 0.0020621498464770899 0.098862545007751101 -0.020271040214139682 0.068357927547324268 0.071200873529226147 -0.042778254824789981 0.08605281126019329 0.026083557218706473 -0.060594869080777151 0.056023484676939628 0.0041275512726101516 0.014145450390369928
leaf_weight=14604 9113 7657 354 52 812 52 80 51 75 350 54 54 11353 512
leaf_count=14604 9113 7657 354 52 812 52 80 51 75 350 54 54 11353 512
internal_value=6.24063e-06 0.0015806 0.00337831 0.0219915 -0.00303103 0.00259895 0.00529337 0.0170888 0.0210652 0.0368138 -0.00350753 -0.0031006 0.00501389 0.0219514
internal_weight=45173 29757 21992 882 15416 21110 11997 830 779 425 7765 7711 11945 592
internal_count=45173 29757 21992 882 15416 21110 11997 830 779 425 7765 7711 11945 592
is_linear=0
shrinkage=0.05


Tree=81
num_leaves=15
num_cat=0
split_feature=61 23 22 32 32 55 58 41 57 0 60 14 30 58
split_gain=78.8202 148.995 156.404 149.077 129.017 112.047 86.1354 109.683 76.0244 105.019 108.903 134.589 107.945 134.278
threshold=97.500000000000014 0.67803000000000013 0.26819000000000009 0.50968500000000005 1.0611600000000003 0.29166666666666669 1097.5000000000002 19.884444444444451 3.2500000000000004 1.0000000180025095e-35 1.5000000000000002 0.76388888888888895 0.17666666666666672 1116.2500000000002
decision_type=2 8 10 10 10 10 2 10 2 10 2 10 10 2
left_child=8 2 3 5 -4 -2 -7 -8 9 -1 -11 -12 -13 -14
right_child=1 -3 4 -5 -6 6 7 -9 -10 10 11 12 13 -15
leaf_value=-0.0020458465976528374 -0.034471134386352596 0.099578425707747636 -0.084482915721235494 0.094907910484849048 0.015101900418114857 0.075388028305404045 -0.04286620738060494 0.040785625566576805 -0.0036915245078872486 0.0027926962481259372 0.098797158506986144 -0.0003623798279835968 0.0095772351890623386 0.078039194568991666
leaf_weight=15205 92 51 68 65 61 73 61 107 11708 16932 53 404 166 127
leaf_count=15205 92 51 68 65 61 73 61 107 11708 16932 53 404 166 127
internal_value=6.14816e-06 0.0183441 0.0103484 0.0258898 -0.0373229 0.0122208 0.030183 0.0102266 -0.000231174 0.00100001 0.00362059 0.0222634 0.0163413 0.0394194
internal_weight=45173 578 527 398 129 333 241 168 44595 32887 17682 750 697 293
internal_count=45173 578 527 398 129 333 241 168 44595 32887 17682 750 697 293
is_linear=0
shrinkage=0.05


Tree=82
num_leaves=15
num_cat=0
split_feature=61 57 29 0 60 61 5 12 48 61 43 31 43 14
split_gain=74.3862 97.5425 95.1462 88.4663 91.122 137.083 96.6271 180.241 78.1507 179.357 103.824 130.79 72.7647 71.7811
threshold=46.500000000000007 2.7500000000000004 0.16001800000000005 1.0000000180025095e-35 1.5000000000000002 73.500000000000014 84.612500000000011 14.16666666666667 0.83333333333333337 73.500000000000014 22.100000000000005 0.63035000000000008 16.100000000000005 11.816666666666668
decision_type=2 2 8 8 2 2 10 10 10 2 10 10 10 10
left_child=2 3 12 -2 8 6 7 -6 9 10 13 -12 -1 -5
right_child=1 -3 -4 4 5 -7 -8 -9 -10 -11 11 -13 -14 -15
leaf_value=-0.0022442944637660225 -0.0017821921327770701 -0.001053352119220167 -0.020806341169034254 0.013955688690937541 0.011477379016265804 0.10528490095677848 -0.041285362504087056 0.11173934739183736 0.0039148588911047276 0.095641440732611549 0.01176766662878527 0.11762175276441483 0.040647854935845842 -0.013907614397468154
leaf_weight=14616 3728 16756 701 1318 238 53 55 55 7088 67 69 51 99 279
leaf_count=14616 3728 16756 701 1318 238 53 55 55 7088 67 69 51 99 279
internal_value=6.08815e-06 0.00146702 -0.00281224 0.00471718 0.00733276 0.0306483 0.0190748 0.0305414 0.00627445 0.0156316 0.012468 0.0572645 -0.00195265 0.00906942
internal_weight=45173 29757 15416 13001 9273 401 348 293 8872 1784 1717 120 14715 1597
internal_count=45173 29757 15416 13001 9273 401 348 293 8872 1784 1717 120 14715 1597
is_linear=0
shrinkage=0.05


Tree=83
num_leaves=15
num_cat=0
split_feature=61 0 57 58 0 61 29 57 62 32 46 41 61 51
split_gain=69.6175 105.63 150.92 144.872 89.6303 85.1467 99.7318 88.0715 87.2332 85.699 80.113 191.186 163.621 237.78
threshold=28.000000000000004 1.8333333333333337 2.7500000000000004 1163.7500000000002 5.8333333333333348 46.500000000000007 0.16001800000000005 2.7500000000000004 12922.000000000002 2.1947321428571436 6.9600000000000009 20.85777777777778 79.500000000000014 0.83333333333333337
decision_type=2 10 2 2 10 2 8 2 2 8 10 10 2 10
left_child=1 -1 -3 4 -4 6 -2 8 -7 10 12 -12 -10 -14
right_child=5 2 3 -5 -6 7 -8 -9 9 -11 11 -13 13 -15
leaf_value=0.085465083818520068 -0.0023299579243502336 0.075969910644745647 -0.093515971877159335 0.043358196554512812 -0.0063804974625433306 2.3938635478252232e-06 -0.021910440911124145 -0.0010006861167570586 0.0076899491505914297 0.037591869789495164 -0.037653937632459195 0.0079213701487285022 0.10951371292777473 0.012458070195527847
leaf_weight=56 14423 64 54 72 66 5925 681 16756 5426 240 320 814 98 178
leaf_count=56 14423 64 54 72 66 5925 681 16756 5426 240 320 814 98 178
internal_value=6.07758e-06 0.0235244 0.00973725 -0.0123504 -0.0460243 -0.000157191 -0.00321514 0.00139415 0.0044825 0.00823007 0.0071929 -0.00492828 0.00960813 0.047146
internal_weight=45173 312 256 192 120 44861 15104 29757 13001 7076 6836 1134 5702 276
internal_count=45173 312 256 192 120 44861 15104 29757 13001 7076 6836 1134 5702 276
is_linear=0
shrinkage=0.05


Tree=84
num_leaves=15
num_cat=0
split_feature=61 12 59 17 12 36 10 14 24 56 59 37 38 44
split_gain=65.418 132.442 104.55 138.739 97.8859 149.006 112.743 70.3509 72.2433 122.11 129.934 128.12 159.823 78.9881
threshold=97.500000000000014 3.5833333333333335 1162.5000000000002 0.35416666666666669 12.16666666666667 25.700000000000006 0.55000000000000016 27.050000000000004 0.21361500000000005 0.38750000000000007 1058.7500000000002 15.280000000000001 14.263333333333337 12.950000000000001
decision_type=2 10 2 8 10 10 10 10 10 10 2 10 10 10
left_child=7 -2 4 -4 -3 -6 -7 8 -1 10 -10 -12 -13 -11
right_child=1 2 3 -5 5 6 -8 -9 9 13 11 12 -14 -15
leaf_value=-0.00043549042479317863 0.077575521762332622 -0.061114061405869571 0 0.086266206794921654 0.064678508449217367 0.010805726567419564 -0.074270212703943253 -0.035535650491803343 0.088130846987444944 0.021806514349064637 -0.01360527380851723 0.096793021091049716 0.018867307560173144 -0.027548043927532753
leaf_weight=43247 77 73 112 80 72 102 62 140 69 118 240 77 450 254
leaf_count=43247 77 73 112 80 72 102 62 140 69 118 240 77 450 254
internal_value=5.94923e-06 0.0167123 0.00724023 0.0361972 -0.0107011 0.00488326 -0.0213331 -0.000210208 -9.79985e-05 0.0119589 0.0225693 0.0165852 0.0303814 -0.0118172
internal_weight=45173 578 501 192 309 236 164 44595 44455 1208 836 767 527 372
internal_count=45173 578 501 192 309 236 164 44595 44455 1208 836 767 527 372
is_linear=0
shrinkage=0.05


Tree=85
num_leaves=15
num_cat=0
split_feature=60 28 22 1 4 43 49 4 38 38 56 22 2 42
split_gain=66.2121 98.9292 113.264 72.2769 95.0424 202.279 118.195 162.714 226.828 101.244 96.0122 94.9405 127.318 84.5067
threshold=1.5000000000000002 0.49775000000000003 0.26401000000000008 1.0000000180025095e-35 58.45000000000001 14.450000000000001 1.1000000000000003 73.100000000000009 15.541428571428574 20.107142857142865 0.47222222222222227 0.063080000000000011 2.183333333333334 4.166666666666667
decision_type=2 10 8 10 10 10 10 8 10 10 10 10 10 10
left_child=-1 2 3 -2 5 10 -6 -8 -9 -10 11 12 13 -5
right_child=1 -3 -4 4 6 -7 7 8 9 -11 -12 -13 -14 -15
leaf_value=-0.00042500557411325851 -0.0020633878108170293 0.076356093500341699 -0.06566459414504823 0.017175748044619455 -0.038577239915163937 0.11910215564797411 -0.031773044705971497 0.11292274413617696 -0.052336342854074916 0.036354499861682203 -0.018162536002474416 -0.027475642332235192 0.10883418448806347 0.076212547149434193
leaf_weight=42990 893 52 52 340 143 56 115 73 50 88 129 63 55 74
leaf_count=42990 893 52 52 340 143 56 115 73 50 88 129 63 55 74
internal_value=5.84519e-06 0.00850023 0.00681518 0.00865542 0.0167447 0.0281868 -0.000705881 0.0158635 0.0419584 0.0039667 0.0203624 0.0297592 0.0375218 0.0278677
internal_weight=45173 2183 2131 2079 1186 717 469 326 211 138 661 532 469 414
internal_count=45173 2183 2131 2079 1186 717 469 326 211 138 661 532 469 414
is_linear=0
shrinkage=0.05


Tree=86
num_leaves=15
num_cat=0
split_feature=61 2 54 2 62 61 29 58 23 62 14 3 29 44
split_gain=62.3336 100.241 110.291 109.498 76.0881 74.6926 89.0673 67.7405 96.2027 151.752 150.617 143.386 94.9734 138.916
threshold=28.000000000000004 2.4365079365079372 1.0000000180025095e-35 7.1125000000000007 7846.5000000000009 46.500000000000007 0.16001800000000005 1047.5000000000002 0.03305000000000001 726976.50000000012 10.316666666666668 54.833333333333336 0.23921500000000004 10.35416666666667
decision_type=2 10 10 10 2 2 8 2 10 2 10 10 10 10
left_child=1 -1 4 -4 -3 6 -2 8 9 -7 12 -12 13 -10
right_child=5 2 3 -5 -6 7 -8 -9 10 -11 11 -13 -14 -15
leaf_value=0.086830620246358445 -0.0021762823631235628 -0.074377478585384862 0.075888389294797728 -0.0067040985486199779 0.010954287864058932 -0.0012321515784726453 -0.020680574937542509 0.00055781183624479971 0.032602368915410393 0.071717939187066274 -0.063858921118348622 0.013719458152426837 -0.018735342771840205 0.099162075670259031
leaf_weight=50 14423 50 82 77 53 1644 681 27111 280 74 69 415 54 110
leaf_count=50 14423 50 82 77 53 1644 681 27111 280 74 69 415 54 110
internal_value=5.66944e-06 0.0222597 0.00969987 0.0358384 -0.0303866 -0.000148792 -0.0030129 0.00130415 0.0089402 0.00191546 0.0219101 0.00255364 0.0429276 0.0515426
internal_weight=45173 312 262 159 103 44861 15104 29757 2646 1718 928 484 444 390
internal_count=45173 312 262 159 103 44861 15104 29757 2646 1718 928 484 444 390
is_linear=0
shrinkage=0.05


Tree=87
num_leaves=15
num_cat=0
split_feature=60 2 2 61 30 14 14 2 45 45 45 39 36 42
split_gain=60.171 93.5005 89.264 154.745 85.0198 83.5824 88.4486 80.988 106.572 81.6752 73.0298 66.2405 95.5526 62.1612
threshold=1.5000000000000002 5.8660714285714297 4.8166666666666673 74.500000000000014 1.4450000000000001 33.050000000000004 28.950000000000003 3.7638888888888893 4.5416666666666687 5.7666666666666684 3.6333333333333342 9.7500000000000036 7.0666666666666691 55.166666666666679
decision_type=2 10 8 2 10 10 10 10 10 10 10 10 10 10
left_child=5 2 3 4 7 6 13 8 10 -10 11 -2 -13 -1
right_child=1 -3 -4 -5 -6 -7 -8 -9 9 -11 -12 12 -14 -15
leaf_value=-0.00029921624254438994 0.001852780977209263 0.070507782939662283 -0.049311774465248738 0.082181713256957764 0.06005467046454227 -0.053321442035520639 0.048524987959378478 -0.044106402684598284 0.09415181818215744 0.013881925452931399 -0.043275494426488877 0.091220119574240283 0.0048580357975039918 -0.03091166012056239
leaf_weight=42658 1487 58 69 68 69 74 92 84 57 73 82 52 84 166
leaf_count=42658 1487 58 69 68 69 74 92 84 57 73 82 52 84 166
internal_value=5.49867e-06 0.00810313 0.0063719 0.00826436 0.0057034 -0.000405201 -0.000312755 0.00372097 0.00593538 0.0494946 0.00258595 0.00493106 0.0382752 -0.000418824
internal_weight=45173 2183 2125 2056 1988 42990 42916 1919 1835 130 1705 1623 136 42824
internal_count=45173 2183 2125 2056 1988 42990 42916 1919 1835 130 1705 1623 136 42824
is_linear=0
shrinkage=0.05


Tree=88
num_leaves=15
num_cat=0
split_feature=57 26 1 43 43 13 42 14 48 50 54 59 5 59
split_gain=63.2846 90.6807 89.4437 131.785 128.019 149.749 105.1 123.322 133.214 113.14 139.664 154.122 162.266 109.224
threshold=4.7500000000000009 0.21901850000000003 8.7083333333333339 44.100000000000009 51.100000000000009 28.900000000000002 27.833333333333339 12.707142857142857 1.5833333333333337 2.3666666666666671 1.0000000180025095e-35 1082.5000000000002 82.225000000000009 1272.5000000000002
decision_type=2 10 10 10 10 10 10 10 10 10 10 2 10 2
left_child=2 -2 3 6 5 -4 -1 13 -9 10 -10 -12 -13 -8
right_child=1 -3 4 -5 -6 -7 7 8 9 -11 11 12 -14 -15
leaf_value=0.00011712945087596961 -0.0050730113218938255 -0.060465151013880475 0.059953645167883887 -0.033344472966764287 0.087989878354312712 -0.03018398597489956 0.022764628777150367 -0.030567535165812555 -0.015560162027139921 -0.016218656432432654 -0.013733534457956909 0.029003527963975345 0.11524445847350749 0.091380275722390936
leaf_weight=39277 3705 75 80 287 69 107 617 242 129 220 78 124 99 64
leaf_count=39277 3705 75 80 287 69 107 617 242 129 220 78 124 99 64
internal_value=5.41522e-06 -0.00618653 0.000571534 0.000387384 0.030007 0.00830128 0.000625391 0.0132965 0.00103171 0.0128492 0.0277808 0.0464334 0.0675739 0.0293121
internal_weight=45173 3780 41393 41137 256 187 40850 1573 892 650 430 301 223 681
internal_count=45173 3780 41393 41137 256 187 40850 1573 892 650 430 301 223 681
is_linear=0
shrinkage=0.05


Tree=89
num_leaves=15
num_cat=0
split_feature=3 10 40 14 2 5 43 12 37 44 47 10 37 26
split_gain=59.2092 85.8999 84.8454 114.767 152.203 77.2001 80.3879 71.7663 123.67 121.539 117.63 162.555 158.407 202.554
threshold=79.833333333333357 0.63333333333333341 34.110000000000007 18.43650793650794 3.0500000000000003 83.118055555555571 7.5500000000000007 11.583333333333334 20.220000000000006 16.050000000000004 7.0828571428571445 1.0000000180025095e-35 12.820000000000002 0.08210000000000002
decision_type=10 10 10 10 10 10 10 10 10 10 10 10 10 10
left_child=1 2 5 4 -4 -1 -7 8 9 -2 12 -12 -11 -14
right_child=7 -3 3 -5 -6 6 -8 -9 -10 10 11 -13 13 -15
leaf_value=-0.00059613591300498045 0.0081509980873181159 -0.046256028472081476 0.0061227648618441188 -0.016249559055033485 0.12858551130132767 0.0098366483385339751 -0.044828723551605949 0.0012145291525094718 -0.022727264387407742 0.024173230206997125 0.053130958009333845 -0.070646688035715416 0.048570231930033805 0.16823671705254883
leaf_weight=37696 1094 103 51 66 51 101 196 5091 215 242 52 53 109 53
leaf_count=37696 1094 103 51 66 51 101 196 5091 215 242 52 53 109 53
internal_value=5.20056e-06 -0.000763456 -0.000639408 0.0347589 0.0679266 -0.000797048 -0.0261695 0.00426561 0.0127932 0.0175785 0.0377643 -0.00914903 0.0500151 0.0882714
internal_weight=45173 38264 38161 168 102 37993 297 6909 1818 1603 509 105 404 162
internal_count=45173 38264 38161 168 102 37993 297 6909 1818 1603 509 105 404 162
is_linear=0
shrinkage=0.05


Tree=90
num_leaves=15
num_cat=0
split_feature=61 55 40 40 50 48 32 58 58 29 31 32 62 5
split_gain=58.0194 125.337 192.5 155.479 192.419 164.346 135.458 102.305 60.0076 133.094 141.662 114.613 111.361 110.97
threshold=97.500000000000014 0.29166666666666669 32.730000000000004 30.91 2.6500000000000008 2.1666666666666674 0.64049500000000015 1143.7500000000002 1047.5000000000002 0.052002000000000013 0.43600000000000022 0.64608125000000005 726976.50000000012 42.527777777777786
decision_type=2 8 10 8 8 10 8 2 2 10 10 10 2 10
left_child=8 2 6 5 -5 7 -2 -3 9 12 -11 -12 -1 -13
right_child=1 3 -4 4 -6 -7 -8 -9 -10 10 11 13 -14 -15
leaf_value=-0.0015966295831677049 -0.027814370114957132 0.092477610485612857 -0.083715453377523785 0.02195982178171238 0.13718434497571858 -0.039011484454723376 0.067858880686950174 -0.0026789186185314541 -0.00076700357627018428 0.054802257791972245 -0.027983641424321821 0.090250581155702905 0.066985811970450657 0.013942124687522667
leaf_weight=2730 77 60 68 83 65 103 70 52 40692 235 154 51 60 673
leaf_count=2730 77 60 68 83 65 103 70 52 40692 235 154 51 60 673
internal_value=5.1324e-06 0.0157385 -0.0144133 0.033661 0.073025 0.00634136 0.0176504 0.04826 -0.000198403 0.00572267 0.0203371 0.011058 -0.000101041 0.0194105
internal_weight=45173 578 215 363 148 215 147 112 44595 3903 1113 878 2790 724
internal_count=45173 578 215 363 148 215 147 112 44595 3903 1113 878 2790 724
is_linear=0
shrinkage=0.05


Tree=91
num_leaves=15
num_cat=0
split_feature=57 61 56 0 17 27 4 59 8 49 3 13 22 46
split_gain=57.3953 86.0717 106.934 105.687 89.3394 147.404 144.241 92.4022 90.3077 107.002 79.1611 76.7288 73.0997 157.227
threshold=3.2500000000000004 28.000000000000004 0.29285714285714287 3.5833333333333335 0.11805555555555557 0.7183333333333336 87.100000000000009 1103.7500000000002 0.58571428571428574 2.2250000000000005 93.833333333333357 24.633333333333336 0.33654333333333342 7.9800000000000013
decision_type=2 2 10 10 10 10 10 2 10 10 10 10 10 10
left_child=1 2 3 -1 10 8 -7 -8 12 -10 -3 -11 -6 -14
right_child=-2 4 -4 -5 5 6 7 -9 9 11 -12 -13 13 -15
leaf_value=0.046936364539034735 -0.0029841863157590402 -0.00036838763401230053 0.067899735417476931 -0.050190830810935096 0.0062039712736823511 0.094490184210940631 -0.035945361562534771 0.050924717606906603 -0.06003049660010399 -0.033079795989364683 -0.037484941571938026 0.05397498032244126 -0.05284339075638389 0.034914970866614777
leaf_weight=55 11843 25157 107 56 7158 90 56 66 116 50 144 50 148 77
leaf_count=55 11843 25157 107 56 7158 90 56 66 116 50 144 50 148 77
internal_value=5.07605e-06 0.00106802 0.0323497 -0.00184586 0.000860826 0.00553522 0.0466209 0.0108619 0.00438272 -0.0274289 -0.00058136 0.0102508 0.00531859 -0.0226888
internal_weight=45173 33330 218 111 33112 7811 212 122 7599 216 25301 100 7383 225
internal_count=45173 33330 218 111 33112 7811 212 122 7599 216 25301 100 7383 225
is_linear=0
shrinkage=0.05


Tree=92
num_leaves=15
num_cat=0
split_feature=60 2 2 61 12 25 14 62 42 45 36 17 2 1
split_gain=54.4065 82.687 81.3656 139.09 80.6482 163.365 79.5627 84.553 154.89 74.1653 72.5469 175.244 101.678 95.2662
threshold=1.5000000000000002 5.8660714285714297 4.8166666666666673 74.500000000000014 14.16666666666667 0.049831000000000007 33.050000000000004 4676991.0000000009 41.166666666666679 12.516666666666667 33.083333333333343 0.58571428571428574 7.2678571428571432 6.9000000000000012
decision_type=2 10 8 2 10 10 10 2 8 10 10 8 10 10
left_child=6 2 3 4 -2 -6 7 9 -9 10 12 -12 13 -1
right_child=1 -3 -4 -5 5 -7 -8 8 -10 -11 11 -13 -14 -15
leaf_value=-0.00056100275238635776 0.0021806062485275469 0.066393231288490132 -0.04708478704845305 0.077963478551892035 -0.0093161266745697136 0.08352817834459525 -0.052013788225860558 -0.0091858822423562733 0.10210849901216219 -0.030530282759842181 0.008249910532635775 0.10114111893494196 -0.044293487032629413 0.040678738982638747
leaf_weight=41499 1800 58 69 68 95 93 74 69 56 203 763 54 132 140
leaf_count=41499 1800 58 69 68 95 93 74 69 56 203 763 54 132 140
internal_value=4.81249e-06 0.00770483 0.00607597 0.00788324 0.00545455 0.0365793 -0.000385692 -0.000295482 0.040683 -0.000416246 -0.00027176 0.0144783 -0.000561025 -0.000421258
internal_weight=45173 2183 2125 2056 1988 188 42990 42916 125 42791 42588 817 41771 41639
internal_count=45173 2183 2125 2056 1988 188 42990 42916 125 42791 42588 817 41771 41639
is_linear=0
shrinkage=0.05


Tree=93
num_leaves=15
num_cat=0
split_feature=57 62 42 26 61 2 0 62 15 43 61 37 46 36
split_gain=52.953 80.4791 115.445 80.4132 72.1126 113.83 104.354 95.2638 94.0019 129.43 223.061 185.606 160.206 129.583
threshold=4.7500000000000009 4676991.0000000009 41.166666666666679 0.21901850000000003 28.000000000000004 2.6125000000000003 11.16666666666667 7010.5000000000009 0.41666666666666669 31.450000000000003 70.500000000000014 33.380000000000003 9.4100000000000019 7.4666666666666686
decision_type=2 2 8 10 2 10 10 2 10 10 2 10 10 10
left_child=1 4 -3 -2 5 -1 8 -7 -6 13 12 -12 -11 -10
right_child=3 2 -4 -5 6 7 -8 -9 9 10 11 -13 -14 -15
leaf_value=0.093658385064342237 -0.0046102551832716242 -0.0060698108570478816 0.078180597253398321 -0.056773272129577515 -0.00026223433062950259 -0.041491095311059732 -0.064346735858917245 0.030239752571271584 0.03716540599305275 0.11975292168406247 -0.043905173077355676 0.064476745624009887 0.012481793474166766 -4.5869312384815353e-05
leaf_weight=50 3705 81 80 75 38687 63 62 169 273 101 99 65 54 1609
leaf_count=50 3705 81 80 75 38687 63 62 169 273 101 99 65 54 1609
internal_value=4.73197e-06 0.000522629 0.0357514 -0.00565922 0.000384032 0.02556 0.000209738 0.0106063 0.000309025 0.0103592 0.0397961 -0.000731537 0.0827021 0.0053471
internal_weight=45173 41393 161 3780 41232 282 40950 232 40888 2201 319 164 155 1882
internal_count=45173 41393 161 3780 41232 282 40950 232 40888 2201 319 164 155 1882
is_linear=0
shrinkage=0.05


Tree=94
num_leaves=15
num_cat=0
split_feature=62 59 46 36 2 14 39 13 61 39 24 2 45 29
split_gain=49.8489 73.3134 72.443 89.5958 68.6717 153.979 80.6759 82.5839 80.7624 78.2551 62.6523 86.1798 220.951 124.891
threshold=5373.5000000000009 1025.0000000000002 2.8100000000000009 12.883333333333336 1.3875000000000002 5.6125000000000007 16.783333333333339 12.900000000000002 63.500000000000007 13.416666666666668 0.22825500000000004 4.0500000000000007 9.2166666666666703 0.40717550000000008
decision_type=2 2 8 10 10 10 10 10 2 10 8 10 10 10
left_child=2 4 3 -1 -2 -6 9 -8 -9 -7 -3 12 -12 -13
right_child=1 10 -4 -5 5 6 7 8 -10 -11 11 13 -14 -15
leaf_value=-0.0016355604781030154 0.000500035355356652 0.00018579417021533911 -0.014036899616021253 0.030162691457491609 0.10533045780869713 0.013635537101616782 0.09627535924691899 -0.013531214815187962 0.068211598524025516 -0.0539408417897565 0.011488955555956493 -0.037844179941355152 0.094446715747000864 0.010601546572313839
leaf_weight=16383 447 24607 1178 224 56 232 53 70 52 52 1142 201 86 390
leaf_count=16383 447 24607 1178 224 56 232 53 70 52 52 1142 201 86 390
internal_value=4.56091e-06 0.00134356 -0.00205601 -0.00120426 0.0148999 0.0273374 0.0176632 0.0443185 0.0212421 0.00110147 0.000848845 0.00980218 0.0173551 -0.00585072
internal_weight=45173 27388 17785 16607 962 515 459 175 122 284 26426 1819 1228 591
internal_count=45173 27388 17785 16607 962 515 459 175 122 284 26426 1819 1228 591
is_linear=0
shrinkage=0.05


Tree=95
num_leaves=15
num_cat=0
split_feature=60 28 8 61 14 14 2 7 2 1 45 1 31 3
split_gain=48.959 75.6751 106.889 153.366 74.4121 74.1609 59.9043 113.158 82.429 88.0891 69.8074 95.4256 105.28 82.5797
threshold=1.5000000000000002 0.49775000000000003 0.38750000000000007 74.500000000000014 33.050000000000004 28.950000000000003 7.1125000000000007 0.90000000000000013 7.9500000000000011 9.2250000000000014 12.516666666666667 6.9000000000000012 0.14176999999999998 88.833333333333357
decision_type=2 10 10 2 10 10 10 10 10 10 10 10 10 10
left_child=4 2 3 -2 5 6 7 10 -8 -10 11 -1 -13 -14
right_child=1 -3 -4 -5 -6 -7 8 -9 9 -11 -12 12 13 -15
leaf_value=-0.000387707628232105 0.0052723900091653161 0.066661142252740405 -0.06077429048525982 0.083642441146942081 -0.050294850553517179 0.044440892628721293 -0.052799040908247587 0.073839817058692858 0.035280115843722315 -0.048535252583794077 -0.033868008610885895 0.07095744434075478 0.037114571419018541 -0.031658691238119922
leaf_weight=42087 2009 52 58 64 74 92 128 51 82 50 154 97 96 79
leaf_count=42087 2009 52 58 64 74 92 128 51 82 50 154 97 96 79
internal_value=4.61504e-06 0.00730901 0.00583369 0.00772356 -0.000365796 -0.000278536 -0.000375709 -0.000228817 -0.0242806 0.00327984 -0.000319127 -0.000196169 0.0292956 0.00592416
internal_weight=45173 2183 2131 2073 42990 42916 42824 42564 260 132 42513 42359 272 175
internal_count=45173 2183 2131 2073 42990 42916 42824 42564 260 132 42513 42359 272 175
is_linear=0
shrinkage=0.05


Tree=96
num_leaves=15
num_cat=0
split_feature=62 59 21 55 0 55 50 39 46 36 43 43 13 36
split_gain=44.8063 69.5643 72.8031 160.505 150.491 138.02 90.5504 77.6178 63.2234 80.9198 57.1712 135.295 117.202 86.3327
threshold=5270.5000000000009 1025.0000000000002 0.053283333333333301 1.0000000180025095e-35 4.166666666666667 0.22500000000000003 1.4722222222222225 13.66666666666667 2.8100000000000009 12.883333333333336 52.100000000000009 44.100000000000009 27.225000000000005 30.866666666666671
decision_type=2 2 10 10 10 10 10 10 8 10 8 10 10 10
left_child=8 2 7 6 5 -5 -4 -2 9 -1 11 -3 13 -12
right_child=1 10 3 4 -6 -7 -8 -9 -10 -11 12 -13 -14 -15
leaf_value=-0.0015813232616288882 0.010396168027872445 0.00068537929807649996 0.02799199347376314 0.14537414439426838 0.0081442429678780705 0.039751249270886191 -0.061887703923003703 -0.047770283060280361 -0.01325696359099527 0.02870640577144204 0.012632230534940565 -0.039190052457518512 0.077172423114902106 -0.049862800516626421
leaf_weight=16228 585 25496 58 64 87 62 53 63 1158 223 757 214 66 59
leaf_count=16228 585 25496 58 64 87 62 53 63 1158 223 757 214 66 59
internal_value=4.46114e-06 0.00126363 0.0143998 0.033745 0.0591274 0.0939611 -0.0147844 0.00467007 -0.00196512 -0.00116838 0.000782271 0.000351744 0.0132964 0.00805521
internal_weight=45173 27564 972 324 213 126 111 648 17609 16451 26592 25710 882 816
internal_count=45173 27564 972 324 213 126 111 648 17609 16451 26592 25710 882 816
is_linear=0
shrinkage=0.05


Tree=97
num_leaves=15
num_cat=0
split_feature=57 61 56 0 61 60 61 43 2 12 28 42 2 5
split_gain=49.065 71.8091 97.5784 94.0849 79.9748 76.1463 79.8142 85.6692 106.909 94.5929 68.989 64.9919 61.2765 55.8644
threshold=3.2500000000000004 28.000000000000004 0.29285714285714287 3.5833333333333335 46.500000000000007 1.5000000000000002 77.500000000000014 23.633333333333336 3.7638888888888893 14.833333333333334 0.81200000000000017 51.500000000000007 7.1125000000000007 89.414285714285725
decision_type=2 2 10 10 2 2 2 10 10 10 10 10 10 8
left_child=1 2 3 -1 -3 13 7 8 9 -7 11 -2 -4 -6
right_child=10 4 12 -5 5 6 -8 -9 -10 -11 -12 -13 -14 -15
leaf_value=0.04291900364128319 -0.0027548551505282058 -0.0026566305393286999 0.098884327100670855 -0.048708382934595632 0.0011421814731515515 0.0069815509520388778 0.072465074751987935 0.064765733161876934 -0.060983754234122382 0.070195543197275126 -0.058905723827694538 0.051459565329122117 0.022139610571436364 0.010222917200031822
leaf_weight=55 11734 11120 57 56 19252 633 60 72 52 65 54 55 50 1858
leaf_count=55 11734 11120 57 56 19252 633 60 72 52 65 54 55 50 1858
internal_value=4.36944e-06 0.000987192 0.0295601 -0.00309434 0.000797877 0.00254577 0.016939 0.012814 0.00775346 0.0129501 -0.00275942 -0.00249763 0.0635246 0.00194283
internal_weight=45173 33330 218 111 33112 21992 882 822 750 698 11843 11789 107 21110
internal_count=45173 33330 218 111 33112 21992 882 822 750 698 11843 11789 107 21110
is_linear=0
shrinkage=0.05


Tree=98
num_leaves=15
num_cat=0
split_feature=61 12 59 17 12 12 4 29 14 41 11 12 24 14
split_gain=46.6795 115.553 93.6976 115.693 85.4645 133.515 129.178 67.0794 66.9094 59.1358 81.5004 73.1657 51.8463 76.4421
threshold=97.500000000000014 3.5833333333333335 1162.5000000000002 0.35416666666666669 12.16666666666667 20.166666666666668 88.225000000000009 0.36899700000000007 27.050000000000004 46.120000000000012 0.64583333333333337 21.166666666666668 0.060000000000000019 20.050000000000004
decision_type=2 10 2 10 10 10 10 10 10 10 10 10 10 10
left_child=8 -2 4 7 -3 -6 -7 -4 9 10 12 -11 13 -1
right_child=1 2 3 -5 5 6 -8 -9 -10 11 -12 -13 -14 -15
leaf_value=-0.0004970418490244324 0.070960992709282911 -0.058811343993459435 -0.035424553827057045 0.078410118017692751 0.056768348289112897 0.018583066277859505 -0.071359019118967471 0.041925110559440357 -0.0346285355187873 -0.0056067275302904146 -0.04266580714782079 0.073636444307063231 0.0044329642503517282 -0.024329815587969789
leaf_weight=38270 77 73 61 80 77 85 74 51 140 55 112 60 5619 339
leaf_count=38270 77 73 61 80 77 85 74 51 140 55 112 60 5619 339
internal_value=4.40949e-06 0.0141168 0.00526833 0.0326886 -0.011714 0.00284208 -0.0232125 0 -0.000178098 -6.86539e-05 -0.000162287 0.0356609 -5.36073e-05 -0.000707261
internal_weight=45173 578 501 192 309 236 159 112 44595 44455 44340 115 44228 38609
internal_count=45173 578 501 192 309 236 159 112 44595 44455 44340 115 44228 38609
is_linear=0
shrinkage=0.05


Tree=99
num_leaves=15
num_cat=0
split_feature=57 0 3 12 0 36 24 25 58 57 36 42 2 1
split_gain=45.7588 72.6199 62.9647 54.0515 172.488 109.44 74.3251 110.9 138.319 127.33 71.0496 75.6143 59.1802 113.791
threshold=2.7500000000000004 1.0000000180025095e-35 1.0000000180025095e-35 36.833333333333336 10.41666666666667 42.100000000000001 0.26166666666666677 0.21633333333333341 1157.5000000000002 3.7500000000000004 21.233333333333338 20.833333333333339 6.5277777777777786 7.366666666666668
decision_type=2 10 10 10 10 10 10 10 2 2 10 10 10 10
left_child=1 -1 -3 4 5 6 12 8 -8 10 -9 -12 13 -2
right_child=3 2 -4 -5 -6 -7 7 9 -10 -11 11 -13 -14 -15
leaf_value=-0.0014529526510709137 -0.001544753425293563 0.051086354605082811 0.0042948493147625406 -0.042837047871131045 0.08676965557508641 -0.048616887665524779 0.0034404489368495376 -0.0047719171390547396 0.11916281609035551 -0.031694721712607316 0.0073195020840005967 0.087657245347549873 -0.02826528320264874 0.068867693316677345
leaf_weight=9173 24392 72 10568 78 55 122 50 85 54 139 51 71 206 57
leaf_count=9173 24392 72 10568 78 55 122 50 85 54 139 51 71 206 57
internal_value=4.1732e-06 0.00180509 0.00461622 -0.00140185 -0.00127218 -0.00146684 -0.00123575 0.018886 0.064049 0.00516605 0.0300552 0.0544445 -0.0016044 -0.00137817
internal_weight=45173 19813 10640 25360 25282 25227 25105 450 104 346 207 122 24655 24449
internal_count=45173 19813 10640 25360 25282 25227 25105 450 104 346 207 122 24655 24449
is_linear=0
shrinkage=0.05


Tree=100
num_leaves=15
num_cat=0
split_feature=5 23 12 7 45 45 41 62 11 50 62 28 61 21
split_gain=43.6239 48.8337 89.6246 111.49 64.189 80.5227 185.515 99.523 90.6821 108.499 82.9526 156.146 340.945 118.618
threshold=108.05000000000001 0.46050000000000008 32.833333333333336 0.45000000000000007 12.383333333333335 11.116666666666669 27.685000000000002 1060266.5000000002 0.38750000000000007 3.2500000000000004 1640667.0000000002 0.44211800000000007 84.500000000000014 0.3303666666666667
decision_type=10 10 10 10 10 10 10 2 10 10 2 10 2 10
left_child=1 4 3 -3 5 8 -7 -8 10 -10 -1 12 -12 -13
right_child=-2 2 -4 -5 -6 6 7 -9 9 -11 11 13 -14 -15
leaf_value=3.9005848118443155e-05 -0.044296826281257584 0.044515993089821099 0.079507943409904136 -0.030491109846613896 -0.025252490608432661 -0.016336692525280846 0.018765153212122399 0.11244609088358218 -0.018682499995931617 0.05311672827145001 0.013945770576570614 -0.078231535238378197 0.13814004877731748 0.017791716400667918
leaf_weight=42877 55 97 53 100 251 112 50 68 969 55 290 59 68 69
leaf_count=42877 55 97 53 100 251 112 50 68 969 55 290 59 68 69
internal_value=4.11364e-06 5.9162e-05 0.0220744 0.00633394 -6.31919e-05 7.82356e-05 0.0295545 0.0732084 -7.42697e-05 -0.0147777 0.000272535 0.0208029 0.0377652 -0.0264066
internal_weight=45173 45118 250 197 44868 44617 230 118 44387 1024 43363 486 358 128
internal_count=45173 45118 250 197 44868 44617 230 118 44387 1024 43363 486 358 128
is_linear=0
shrinkage=0.05


Tree=101
num_leaves=15
num_cat=0
split_feature=57 26 1 43 43 51 36 42 14 36 42 43 2 45
split_gain=43.1489 69.0822 67.0709 117.866 111.886 167.645 100.851 76.7706 112.167 114.04 136.001 142.582 127.533 124.053
threshold=4.7500000000000009 0.21901850000000003 8.7083333333333339 44.100000000000009 34.708333333333336 1.4166666666666667 47.63333333333334 27.833333333333339 12.707142857142857 17.63333333333334 33.166666666666679 31.675000000000004 5.2678571428571432 7.5000000000000027
decision_type=2 10 10 10 10 10 10 10 10 10 10 10 10 10
left_child=2 -2 3 7 -4 6 -6 -1 -9 -10 11 12 13 -11
right_child=1 -3 4 -5 5 -7 -8 8 9 10 -12 -13 -14 -15
leaf_value=0.00010275406567520007 -0.0041358876466199099 -0.052485884133948391 -0.01442575216656778 -0.031588775253490263 0.067178427671441943 0.12766117572710656 -0.03076484189667833 0.026640013618970743 -0.040800052254278331 -0.018300765633172945 -0.0097554927441116449 0.1053760097090122 -0.033499103193030212 0.074265769428350559
leaf_weight=39277 3705 75 102 287 50 50 54 681 145 54 449 56 82 106
leaf_count=39277 3705 75 102 287 50 50 54 681 145 54 449 56 82 106
internal_value=4.10992e-06 -0.00510864 0.000471665 0.000312119 0.0259613 0.0528331 0.0161802 0.000537241 0.0113668 -0.000273972 0.00758112 0.0337587 0.0168999 0.0429091
internal_weight=45173 3780 41393 41137 256 154 104 40850 1573 892 747 298 242 160
internal_count=45173 3780 41393 41137 256 154 104 40850 1573 892 747 298 242 160
is_linear=0
shrinkage=0.05


Tree=102
num_leaves=15
num_cat=0
split_feature=13 1 42 12 43 44 58 5 43 23 61 61 61 43
split_gain=42.5232 88.1721 188.063 104.808 101.121 71.5339 91.2361 92.9851 68.1437 87.2943 80.9684 71.4807 59.3917 118.892
threshold=36.100000000000009 8.7083333333333339 46.416666666666679 27.833333333333339 44.100000000000009 39.732142857142868 1177.5000000000002 88.527777777777786 38.63333333333334 0.33910500000000005 70.500000000000014 60.500000000000007 74.500000000000014 10.225000000000001
decision_type=10 10 10 10 10 10 2 10 10 10 2 2 2 10
left_child=1 4 3 -3 8 -6 7 -7 12 10 11 -10 -1 -14
right_child=-2 2 -4 -5 5 6 -8 -9 9 -11 -12 -13 13 -15
leaf_value=-0.00039118931905220622 -0.039075670412761707 0.037228084221864362 0.11228380717268778 -0.045282332860226704 -0.065565308976817768 -0.064392655054259992 0.04517499592191386 0.01183707744728589 0.00083934000336137937 0.082119514772651392 -0.028957418831670363 0.078608482560023257 0.033752993493754831 0.0017018125599932831
leaf_weight=42756 69 97 54 63 92 91 51 70 66 54 78 54 382 1196
leaf_count=42756 69 97 54 63 92 91 51 70 66 54 78 54 382 1196
internal_value=3.88531e-06 6.46559e-05 0.0320456 0.00454399 -8.76022e-05 -0.0288036 -0.012616 -0.0311605 0.000107952 0.0260092 0.0104122 0.0362239 -3.90023e-05 0.00948479
internal_weight=45173 45104 214 160 44890 304 212 161 44586 252 198 120 44334 1578
internal_count=45173 45104 214 160 44890 304 212 161 44586 252 198 120 44334 1578
is_linear=0
shrinkage=0.05


Tree=103
num_leaves=15
num_cat=0
split_feature=60 14 2 1 46 45 17 24 14 14 40 5 62 2
split_gain=41.1414 69.0587 68.7519 75.5501 113.725 114.429 97.5991 101.698 98.29 65.8143 58.9118 74.8919 61.7465 57.1402
threshold=1.5000000000000002 33.050000000000004 5.8660714285714297 5.366666666666668 6.4600000000000009 6.0833333333333348 0.29285714285714287 0.040000000000000001 10.211111111111112 28.950000000000003 17.22666666666667 57.725000000000009 290871.50000000006 7.1125000000000007
decision_type=2 10 10 10 10 10 10 10 10 10 10 10 2 10
left_child=1 9 3 4 5 6 10 8 -8 13 11 12 -2 -1
right_child=2 -3 -4 -5 -6 -7 7 -9 -10 -11 -12 -13 -14 -15
leaf_value=-0.00019968706734957098 0.0026348772681574124 -0.048435156281112425 0.060215814322487932 -0.053402155707372681 0.068724603617524777 -0.058025124024414843 0.11348894207373911 -0.011930887737220392 0.028276015768592067 0.041876155838773056 0.05452367928679859 -0.032429272304381869 0.058377885152992692 -0.023689951364401437
leaf_weight=42564 1468 74 58 53 71 70 57 66 86 92 53 150 51 260
leaf_count=42564 1468 74 58 53 71 70 57 66 86 92 53 150 51 260
internal_value=3.8349e-06 -0.000335672 0.00669976 0.0052135 0.00673742 0.00450887 0.00680315 0.0390362 0.0626933 -0.000251588 0.00286629 0.00119507 0.00454148 -0.000343164
internal_weight=45173 42990 2183 2125 2072 2001 1931 209 143 42916 1722 1669 1519 42824
internal_count=45173 42990 2183 2125 2072 2001 1931 209 143 42916 1722 1669 1519 42824
is_linear=0
shrinkage=0.05


Tree=104
num_leaves=15
num_cat=0
split_feature=3 5 27 10 40 36 27 14 21 58 56 14 50 16
split_gain=39.6706 77.5606 77.8244 73.3371 113.089 130.132 73.6194 69.3079 71.8453 66.6837 63.909 53.4919 48.6286 109.348
threshold=79.833333333333357 83.118055555555571 0.76166666666666683 0.63333333333333341 34.110000000000007 17.300000000000008 0.64136666666666675 7.8166666666666673 0.21416666666666673 1106.2500000000002 0.47222222222222227 15.707142857142857 2.8500000000000001 0.55000000000000016
decision_type=10 10 10 10 10 10 10 10 10 2 10 10 10 10
left_child=1 2 3 4 6 -6 -1 8 10 11 -2 -3 -9 -14
right_child=7 9 -4 -5 5 -7 -8 12 -10 -11 -12 -13 13 -15
leaf_value=-0.00046382040694570114 0.007749722346551898 -0.028801087697927098 -0.058540564257165667 -0.045532456760986724 0.0037397933877165745 0.10620204988240362 0.056152533260376558 0.00073056347237230874 0.072606892577182933 -0.042972983512298009 0.056560761017688359 0.033658313516010771 -0.0061758540742361777 0.050083134627840468
leaf_weight=37598 565 68 57 89 75 53 57 5867 56 199 76 68 184 161
leaf_count=37598 565 68 57 89 75 53 57 5867 56 199 76 68 184 161
internal_value=3.75383e-06 -0.000625322 -0.000412931 -0.000324013 -0.000216259 0.0466083 -0.000376709 0.00349117 0.0184396 -0.0245615 0.0136155 0.00225436 0.00180854 0.0200405
internal_weight=45173 38264 37929 37872 37783 128 37655 6909 697 335 641 136 6212 345
internal_count=45173 38264 37929 37872 37783 128 37655 6909 697 335 641 136 6212 345
is_linear=0
shrinkage=0.05


Tree=105
num_leaves=15
num_cat=0
split_feature=5 23 11 46 14 0 1 26 25 13 40 36 13 61
split_gain=39.6928 42.7197 82.2644 112.014 63.3332 100.242 84.3212 69.7571 66.6183 68.1145 91.5754 64.3597 99.1457 183.918
threshold=108.05000000000001 0.46050000000000008 0.47222222222222227 10.170000000000003 24.31666666666667 4.166666666666667 5.9000000000000012 0.3513392857142858 0.25602900000000012 27.900000000000002 30.91 49.300000000000011 25.100000000000005 67.500000000000014
decision_type=10 10 10 10 10 10 10 10 10 10 10 10 10 2
left_child=1 4 3 -3 7 -6 -7 11 9 -8 -11 12 -1 -14
right_child=-2 2 -4 -5 5 6 8 -9 -10 10 -12 -13 13 -15
leaf_value=-5.5901210170292186e-05 -0.042254021367779726 0.035754790666946618 0.06784467891410545 -0.043533389428198732 -0.08442981515611922 0.041835255586490858 -0.039679057306490066 0.048788037739035228 -0.057796078192143788 -0.021603498283105021 0.070137938305661826 -0.044909902507404113 0.002021232000139146 0.096166247655363649
leaf_weight=44085 55 108 67 75 52 63 81 73 88 58 50 79 163 76
leaf_count=44085 55 108 67 75 52 63 81 73 88 58 50 79 163 76
internal_value=3.73494e-06 5.627e-05 0.0206473 0.00309332 -5.81326e-05 -0.0200552 -0.0100267 0.000117778 -0.0219663 -0.00504318 0.0207665 3.66507e-05 0.00011783 0.0322012
internal_weight=45173 45118 250 183 44868 392 340 44476 277 189 108 44403 44324 239
internal_count=45173 45118 250 183 44868 392 340 44476 277 189 108 44403 44324 239
is_linear=0
shrinkage=0.05


Tree=106
num_leaves=15
num_cat=0
split_feature=13 1 43 43 43 61 39 43 44 22 0 61 52 37
split_gain=38.3594 79.6222 171.451 91.2956 65.2753 83.2679 62.1372 60.992 85.537 64.4205 57.9089 54.4943 138.075 52.9539
threshold=36.100000000000009 8.7083333333333339 34.708333333333336 44.100000000000009 52.100000000000009 70.500000000000014 25.216666666666672 38.63333333333334 40.527777777777786 0.33400000000000013 6.8333333333333348 116.50000000000001 0.90000000000000013 26.380000000000006
decision_type=10 10 10 10 10 2 10 10 10 10 10 2 10 10
left_child=1 3 -3 7 5 -5 -4 11 9 -9 -6 13 -13 -1
right_child=-2 2 6 4 10 -7 -8 8 -10 -11 -12 12 -14 -15
leaf_value=0.00016685849491483305 -0.037113419796923085 -0.016221916820944812 0.10838235869001943 -0.0056702784305771459 0.030511663201535852 -0.074869347717274118 0.032635002297775766 0.023538217942886318 -0.021116217385078299 0.089895081179482597 -0.038469969641382454 0.086892243916910847 -0.015125990461011034 -0.010097010477865816
leaf_weight=42908 69 102 59 75 70 106 53 128 72 52 53 61 71 1294
leaf_count=42908 69 102 59 75 70 106 53 128 72 52 53 61 71 1294
internal_value=3.50848e-06 6.12549e-05 0.0304521 -8.34052e-05 -0.0273687 -0.0464281 0.0730642 0.000102378 0.0246068 0.0430424 0.000550031 -3.66209e-05 0.0319801 -0.000133158
internal_weight=45173 45104 214 44890 304 181 112 44586 252 180 123 44334 132 44202
internal_count=45173 45104 214 44890 304 181 112 44586 252 180 123 44334 132 44202
is_linear=0
shrinkage=0.05


Tree=107
num_leaves=15
num_cat=0
split_feature=57 62 8 2 42 42 40 41 13 40 13 50 41 32
split_gain=39.6688 71.6819 62.4874 148.645 115.308 137.205 118.913 102.079 99.6914 123.268 99.0358 94.9298 92.2745 90.9789
threshold=2.7500000000000004 13247.500000000002 0.21111111111111114 5.6125000000000007 28.416666666666668 32.166666666666679 37.445000000000007 8.1211111111111141 18.450000000000003 12.463333333333336 20.100000000000005 2.6500000000000008 20.605000000000008 1.4201950000000003
decision_type=2 2 10 10 10 10 10 8 10 10 10 10 10 10
left_child=1 -1 3 7 6 -6 11 -3 9 -7 -9 13 -11 -4
right_child=-2 2 4 -5 5 8 -8 10 -10 12 -12 -13 -14 -15
leaf_value=-0.0010261082235716505 -0.0013057223242985286 0.00010868572471174192 -0.022494385337724382 0.084970806514428676 0.060653141499554968 0.028744725921215155 -0.077427234172567055 0.014020342417229964 0.01920826130730828 -0.10987770580551 -0.018774954071211537 0.041399238216951031 -0.01750486246427568 0.028763312663901693
leaf_weight=10941 25360 3536 651 60 120 58 71 3572 270 51 245 80 59 99
leaf_count=10941 25360 3536 651 60 120 58 71 3572 270 51 245 80 59 99
internal_value=3.36262e-06 0.0016802 0.00502033 0.00688319 -0.00442664 0.0134035 -0.0154981 0.00623687 0.000347001 -0.0297844 0.0119066 -0.010127 -0.0608619 -0.0156804
internal_weight=45173 19813 8872 7413 1459 558 901 7353 438 168 3817 830 110 750
internal_count=45173 19813 8872 7413 1459 558 901 7353 438 168 3817 830 110 750
is_linear=0
shrinkage=0.05


Tree=108
num_leaves=15
num_cat=0
split_feature=57 28 60 2 1 43 30 58 43 43 42 42 58 23
split_gain=37.4571 61.1435 59.2202 76.2364 99.3805 154.619 79.9845 137.224 66.4105 163.492 54.9521 48.8883 116.371 127.12
threshold=3.2500000000000004 0.81200000000000017 1.5000000000000002 5.7071428571428582 4.7750000000000012 23.633333333333336 0.3000000000000001 1118.7500000000002 11.900000000000002 7.5500000000000007 51.500000000000007 16.416666666666668 1187.5000000000002 0.21007500000000004
decision_type=2 10 2 8 10 10 10 2 8 10 10 10 2 10
left_child=2 10 11 4 5 6 8 -8 9 -4 -2 -1 -13 -14
right_child=1 -3 3 -5 -6 -7 7 -9 -10 -11 -12 12 13 -15
leaf_value=-0.00030272640901303174 -0.0024016744513976739 -0.055268545216376634 0.0010403706978089264 0.070081114797365104 -0.053996795649863476 0.096458051317525148 -0.00027326454721618947 0.081229889815185169 -0.038348243800831627 0.089515144314180631 0.047449210581478773 0.0031948644373707719 0.018526215827973563 0.098690843511754139
leaf_weight=28098 11734 54 894 52 60 51 114 93 91 55 55 3528 231 63
leaf_count=28098 11734 54 894 52 60 51 114 93 91 55 55 3528 231 63
internal_value=3.21076e-06 -0.00241155 0.000862009 0.0108888 0.00857882 0.0115103 0.00797879 0.0363311 0.00229682 0.00623876 -0.00216498 0.000418152 0.00572368 0.0359276
internal_weight=45173 11843 33330 1410 1358 1298 1247 207 1040 949 11789 31920 3822 294
internal_count=45173 11843 33330 1410 1358 1298 1247 207 1040 949 11789 31920 3822 294
is_linear=0
shrinkage=0.05


Tree=109
num_leaves=15
num_cat=0
split_feature=61 0 57 59 61 11 43 57 23 21 62 62 48 49
split_gain=36.0013 83.2172 111.226 56.6695 43.3342 80.4632 51.9096 50.5804 57.4823 160.84 119.68 67.6264 57.0673 84.0132
threshold=28.000000000000004 1.8333333333333337 2.7500000000000004 1207.5000000000002 46.500000000000007 0.15476190476190479 16.633333333333336 2.7500000000000004 0.42683333333333334 0.72500000000000009 2330478.0000000005 3608747.5000000005 3.5000000000000004 2.3666666666666671
decision_type=2 10 2 2 2 8 10 2 10 10 2 2 8 8
left_child=1 -1 -3 -4 5 6 -2 12 11 10 -10 -9 13 -6
right_child=4 2 3 -5 7 -7 -8 8 9 -11 -12 -13 -14 -15
leaf_value=0.071870754250382959 -0.001687215939609861 0.061571018986923756 -0.042830393752439432 0.011312069057537419 0.0041624275611763335 -0.017806800176382722 0.034725800387769339 -0.00089564116744622255 0.01265315547442207 -0.049289329435144157 0.10369300136790259 -0.042247962324538424 0.018354460442563721 -0.0082457704948361108
leaf_weight=56 14214 64 91 101 10839 792 98 16457 84 52 64 99 603 1559
leaf_count=56 14214 64 91 101 10839 792 98 16457 84 52 64 99 603 1559
internal_value=3.30235e-06 0.0169159 0.00468041 -0.0142639 -0.000113952 -0.00229563 -0.00143493 0.0009926 -0.000822009 0.025784 0.0524067 -0.00114569 0.00333317 0.00259986
internal_weight=45173 312 256 192 44861 15104 14312 29757 16756 200 148 16556 13001 12398
internal_count=45173 312 256 192 44861 15104 14312 29757 16756 200 148 16556 13001 12398
is_linear=0
shrinkage=0.05


Tree=110
num_leaves=15
num_cat=0
split_feature=57 26 1 58 51 43 1 41 9 27 2 58 58 61
split_gain=34.6228 59.8563 49.75 113.13 136.755 89.29 73.7883 68.4008 97.9888 63.0352 75.0125 148.554 124.244 105.282
threshold=4.7500000000000009 0.21901850000000003 8.7083333333333339 1167.5000000000002 1.5833333333333337 44.100000000000009 9.9000000000000021 23.005000000000003 1.0000000180025095e-35 0.93549166666666694 6.354166666666667 1083.7500000000002 1177.5000000000002 116.50000000000001
decision_type=2 10 10 2 10 10 10 10 10 10 10 2 2 2
left_child=2 -2 5 4 6 9 -4 -7 -9 10 13 -12 -13 -1
right_child=1 -3 3 -5 -6 7 -8 8 -10 -11 11 12 -14 -15
leaf_value=0.00047614820092615681 -0.0036706380309413779 -0.048677437441633241 0.016760227303634318 0.083489287377167987 0.068513621504490196 -0.052791675360409365 -0.055672394610892718 0.04322118305080519 -0.038539558457415232 0.056311685112443305 0.028190275232553186 -0.063536415449778241 0.020877542373089666 0.049798152166577535
leaf_weight=40349 3705 75 64 58 58 138 76 63 86 50 100 187 56 108
leaf_count=40349 3705 75 64 58 58 138 76 63 86 50 100 187 56 108
internal_value=3.22323e-06 -0.00457656 0.000422103 0.0223753 0.00418208 0.000284607 -0.0224406 -0.027481 -0.00377342 0.000480626 0.000410903 -0.0228541 -0.0439774 0.000609045
internal_weight=45173 3780 41393 256 198 41137 140 287 149 40850 40800 343 243 40457
internal_count=45173 3780 41393 256 198 41137 140 287 149 40850 40800 343 243 40457
is_linear=0
shrinkage=0.05


Tree=111
num_leaves=15
num_cat=0
split_feature=13 37 45 45 11 41 11 26 26 50 0 41 46 47
split_gain=36.0605 56.7741 65.4046 61.2426 161.456 177.758 81.3559 108.926 111.118 91.1351 67.5824 125.694 67.4305 124.896
threshold=36.100000000000009 46.160000000000004 12.516666666666667 11.116666666666669 0.29285714285714287 27.685000000000002 0.38750000000000007 0.26599050000000007 0.32133333333333342 3.2500000000000004 2.4166666666666674 19.195000000000004 6.7100000000000009 6.8450000000000015
decision_type=10 10 10 10 10 10 10 10 10 10 10 10 10 10
left_child=1 2 3 6 -5 -6 7 -1 -9 10 11 -8 13 -12
right_child=-2 -3 -4 4 5 -7 9 8 -10 -11 12 -13 -14 -15
leaf_value=0.00016139867814919 -0.035984376490973739 0.046224380990392284 -0.02808370732185916 -0.01685101536307556 -0.014850611507313925 0.10045577574708553 0.0032007505897409432 0.078175278642675303 -0.010243156501370618 0.049118057089866302 -0.0072764932616230325 -0.078937441413397119 -0.024031306203812532 0.074049053438477688
leaf_weight=43357 69 66 206 129 51 94 80 89 58 54 314 109 442 55
leaf_count=43357 69 66 206 129 51 94 80 89 58 54 314 109 442 55
internal_value=3.17537e-06 5.91816e-05 -8.42756e-06 0.000120331 0.0236651 0.0598162 -2.41556e-05 0.000307906 0.0432031 -0.0137474 -0.01719 -0.0441213 -0.0108596 0.00486134
internal_weight=45173 45104 45038 44832 274 145 44558 43504 147 1054 1000 189 811 369
internal_count=45173 45104 45038 44832 274 145 44558 43504 147 1054 1000 189 811 369
is_linear=0
shrinkage=0.05


Tree=112
num_leaves=15
num_cat=0
split_feature=43 47 27 59 14 39 42 45 45 4 43 11 0 41
split_gain=35.6128 99.5934 85.6497 70.7792 62.612 76.6682 55.8748 64.2857 118.769 87.9573 83.9157 53.6924 79.9068 117.849
threshold=56.675000000000004 12.160000000000002 1.0183333333333338 1162.5000000000002 26.550000000000004 35.550000000000004 54.833333333333336 11.116666666666669 11.416666666666668 84.100000000000009 35.266666666666673 0.38750000000000007 2.4166666666666674 19.195000000000004
decision_type=10 10 10 2 10 10 10 10 10 10 10 10 10 10
left_child=1 2 4 -2 6 -6 7 11 -9 -10 -11 -1 13 -13
right_child=3 -3 -4 -5 5 -7 -8 8 9 10 -12 12 -14 -15
leaf_value=0.00025490166799477888 -0.0037282119138586909 -0.055636246275642648 0.063254161387960486 0.071688863020209437 -0.0027371999218657214 -0.075162490645075242 -0.036455956067551268 0.087250524708348473 0.052093657466354748 -0.044494366150450063 0.028114349250313194 0.0040044454937697921 -0.004626688754367044 -0.075878828206051019
leaf_weight=43378 77 80 53 51 92 61 104 58 75 92 69 81 797 105
leaf_count=43378 77 80 53 51 92 61 104 58 75 92 69 81 797 105
internal_value=3.03601e-06 -7.13921e-05 2.75283e-05 0.0262882 -4.72312e-05 -0.0319263 6.1538e-05 0.000147553 0.0234311 0.0074896 -0.0132308 -6.45574e-06 -0.0115594 -0.0410394
internal_weight=45173 45045 44965 128 44912 153 44759 44655 294 236 161 44361 983 186
internal_count=45173 45045 44965 128 44912 153 44759 44655 294 236 161 44361 983 186
is_linear=0
shrinkage=0.05


Tree=113
num_leaves=15
num_cat=0
split_feature=60 2 2 46 45 45 6 43 58 47 14 14 2 7
split_gain=34.2034 59.8333 66.0696 125.418 97.2134 86.6715 69.9037 61.2737 167.153 72.143 59.8295 61.2886 53.2537 94.789
threshold=1.5000000000000002 5.8660714285714297 4.8166666666666673 6.4600000000000009 5.6333333333333355 4.5416666666666687 1.0000000180025095e-35 2.3666666666666671 1091.2500000000002 1.3316666666666668 33.050000000000004 28.950000000000003 7.1125000000000007 0.90000000000000013
decision_type=2 10 8 10 10 10 10 10 2 10 10 10 10 10
left_child=10 2 3 4 5 6 7 -2 -9 -10 11 12 13 -1
right_child=1 -3 -4 -5 -6 -7 -8 8 9 -11 -12 -13 -14 -15
leaf_value=-0.00026093949393709187 0.00031648624518397945 0.056034022416823953 -0.043182762749761128 0.065654447680197611 -0.045964970808217237 0.056386341678373746 -0.046728876961096559 0.096336684678287973 0.058739202515017699 -0.00032904954328010784 -0.045076919727077419 0.040425142444468834 -0.022855557626445783 0.067612535969435603
leaf_weight=42513 1287 58 69 85 93 82 65 64 61 319 74 92 260 51
leaf_count=42513 1287 58 69 85 93 82 65 64 61 319 74 92 260 51
internal_value=2.83328e-06 0.00610816 0.00472086 0.00635078 0.00376461 0.00625214 0.00393419 0.005864 0.0218696 0.00915198 -0.000306677 -0.000228373 -0.000316764 -0.000178233
internal_weight=45173 2183 2125 2056 1971 1878 1796 1731 444 380 42990 42916 42824 42564
internal_count=45173 2183 2125 2056 1971 1878 1796 1731 444 380 42990 42916 42824 42564
is_linear=0
shrinkage=0.05


Tree=114
num_leaves=15
num_cat=0
split_feature=61 53 1 59 2 61 14 45 37 46 45 1 3 62
split_gain=34.7102 84.8189 118.412 77.6866 61.0562 39.662 72.7069 47.6455 40.3162 112.087 106.66 90.9647 81.4698 129.842
threshold=28.000000000000004 2.0500000000000003 4.9000000000000012 1257.5000000000002 7.1125000000000007 46.500000000000007 8.6125000000000025 4.5166666666666684 26.380000000000006 9.8700000000000028 7.1333333333333355 6.9000000000000012 82.833333333333357 1640667.0000000002
decision_type=2 10 10 2 10 2 8 10 10 10 10 10 8 2
left_child=1 2 -1 4 -4 6 7 -2 9 12 11 -10 -7 -14
right_child=5 -3 3 -5 -6 8 -8 -9 10 -11 -12 -13 13 -15
leaf_value=0.076576322831257052 -0.0012960352853081359 -0.041221055587132772 0.062300331878268035 -0.046191580863226028 -0.0076667751031597774 0.00030774315645035102 -0.013308016045289583 0.046875520204578178 -0.035109601060290228 -0.060235627582550161 0.0012144475325760319 0.02128940795640848 0.0056148544788706322 0.045042377780244884
leaf_weight=85 13711 52 60 52 63 22783 1342 51 425 73 1332 85 4841 218
leaf_count=85 13711 52 60 52 63 22783 1342 51 425 73 1332 85 4841 218
internal_value=2.82284e-06 0.0166094 0.0283284 0.00459984 0.0263751 -0.0001123 -0.00219951 -0.00111401 0.000946302 0.00141983 -0.00621473 -0.0256491 0.00158346 0.00732307
internal_weight=45173 312 260 175 123 44861 15104 13762 29757 27915 1842 510 27842 5059
internal_count=45173 312 260 175 123 44861 15104 13762 29757 27915 1842 510 27842 5059
is_linear=0
shrinkage=0.05


Tree=115
num_leaves=15
num_cat=0
split_feature=5 31 11 52 24 25 62 42 36 4 6 62 27 14
split_gain=34.4744 40.2313 45.262 73.8424 41.2124 67.8099 49.6277 97.463 50.7993 94.624 92.3543 75.0558 73.067 63.7445
threshold=108.05000000000001 2.2167500000000007 1.0000000180025095e-35 2.7750000000000004 0.51500000000000012 0.41700000000000009 4676991.0000000009 41.166666666666679 41.166666666666679 86.100000000000009 0.83333333333333337 675192.00000000012 0.53699333333333354 23.112500000000004
decision_type=10 10 10 10 10 10 2 8 10 10 10 2 10 10
left_child=1 4 -3 -4 5 6 8 -8 10 12 -1 -12 -10 -11
right_child=-2 2 3 -5 -6 -7 7 -9 9 13 11 -13 -14 -15
leaf_value=-0.00010677297738545915 -0.039379368597423442 -0.0051794958458425688 0.067891344436776566 -0.0051513740663295211 0.040514800274372098 -0.057455787467725075 -0.011116167171434923 0.065353169769584066 -0.01564228474670112 -0.066788004820837701 0.0026152592361251888 0.085977792146459092 0.052158738696199705 -0.011972009369406091
leaf_weight=44106 55 100 85 57 62 51 82 83 105 110 53 56 63 105
leaf_count=44106 55 100 85 57 62 51 82 83 105 110 53 56 63 105
internal_value=2.71168e-06 5.17094e-05 0.0203627 0.0384807 -5.74892e-05 -0.00011463 -4.80998e-05 0.0272804 -0.000150073 -0.0182694 6.51987e-06 0.0458691 0.00971406 -0.0402233
internal_weight=45173 45118 242 142 44876 44814 44763 165 44598 383 44215 109 168 215
internal_count=45173 45118 242 142 44876 44814 44763 165 44598 383 44215 109 168 215
is_linear=0
shrinkage=0.05


Tree=116
num_leaves=15
num_cat=0
split_feature=13 1 42 12 43 44 58 41 43 44 22 1 2 61
split_gain=33.4733 61.7361 148.752 99.375 74.2031 60.6477 75.6403 70.8944 51.6583 78.3173 55.0067 57.5975 46.2032 109.034
threshold=36.100000000000009 8.7083333333333339 46.416666666666679 27.833333333333339 44.100000000000009 39.732142857142868 1177.5000000000002 23.005000000000003 38.63333333333334 41.366666666666674 0.34900000000000009 6.366666666666668 6.4142857142857155 118.50000000000001
decision_type=10 10 10 10 10 10 2 10 10 10 10 10 10 2
left_child=1 4 3 -3 8 -6 7 -7 12 10 11 -10 13 -1
right_child=-2 2 -4 -5 5 6 -8 -9 9 -11 -12 -13 -14 -15
leaf_value=7.2146279934539975e-07 -0.03466997932401493 0.034190267668320583 0.098171843684741966 -0.046167711543989937 -0.058511412409511777 -0.064788926104686673 0.042845129774141955 0.0018561617204466382 0.044110091336262536 -0.029657842831367312 0.08265269389837096 -0.021484913138469848 -0.019251488023565036 0.060541084848794363
leaf_weight=43950 69 97 54 63 92 69 51 92 97 55 50 50 310 74
leaf_count=43950 69 97 54 63 92 69 51 92 97 55 50 50 310 74
internal_value=2.52173e-06 5.65017e-05 0.0268171 0.0023483 -7.0812e-05 -0.0246697 -0.00976288 -0.0266634 9.66241e-05 0.0226483 0.0374162 0.0216322 -3.12526e-05 0.000103738
internal_weight=45173 45104 214 160 44890 304 212 161 44586 252 197 147 44334 44024
internal_count=45173 45104 214 160 44890 304 212 161 44586 252 197 147 44334 44024
is_linear=0
shrinkage=0.05


Tree=117
num_leaves=15
num_cat=0
split_feature=59 11 14 47 62 32 23 23 30 0 12 12 14 12
split_gain=33.0073 88.4857 101.845 171.56 64.1755 62.5579 57.5973 52.564 41.595 76.2795 38.9354 57.6909 120.624 66.9588
threshold=1025.0000000000002 0.18333333333333338 10.211111111111112 2.8422222222222229 633069.50000000012 1.472075 0.11200000000000002 0.073040000000000035 0.67448333333333343 1.1666666666666667 40.500000000000007 35.500000000000007 22.950000000000003 29.833333333333339
decision_type=2 10 8 10 2 8 10 10 10 10 10 10 10 10
left_child=1 2 3 7 6 -4 -3 8 9 -1 11 13 -13 -2
right_child=10 4 5 -5 -6 -7 -8 -9 -10 -11 -12 12 -14 -15
leaf_value=-8.8830872250653299e-05 -0.00014451136531684364 0.04664780826443523 -0.051563502162457468 0.082083572565434165 0.081932724008629151 0.0018053305639349735 -0.02174957932054418 0.04509285431342213 -0.031422882014885543 0.05468838061511952 -0.042884848997971722 -0.021166654825210574 0.080716037704038998 -0.025817654098506195
leaf_weight=868 43170 75 125 74 60 96 51 71 91 68 53 52 64 255
leaf_count=868 43170 75 125 74 60 96 51 71 91 68 53 52 64 255
internal_value=2.44533e-06 0.00710345 0.0027529 0.00864237 0.039457 -0.0283161 0.018789 0.00363491 0.000723903 0.00389109 -0.000254262 -0.000201305 0.0349351 -0.00029614
internal_weight=45173 1579 1393 1172 186 221 126 1098 1027 936 43594 43541 116 43425
internal_count=45173 1579 1393 1172 186 221 126 1098 1027 936 43594 43541 116 43425
is_linear=0
shrinkage=0.05


Tree=118
num_leaves=15
num_cat=0
split_feature=16 49 52 53 42 21 41 10 37 51 59 48 0 23
split_gain=31.8657 103.069 87.3951 141.932 95.7358 103.396 64.9916 63.8216 182.883 65.9993 77.7975 125.58 74.3979 64.1671
threshold=0.55000000000000016 3.9000000000000004 0.45000000000000007 0.77500000000000013 9.5833333333333339 0.22750000000000006 13.845000000000002 0.55000000000000016 37.526666666666678 0.83333333333333337 1198.7500000000002 1.5833333333333337 6.166666666666667 0.15915000000000004
decision_type=10 10 10 8 10 10 10 10 10 10 2 10 10 10
left_child=-1 2 4 -4 6 -6 -2 8 9 12 -11 -12 13 -5
right_child=1 -3 3 7 5 -7 -8 -9 -10 10 11 -13 -14 -15
leaf_value=-0.00025100085889890906 -0.011739054773793077 0.074552642122560409 0.059028899462357523 0.039372160795712791 -0.045650023339923892 0.030085602624190824 0.054000235425077217 -0.030893463771876101 0.10210010784834918 -0.024459959109668111 -0.023569941042200188 0.071511382143233576 -0.030562400388717655 -0.019630945621578546
leaf_weight=43580 82 54 140 261 234 55 68 108 50 286 73 65 62 55
leaf_count=43580 82 54 140 261 234 55 68 108 50 286 73 65 62 55
internal_value=2.37738e-06 0.00694769 0.0045359 0.0120742 -0.0142881 -0.0311232 0.017977 0.00517344 0.00979007 0.0039439 -0.00955518 0.0211307 0.0191444 0.0290089
internal_weight=45173 1593 1539 1100 439 289 150 960 852 802 424 138 378 316
internal_count=45173 1593 1539 1100 439 289 150 960 852 802 424 138 378 316
is_linear=0
shrinkage=0.05


Tree=119
num_leaves=15
num_cat=0
split_feature=62 57 25 24 25 29 36 47 43 17 3 24 2 40
split_gain=31.8202 42.6052 53.8044 111.653 81.4619 49.613 141.31 64.5275 94.3928 136.42 76.8193 76.2171 65.3037 57.6111
threshold=1353.0000000000002 3.2500000000000004 0.25602900000000012 0.25740000000000013 0.20225000000000004 0.41307000000000005 18.633333333333344 3.5050000000000003 33.550000000000004 0.29285714285714287 85.166666666666671 0.10333333333333333 3.3541666666666674 21.810000000000006
decision_type=2 2 10 10 10 10 10 10 10 10 10 10 10 10
left_child=-1 -2 3 5 -5 7 -7 -3 11 -10 -11 12 -9 -8
right_child=1 2 -4 4 -6 6 13 8 9 10 -12 -13 -14 -15
leaf_value=-0.0028499820891467673 0.0016290187610230095 -0.0006733394336497588 -0.027995486776121622 0.095476579725152208 0.0057132063238393696 0.067619518776309687 0.025501565458160815 -0.011091041403017581 -0.037131742770257208 0.013444291871218456 0.098441507733237441 0.0037141397388927994 -0.033989746546088759 -0.044954398208194309
leaf_weight=8035 27418 7324 198 50 52 93 50 759 57 52 56 428 534 67
leaf_count=8035 27418 7324 198 50 52 93 50 759 57 52 56 428 534 67
internal_value=2.33815e-06 0.000620156 -0.00222299 -0.00168301 0.0502099 -0.0022502 0.0217379 -0.00280102 -0.011048 0.024971 0.0579979 -0.014522 -0.0205769 -0.0146519
internal_weight=45173 37138 9720 9522 102 9420 210 9210 1886 165 108 1721 1293 117
internal_count=45173 37138 9720 9522 102 9420 210 9210 1886 165 108 1721 1293 117
is_linear=0
shrinkage=0.05


Tree=120
num_leaves=15
num_cat=0
split_feature=60 2 1 46 45 61 45 22 22 10 38 32 38 13
split_gain=31.8345 53.9543 60.2533 92.1033 97.1801 103.994 66.1665 63.9127 121.971 49.816 37.1192 36.8115 39.1789 36.6714
threshold=1.5000000000000002 5.8660714285714297 5.366666666666668 6.4600000000000009 6.0833333333333348 73.500000000000014 4.741666666666668 0.067940000000000014 0.033666666666666685 1.0000000180025095e-35 10.410000000000004 0.48316666666666669 10.410000000000004 36.70000000000001
decision_type=2 10 10 10 10 2 10 10 10 10 10 10 10 10
left_child=13 2 3 4 5 6 7 8 9 11 -9 12 -2 -1
right_child=1 -3 -4 -5 -6 -7 -8 10 -10 -11 -12 -13 -14 -15
leaf_value=-0.00024224288500067674 -0.00042531009843478824 0.053304987483554417 -0.047767046720625088 0.061722252975133333 -0.053697043171165686 0.076171168236477863 0.048188390677074894 -0.0062604272813816383 0.059782143133919122 -0.032053800736460393 -0.063336141092853779 0.035517374550030505 0.034488839927341856 -0.040202259265858194
leaf_weight=42933 1315 58 53 71 70 51 81 61 94 104 55 85 85 57
leaf_count=42933 1315 58 53 71 70 51 81 61 94 104 55 85 85 57
internal_value=2.30584e-06 0.00589243 0.00457435 0.00593646 0.00392964 0.00604495 0.00410955 0.00209817 0.00458915 0.0012906 -0.0336925 0.00365267 0.00168818 -0.000296274
internal_weight=45173 2183 2125 2072 2001 1931 1880 1799 1683 1589 116 1485 1400 42990
internal_count=45173 2183 2125 2072 2001 1931 1880 1799 1683 1589 116 1485 1400 42990
is_linear=0
shrinkage=0.05


Tree=121
num_leaves=15
num_cat=0
split_feature=5 3 59 47 40 27 3 3 3 46 45 4 3 5
split_gain=31.1923 36.9537 89.7113 132.432 70.247 62.1645 60.4015 91.3025 150.09 103.198 53.991 89.7081 52.4368 80.9189
threshold=108.05000000000001 115.50000000000001 1087.5000000000002 7.6844444444444457 25.790000000000003 0.17333333333333342 110.83333333333336 105.16666666666667 102.16666666666667 5.6266666666666678 12.81666666666667 85.77500000000002 79.833333333333357 83.118055555555571
decision_type=10 10 2 10 10 10 10 10 10 10 10 10 10 10
left_child=1 6 4 5 -3 -4 7 8 10 -9 12 -12 13 -1
right_child=-2 2 3 -5 -6 -7 -8 9 -10 -11 11 -13 -14 -15
leaf_value=-0.00034557529587243624 -0.037458309826550185 0.015093901297338655 -0.0076131006063456979 0.089227726611685251 -0.066908438247397992 0.049137005028942381 -0.036040467410768051 -0.002794802624105227 -0.074600156186907393 0.098043065466503113 0.016479205468991644 -0.058210847054177256 0.0044547769072685508 -0.025158260428440812
leaf_weight=37913 55 53 151 70 50 70 116 50 67 50 66 100 6031 331
leaf_count=37913 55 53 151 70 50 70 116 50 67 50 66 100 6031 331
internal_value=2.20448e-06 4.88385e-05 0.0152851 0.0295071 -0.0246024 0.0103195 -8.49972e-05 8.34501e-06 -9.85829e-05 0.0476123 1.40124e-05 -0.0284043 0.000121445 -0.000561308
internal_weight=45173 45118 394 291 103 221 44724 44608 44508 100 44441 166 44275 38244
internal_count=45173 45118 394 291 103 221 44724 44608 44508 100 44441 166 44275 38244
is_linear=0
shrinkage=0.05


Tree=122
num_leaves=15
num_cat=0
split_feature=58 31 23 42 13 14 14 29 15 28 44 4 0 31
split_gain=31.2903 100.458 80.3543 91.0678 77.1379 140.528 108.871 213.695 92.7646 72.5808 152.836 97.3381 69.2955 50.9624
threshold=1047.5000000000002 1.7873333333333334 0.33215500000000003 36.416666666666679 15.100000000000001 13.707142857142857 10.316666666666668 0.052002000000000013 1.0000000180025095e-35 0.046000000000000034 5.0500000000000007 72.100000000000009 2.8333333333333335 0.58450000000000013
decision_type=2 10 10 10 8 10 10 10 10 10 10 10 10 10
left_child=1 2 3 4 5 6 7 12 -7 10 -9 13 -1 -11
right_child=-2 -3 -4 -5 -6 8 -8 9 -10 11 -12 -13 -14 -15
leaf_value=-0.0019256011887271885 -0.00040501789456942952 0.059205468963443135 -0.057166989332218789 0.070015937118854329 -0.01751428232335318 0.01406221660990708 -0.029584486370829468 0.0081265409973180196 0.10069728122502566 0.034509827778490369 0.12596544529128278 0.086305617418272043 0.04338502906475749 -0.0014716077793711499
leaf_weight=2361 41220 81 54 51 406 63 230 53 62 189 58 56 87 202
leaf_count=2361 41220 81 54 51 406 63 230 53 62 189 58 56 87 202
internal_value=1.96325e-06 0.00425161 0.00308805 0.00395419 0.003044 0.00553706 0.003515 0.00606037 0.0574624 0.0339689 0.070213 0.0248444 -0.000296556 0.015879
internal_weight=45173 3953 3872 3818 3767 3361 3236 3006 125 558 111 447 2448 391
internal_count=45173 3953 3872 3818 3767 3361 3236 3006 125 558 111 447 2448 391
is_linear=0
shrinkage=0.05


Tree=123
num_leaves=15
num_cat=0
split_feature=43 13 43 61 48 45 45 11 41 4 11 50 42 56
split_gain=31.8426 93.3218 90.8008 66.3716 60.4455 55.6117 101.138 139.392 106.522 96.4782 57.4467 78.1047 69.3171 114.697
threshold=52.100000000000009 24.633333333333336 44.100000000000009 70.500000000000014 2.5833333333333335 12.516666666666667 11.116666666666669 0.23611111111111113 30.675000000000008 85.77500000000002 0.38750000000000007 3.2500000000000004 28.416666666666668 0.53571428571428581
decision_type=10 8 10 2 10 10 10 10 10 10 10 10 10 10
left_child=2 -2 5 -4 -5 6 10 -8 -9 -7 12 -12 -1 -14
right_child=1 -3 3 4 -6 9 7 8 -10 -11 11 -13 13 -15
leaf_value=-5.5596771498736709e-05 -0.010734541048187503 0.058911514988524372 0 -0.086769541828556271 -0.015648528817323371 0.021772522271216455 -0.01227267590728966 0.01213469740401194 0.10665517825033242 -0.061100492574195697 -0.014984377008553949 0.045918702253618757 0.01691495861741452 -0.036019843465752072
leaf_weight=42150 107 86 92 70 54 55 92 51 74 94 972 55 1109 112
leaf_count=42150 107 86 92 70 54 55 92 51 74 94 972 55 1109 112
internal_value=2.16075e-06 0.0202423 -8.43538e-05 -0.0323873 -0.0561855 7.13192e-05 0.00017389 0.0341863 0.068492 -0.0303721 6.70437e-06 -0.0116777 0.000284092 0.0120261
internal_weight=45173 193 44980 216 124 44764 44615 217 125 149 44398 1027 43371 1221
internal_count=45173 193 44980 216 124 44764 44615 217 125 149 44398 1027 43371 1221
is_linear=0
shrinkage=0.05


Tree=124
num_leaves=15
num_cat=0
split_feature=49 43 43 50 9 50 43 42 11 11 3 4 30 30
split_gain=29.7201 73.0143 69.7685 87.695 74.4369 135.432 193.876 155.489 83.3688 78.9132 96.9706 97.0073 136.184 85.0643
threshold=2.3666666666666671 52.100000000000009 45.266666666666673 2.0500000000000003 0.58333333333333337 1.7460317460317463 27.900000000000002 24.833333333333339 0.35416666666666669 0.29285714285714287 78.166666666666671 53.550000000000004 0.26000000000000018 1.3913333333333338
decision_type=10 10 10 10 10 10 10 10 10 10 10 10 10 10
left_child=2 -2 4 -4 8 7 -7 -6 9 -1 11 12 -11 -12
right_child=1 -3 3 -5 5 6 -8 -9 -10 10 13 -13 -14 -15
leaf_value=0.00031222274995907246 -0.0036841589982356095 0.037273363475751019 -0.0038967631250864895 -0.075503437560465611 0.016534630179214069 0.021097273452357318 0.12072272372292721 -0.050525296545583458 -0.021040976858503677 -0.012314700305420721 0.052306450669240862 -0.022792928969568534 0.079871113036500324 0.0017113545352955674
leaf_weight=36172 6770 110 119 67 343 217 63 115 448 90 242 218 71 128
leaf_count=36172 6770 110 119 67 343 217 63 115 448 90 242 218 71 128
internal_value=1.96483e-06 -0.00302302 0.000546141 -0.0299579 0.000696078 0.0164164 0.0437774 -0.000285772 0.000384733 0.000645671 0.0167048 -0.00101173 0.0283053 0.0348967
internal_weight=45173 6880 38293 186 38107 738 280 458 37369 36921 749 379 161 370
internal_count=45173 6880 38293 186 38107 738 280 458 37369 36921 749 379 161 370
is_linear=0
shrinkage=0.05


Tree=125
num_leaves=15
num_cat=0
split_feature=57 0 62 22 11 15 12 43 43 43 43 48 62 26
split_gain=29.1351 53.9936 47.6997 89.3207 72.2781 48.6336 96.5432 134.768 176.608 94.5873 232.283 126.31 123.059 173.327
threshold=4.7500000000000009 4.8333333333333348 4676991.0000000009 0.58100000000000018 0.31666666666666671 0.41666666666666669 31.416666666666668 31.450000000000003 40.500000000000007 27.100000000000005 26.700000000000006 0.83333333333333337 1945740.0000000002 0.22200000000000003
decision_type=2 10 2 8 10 10 10 10 10 10 10 10 2 8
left_child=2 -2 5 4 -4 9 7 -7 -9 10 12 -11 -1 -14
right_child=1 -3 3 -5 -6 6 -8 8 -10 11 -12 -13 13 -15
leaf_value=-4.3583658013944526e-05 -0.0026335113785386994 -0.0271357551661442 0.042196001600375219 0.082650972253615326 -0.038115390354918469 0.0047708385035330099 -0.039905012478915661 0.075954571492396872 -0.0030779781064998557 0.029719679071926155 0.10162910166303669 -0.019111079897214334 0.012686337624604886 0.11905913663898955
leaf_weight=37439 3540 240 56 50 55 1847 102 162 124 149 56 1141 162 50
leaf_count=37439 3540 240 56 50 55 1847 102 162 124 149 56 1141 162 50
internal_value=1.94411e-06 -0.00419921 0.000386242 0.027508 0.00218538 0.0002794 0.0074517 0.00973683 0.0416559 -0.000131108 0.00032379 -0.0134422 0.000171103 0.038113
internal_weight=45173 3780 41393 161 111 41232 2235 2133 286 38997 37707 1290 37651 212
internal_count=45173 3780 41393 161 111 41232 2235 2133 286 38997 37707 1290 37651 212
is_linear=0
shrinkage=0.05


Tree=126
num_leaves=15
num_cat=0
split_feature=13 61 37 46 5 23 23 49 12 13 14 41 12 45
split_gain=29.9866 46.1457 155.933 93.69 159.465 152.661 92.9477 92.6724 70.1085 64.333 49.4892 50.3608 61.9507 49.8572
threshold=36.100000000000009 97.500000000000014 43.746666666666677 7.2266666666666675 55.612500000000004 0.13340166666666672 0.44050000000000006 2.7750000000000004 23.166666666666668 17.225000000000005 27.050000000000004 46.120000000000012 21.166666666666668 12.383333333333335
decision_type=10 2 8 10 10 10 10 10 10 10 10 10 10 10
left_child=1 10 3 4 -3 -6 7 8 9 -5 11 13 -13 -1
right_child=-2 2 -4 6 5 -7 -8 -9 -10 -11 -12 12 -14 -15
leaf_value=-2.8479245124722891e-05 -0.032815015991385893 -0.022716393843767752 0.098269883270310887 -0.030003576615452766 0.118504802947519 0.0039636937701808556 0.048120956777461942 0.02590627829118293 0.00062837745739608754 -0.10486139473134437 -0.032951971108712029 -0.0050049506060711978 0.067880887331918258 -0.029861412315672509
leaf_weight=44196 69 78 50 62 67 52 52 64 58 56 114 55 60 140
leaf_count=44196 69 78 50 62 67 52 52 64 58 56 114 55 60 140
internal_value=2.0343e-06 5.31552e-05 0.0145889 0.0058899 0.0325262 0.0688884 -0.0120199 -0.0252273 -0.0439838 -0.0660328 -0.000122251 -3.71234e-05 0.0329352 -0.000123582
internal_weight=45173 45104 539 489 197 119 292 240 176 118 44565 44451 115 44336
internal_count=45173 45104 539 489 197 119 292 240 176 118 44565 44451 115 44336
is_linear=0
shrinkage=0.05


Tree=127
num_leaves=15
num_cat=0
split_feature=61 58 58 1 61 12 43 3 4 57 48 49 22 22
split_gain=29.2976 78.3565 78.9721 86.5119 32.0345 68.7909 54.6884 54.6439 44.8862 40.0901 51.0199 71.3956 93.8198 164.351
threshold=28.000000000000004 1163.7500000000002 1088.7500000000002 5.9000000000000012 46.500000000000007 9.8333333333333339 16.100000000000005 79.833333333333357 85.225000000000009 2.7500000000000004 3.5000000000000004 2.3666666666666671 0.54100000000000015 0.22620000000000004
decision_type=2 2 2 10 2 8 10 10 10 2 8 10 8 10
left_child=1 2 -1 -4 5 6 7 -2 -9 10 11 -6 13 -13
right_child=4 -3 3 -5 9 -7 -8 8 -10 -11 -12 12 -14 -15
leaf_value=0.048147904842607378 -0.0014587521989736874 0.05572940259310552 0.012656815108204387 -0.060241133968035376 0.0036785226173141304 -0.013007013778238055 0.044278831033498278 0.067831900061189554 0.0048434447127444144 -0.00076786018433355155 0.017134199662144852 -0.0052203868118230971 0.042187537760131781 -0.06124001605519417
leaf_weight=61 13629 86 95 70 10839 1293 66 51 65 16756 603 1326 88 145
leaf_count=61 13629 86 95 70 10839 1293 66 51 65 16756 603 1326 88 145
internal_value=1.9354e-06 0.0152589 -0.000119991 -0.0182071 -0.000103786 -0.00197964 -0.000945005 -0.00116558 0.0329235 0.000847535 0.00293137 0.00223791 -0.00775997 -0.0107783
internal_weight=45173 312 226 165 44861 15104 13811 13745 116 29757 13001 12398 1559 1471
internal_count=45173 312 226 165 44861 15104 13811 13745 116 29757 13001 12398 1559 1471
is_linear=0
shrinkage=0.05


Tree=128
num_leaves=15
num_cat=0
split_feature=43 30 36 1 1 43 43 61 59 2 43 37 22 61
split_gain=28.5551 82.6839 175.598 77.7937 65.629 114.928 105.835 66.4467 57.4704 50.6044 45.9767 69.4248 75.7199 58.9262
threshold=52.100000000000009 0.88416666666666688 30.866666666666671 9.7000000000000011 8.7083333333333339 33.550000000000004 44.100000000000009 70.500000000000014 1157.5000000000002 5.6833333333333345 38.63333333333334 34.220000000000006 0.33400000000000013 70.500000000000014
decision_type=10 10 10 10 10 10 10 2 2 10 10 10 10 2
left_child=3 2 -2 4 6 -6 10 -8 -5 -9 -1 12 13 -12
right_child=1 -3 -4 8 5 -7 7 9 -10 -11 11 -13 -14 -15
leaf_value=-3.7938503768196376e-05 0.064269882226128047 0.072047133713897551 -0.04870438488897371 -0.080768901572644144 -0.012436400736882309 0.090987034136795 -0.0017691222445064823 -0.026622637677756907 -0.0066601722761317414 -0.096833105760349619 0.041730167938536303 -0.028450172977231514 0.084794114046805619 -0.023430898186305296
leaf_weight=44335 59 53 81 51 53 53 75 51 55 55 86 54 55 57
leaf_count=44335 59 53 81 51 53 53 75 51 55 55 86 54 55 57
internal_value=1.97949e-06 0.0191688 -0.000856579 -7.9918e-05 2.08244e-05 0.039225 -7.18803e-05 -0.0381756 -0.0427628 -0.0635709 8.26666e-05 0.0213581 0.0351056 0.0155915
internal_weight=45173 193 140 44980 44874 106 44768 181 106 106 44587 252 198 143
internal_count=45173 193 140 44980 44874 106 44768 181 106 106 44587 252 198 143
is_linear=0
shrinkage=0.05


Tree=129
num_leaves=15
num_cat=0
split_feature=60 14 14 1 5 15 29 2 45 46 12 62 12 42
split_gain=28.5432 52.1378 56.4412 50.1205 82.5983 103.736 95.358 73.0065 55.1594 144.279 103.949 121.481 76.0278 49.7903
threshold=1.5000000000000002 33.050000000000004 28.950000000000003 6.7750000000000012 89.414285714285725 0.41666666666666669 0.035091500000000012 3.5857142857142863 6.7666666666666684 4.9450000000000012 9.1666666666666696 290871.50000000006 14.16666666666667 55.166666666666679
decision_type=2 10 10 10 10 10 10 10 10 10 10 2 10 10
left_child=1 2 13 4 5 8 -7 -6 9 10 11 -2 -12 -1
right_child=3 -3 -4 -5 7 6 -8 -9 -10 -11 12 -13 -14 -15
leaf_value=-0.00018557078483034134 0.0036165089470186085 -0.042074482404195625 0.038804899415857082 0.054856634021985651 0.0041934821545598503 0.0048646300500171762 0.098407922413038182 -0.078197404346219065 -0.043411317851175281 0.070945435857273031 -0.053559594296853807 0.069904828446692435 0.015167967846779071 -0.027582806401379834
leaf_weight=42658 1518 74 92 50 51 53 57 55 59 80 131 72 57 166
leaf_count=42658 1518 74 92 50 51 53 57 55 59 80 131 72 57 166
internal_value=1.73004e-06 -0.000280964 -0.000207828 0.0055791 0.00439967 0.00666372 0.0537893 -0.0384882 0.00393323 0.00546137 0.00248178 0.00665499 -0.0326044 -0.000292676
internal_weight=45173 42990 42916 2183 2133 2027 110 106 1917 1858 1778 1590 188 42824
internal_count=45173 42990 42916 2183 2133 2027 110 106 1917 1858 1778 1590 188 42824
is_linear=0
shrinkage=0.05


Tree=130
num_leaves=15
num_cat=0
split_feature=31 51 37 32 37 25 58 30 27 62 13 8 23 26
split_gain=29.1575 70.4295 78.3607 41.0034 98.089 122.669 112.805 96.6145 78.2329 71.3472 78.9042 114.178 60.2732 101.199
threshold=2.2167500000000007 2.8333333333333335 17.045000000000005 1.277638888888889 19.690000000000005 0.15024600000000005 1052.5000000000002 2.058333333333334 0.19000000000000009 2854117.0000000005 20.100000000000005 0.2678571428571429 0.47875000000000006 0.20316666666666669
decision_type=10 10 10 10 10 10 2 10 10 2 10 10 10 10
left_child=3 2 -2 7 -5 -6 -7 12 -9 10 -8 -12 -1 -14
right_child=1 -3 -4 4 5 6 9 8 -10 -11 11 -13 13 -15
leaf_value=4.6176059128757981e-05 0.0037631410935595223 -0.021385232022884393 0.072926975070845848 0.00076722751261748784 -0.03655606186211699 0.05833319512148985 -0.050847810255056559 0.006184522141801551 0.083615927451848981 0.02719590599582495 0.045428525278932298 -0.043007702656559177 0.075211208505912674 -0.0090267825344987739
leaf_weight=41932 90 79 76 1796 486 69 136 70 62 91 74 71 70 71
leaf_count=41932 90 79 76 1796 486 69 136 70 62 91 74 71 70 71
internal_value=1.76298e-06 0.0171868 0.0357026 -9.15836e-05 -0.00603817 -0.0192434 -8.78126e-05 0.000291556 0.0429208 -0.0110548 -0.0235572 0.00195446 0.000156708 0.0327348
internal_weight=45173 245 166 44928 2723 927 441 42205 132 372 281 145 42073 141
internal_count=45173 245 166 44928 2723 927 441 42205 132 372 281 145 42073 141
is_linear=0
shrinkage=0.05


Tree=131
num_leaves=15
num_cat=0
split_feature=61 53 58 58 1 2 6 11 37 3 16 26 11 43
split_gain=27.158 77.1458 114.892 103.143 72.6021 30.2159 99.2533 91.1008 103.995 77.8597 92.7374 66.6625 71.2996 64.0017
threshold=28.000000000000004 2.0500000000000003 1163.7500000000002 1088.7500000000002 5.9000000000000012 6.4142857142857155 0.83333333333333337 0.47222222222222227 40.020000000000003 79.166666666666671 0.55000000000000016 0.3513392857142858 0.35416666666666669 34.708333333333336
decision_type=2 10 2 2 10 10 10 10 10 10 10 10 10 10
left_child=1 2 3 -1 -5 11 9 8 -8 -7 13 -2 -13 -11
right_child=5 -3 -4 4 -6 6 7 -9 -10 10 -12 12 -14 -15
leaf_value=0.06423302021054994 -4.7366034385200816e-05 -0.040456339291163851 0.07836349878535176 0.018653340850557601 -0.054537082175268752 -0.071870071815867576 0.052836555459545659 0.071708199313474358 -0.035610807691028416 -0.011467064899263199 0.022233865771923909 -0.00068945141093244833 0.082638587575811565 -0.072840260825797809
leaf_weight=52 44204 52 74 66 68 77 51 54 93 104 104 51 50 73
leaf_count=52 44204 52 74 66 68 77 51 54 93 104 104 51 50 73
internal_value=1.90318e-06 0.0146912 0.0258732 0.00470183 -0.0183669 -9.98638e-05 -0.0116783 0.0166225 -0.00403826 -0.0274018 -0.0150218 4.50046e-05 0.0405196 -0.0370539
internal_weight=45173 312 260 186 134 44861 556 198 144 358 281 44305 101 177
internal_count=45173 312 260 186 134 44861 556 198 144 358 281 44305 101 177
is_linear=0
shrinkage=0.05


Tree=132
num_leaves=15
num_cat=0
split_feature=52 17 36 46 41 21 36 47 14 3 11 30 40 62
split_gain=27.2832 63.0477 101.899 90.4453 83.0163 98.6086 118.135 109.809 63.9266 140.675 92.945 112.125 82.6901 77.1776
threshold=0.22500000000000003 0.58571428571428574 32.63333333333334 6.9600000000000009 10.825000000000005 0.089550000000000005 17.300000000000008 4.5950000000000015 22.050000000000004 116.16666666666667 0.43650793650793657 0.8674833333333335 30.390000000000004 4676991.0000000009
decision_type=8 10 10 10 10 10 10 10 10 10 10 10 10 2
left_child=-1 8 3 4 -3 6 7 -6 13 10 12 -12 -10 -2
right_child=1 2 -4 -5 5 -7 -8 -9 9 -11 11 -13 -14 -15
leaf_value=-0.011389972945483433 0.0001048909965538941 -0.02922511380392967 0.062840227851301278 -0.030155819470557989 0.03527949724832307 -0.023934379603388241 -0.0038007345256618171 0.13572755732120725 -0.014507149636470072 0.059182538601577794 -0.025688822668255409 0.049553578603215992 -0.057873202535644867 0.061351151509409389
leaf_weight=519 43400 61 100 118 57 51 56 54 243 58 115 86 204 51
leaf_count=519 43400 61 100 118 57 51 56 54 243 58 115 86 204 51
internal_value=1.80975e-06 0.000134899 0.0178352 0.0063712 0.0219357 0.0363998 0.0549909 0.0847598 -6.39563e-05 -0.0149838 -0.0217012 0.00642345 -0.0343968 0.000178058
internal_weight=45173 44654 497 397 279 218 167 111 44157 706 648 201 447 43451
internal_count=45173 44654 497 397 279 218 167 111 44157 706 648 201 447 43451
is_linear=0
shrinkage=0.05


Tree=133
num_leaves=15
num_cat=0
split_feature=12 12 14 12 10 1 44 15 43 61 17 13 45 50
split_gain=27.7689 54.5521 132.304 56.9132 71.6261 53.9845 75.011 47.7413 91.2102 186.065 132.143 129.388 77.8661 81.1407
threshold=40.500000000000007 35.500000000000007 22.950000000000003 29.833333333333339 1.0000000180025095e-35 5.9000000000000012 32.050000000000004 0.41666666666666669 31.450000000000003 70.500000000000014 0.41428571428571431 19.633333333333336 3.6333333333333342 2.5777777777777779
decision_type=10 10 10 10 10 10 10 10 10 2 10 10 10 10
left_child=1 3 -3 7 -5 -6 -7 -1 12 10 -10 -11 -9 -14
right_child=-2 2 -4 4 5 6 -8 8 9 11 -12 -13 13 -15
leaf_value=-0.00028641059627348921 -0.034423904668571606 -0.023605647380677386 0.08166125001570651 -0.072516947129498355 0.034480115558419913 -0.049293756945697584 0.021759882938602697 0.017129498809058397 0.12256444499213646 -0.045966464634669031 0.027650821599055009 0.039039946098436307 -0.0085488649550626451 0.028544378086084427
leaf_weight=42404 58 54 65 57 52 103 57 658 70 88 79 90 1170 168
leaf_count=42404 58 54 65 57 52 103 57 658 70 88 79 90 1170 168
internal_value=1.77873e-06 4.69717e-05 0.033785 -4.20734e-05 -0.0229508 -0.00936708 -0.0238362 9.54016e-05 0.00707432 0.0315393 0.0726691 -0.00285668 0.00304686 -0.00386382
internal_weight=45173 45115 119 44996 269 212 160 44727 2323 327 149 178 1996 1338
internal_count=45173 45115 119 44996 269 212 160 44727 2323 327 149 178 1996 1338
is_linear=0
shrinkage=0.05


Tree=134
num_leaves=15
num_cat=0
split_feature=13 1 43 30 43 21 41 9 9 47 5 10 38 11
split_gain=27.9896 46.0896 111.835 57.2827 51.6413 54.3372 58.9039 57.7384 43.2559 79.4526 175.529 128.831 126.145 73.2732
threshold=36.100000000000009 8.7083333333333339 34.708333333333336 0.42926666666666674 44.100000000000009 0.55833333333333346 23.005000000000003 1.0000000180025095e-35 0.41666666666666669 7.2707142857142868 87.050000000000011 0.63333333333333341 26.245000000000005 0.35416666666666669
decision_type=10 10 10 10 10 10 10 10 10 8 10 10 10 10
left_child=1 4 -3 -4 8 6 -6 -8 13 11 12 -10 -11 -1
right_child=-2 2 3 -5 5 -7 7 -9 9 10 -12 -13 -14 -15
leaf_value=6.1097844439027195e-05 -0.031703660701461835 -0.014483310792867729 0.095255414201555977 0.022841192576095088 -0.036946730362051546 -0.066957321729333635 0.047419476122936101 -0.017726531200456305 0.0090967433324129383 0.11200535723759282 -0.010567267810392716 -0.049558546658345436 0.026409446597284642 -0.018231326989807287
leaf_weight=42884 69 102 53 59 116 52 61 75 723 77 141 107 100 554
leaf_count=42884 69 102 53 59 116 52 61 75 723 77 141 107 100 554
internal_value=1.76628e-06 5.11743e-05 0.0231733 0.0576019 -5.87537e-05 -0.02058 -0.0107974 0.0113769 8.08345e-05 0.0096589 0.0308926 0.00147977 0.0639975 -0.000171832
internal_weight=45173 45104 214 112 44890 304 252 136 44586 1148 318 830 177 43438
internal_count=45173 45104 214 112 44890 304 252 136 44586 1148 318 830 177 43438
is_linear=0
shrinkage=0.05


Tree=135
num_leaves=15
num_cat=0
split_feature=48 62 27 30 31 14 27 27 14 12 9 45 50 17
split_gain=27.5757 74.4763 137.873 59.8075 125.338 64.1817 120.549 59.6626 59.5938 67.9459 57.026 100.028 128.48 117.249
threshold=2.5833333333333335 4676991.0000000009 0.80493333333333339 1.7441666666666669 1.5141500000000001 24.527777777777782 0.64762666666666668 0.26693000000000006 22.950000000000003 31.833333333333339 0.41666666666666669 9.8833333333333346 2.3666666666666671 0.47222222222222227
decision_type=10 2 10 10 10 10 10 10 10 10 10 10 10 10
left_child=10 2 3 5 -5 6 8 -6 9 -2 11 -1 13 -13
right_child=1 -3 -4 4 7 -7 -8 -9 -10 -11 -12 12 -14 -15
leaf_value=0.00049036346233463158 -0.0035998614558213969 0.046967654386345224 -0.069498962402391215 0.09152871642297912 0.034393130858575018 -0.041766227898509825 0.070384930154761757 -0.034715852341361979 0.048372678157933266 -0.06024380937636456 0.01377776383357681 -0.026575192070783373 -0.091191117934943222 0.048695320973363453
leaf_weight=37617 5768 73 78 51 60 108 55 64 54 53 792 276 61 63
leaf_count=37617 5768 73 78 51 60 108 55 64 54 53 792 276 61 63
internal_value=1.65967e-06 -0.00304832 -0.00363636 -0.00279995 0.0259564 -0.00363961 -0.00293756 -0.00107139 -0.00363416 -0.00412503 0.00050248 0.000225083 -0.0246296 -0.0124621
internal_weight=45173 6364 6291 6213 175 6038 5930 124 5875 5821 38809 38017 400 339
internal_count=45173 6364 6291 6213 175 6038 5930 124 5875 5821 38809 38017 400 339
is_linear=0
shrinkage=0.05


Tree=136
num_leaves=15
num_cat=0
split_feature=31 51 38 32 38 30 46 25 58 62 47 22 28 23
split_gain=26.618 64.3227 67.3603 36.1381 87.8773 86.0989 84.8182 82.8372 98.7414 78.8593 98.7491 182.919 71.407 85.9046
threshold=2.2167500000000007 2.8333333333333335 19.36333333333334 1.277638888888889 16.91714285714286 2.058333333333334 5.0225000000000017 0.17844800000000005 1052.5000000000002 322089.50000000006 4.470714285714287 0.23550000000000001 0.47600000000000009 0.33215500000000003
decision_type=10 10 10 10 10 10 10 10 2 2 10 10 10 10
left_child=3 2 -2 5 9 -1 -7 12 -9 -5 -11 -12 13 -6
right_child=1 -3 -4 4 7 6 -8 8 -10 10 11 -13 -14 -15
leaf_value=0.00014475251298692044 0.011917982270145207 -0.020431938837721667 0.08043089499261892 -0.0017444371273849586 -0.023663703347357352 0.0087267517275882497 0.091549139941977997 0.059939144974819919 -0.0076542302526443704 -0.014072906076218243 0.12033580748773204 -0.0072311722465510514 -0.064306017301096849 0.043157562222874285
leaf_weight=42073 113 79 53 1309 690 82 50 64 331 67 61 51 99 51
leaf_count=42073 113 79 53 1309 690 82 50 64 331 67 61 51 99 51
internal_value=1.59163e-06 0.0164212 0.0341186 -8.75726e-05 -0.00567025 0.000272084 0.0405146 -0.0155297 0.00329633 0.00249848 0.033584 0.0622511 -0.0244088 -0.019005
internal_weight=45173 245 166 44928 2723 42205 132 1235 395 1488 179 112 840 741
internal_count=45173 245 166 44928 2723 42205 132 1235 395 1488 179 112 840 741
is_linear=0
shrinkage=0.05


Tree=137
num_leaves=15
num_cat=0
split_feature=62 57 28 44 38 29 39 28 40 41 40 3 53 4
split_gain=25.8732 36.1442 60.3861 47.4447 44.1335 49.1569 153.72 93.8717 58.8932 64.8817 86.5386 75.1264 62.4829 40.751
threshold=1353.0000000000002 3.2500000000000004 0.81200000000000017 42.050000000000004 34.165714285714294 0.41307000000000005 16.916666666666675 0.47600000000000009 40.880000000000003 18.345000000000002 21.810000000000006 77.833333333333357 0.77500000000000013 84.90000000000002
decision_type=2 2 10 10 10 10 10 10 10 10 10 10 10 10
left_child=-1 -2 3 4 5 8 -7 -8 9 10 -3 -11 -13 -14
right_child=1 2 -4 -5 -6 6 7 -9 -10 11 -12 12 13 -15
leaf_value=-0.0025702839619836035 0.0014880889916604374 -0.0018669455157910638 -0.054558486142836586 0.041643071720004088 -0.047350813706936404 0.08264877388240599 0.042337066416901756 -0.032686247252295374 0.050919939042295075 -0.033850198675060901 0.045270208962885715 0.047323152377644437 0.0092803347019937889 -0.020513776300421185
leaf_weight=8035 27418 8268 54 62 53 70 66 111 51 343 98 53 180 311
leaf_count=8035 27418 8268 54 62 53 70 66 111 51 343 98 53 180 311
internal_value=1.6654e-06 0.00055882 -0.00205981 -0.00176113 -0.00204609 -0.0017896 0.0201925 -0.00453015 -0.00237692 -0.00267611 -0.00130912 -0.0155332 -0.00391763 -0.0095421
internal_weight=45173 37138 9720 9666 9604 9551 247 177 9304 9253 8366 887 544 491
internal_count=45173 37138 9720 9666 9604 9551 247 177 9304 9253 8366 887 544 491
is_linear=0
shrinkage=0.05


Tree=138
num_leaves=15
num_cat=0
split_feature=61 0 62 51 61 29 43 30 57 28 12 37 62 46
split_gain=24.9846 75.0386 101.842 73.3061 28.2777 65.4516 58.6802 35.6314 34.8985 54.3536 51.5373 58.9472 187.588 101.264
threshold=28.000000000000004 1.8333333333333337 57029.500000000007 1.1666666666666667 46.500000000000007 0.16001800000000005 16.100000000000005 1.2382500000000005 3.2500000000000004 0.81200000000000017 1.0000000180025095e-35 6.2900000000000018 726976.50000000012 1.5291666666666668
decision_type=2 10 2 10 2 8 10 10 2 10 8 10 2 10
left_child=1 -1 3 -3 5 6 -2 -7 10 -10 -6 12 -12 -14
right_child=4 2 -4 -5 8 7 -8 -9 9 -11 11 -13 13 -15
leaf_value=0.06626242916140937 -0.0014084797261993166 0.022154148455822108 0.062525423743703346 -0.039023203804901957 -0.00196534725581119 -0.013207652271534141 0.037114846547043251 -0.052210700489182506 -0.001727082492910256 -0.051855588369413258 0.0060693941894905679 0.0010503499653852573 0.029143343865871432 0.1210767293366648
leaf_weight=56 14324 82 55 119 6386 616 99 65 7711 54 5514 9967 73 52
leaf_count=56 14324 82 55 119 6386 616 99 65 7711 54 5514 9967 73 52
internal_value=1.65271e-06 0.014091 0.0024741 -0.0139482 -9.59347e-05 -0.0018584 -0.00114104 -0.0170027 0.000797829 -0.00208223 0.00181589 0.00336479 0.0074507 0.0679168
internal_weight=45173 312 256 201 44861 15104 14423 681 29757 7765 21992 15606 5639 125
internal_count=45173 312 256 201 44861 15104 14423 681 29757 7765 21992 15606 5639 125
is_linear=0
shrinkage=0.05


Tree=139
num_leaves=15
num_cat=0
split_feature=60 28 8 61 37 1 49 12 1 12 37 30 14 14
split_gain=26.2075 49.5262 93.6171 103.266 48.2894 173.675 104.396 53.9475 91.1295 66.2362 155.796 55.5587 46.7334 53.9913
threshold=1.5000000000000002 0.49775000000000003 0.38750000000000007 77.500000000000014 22.540000000000006 3.5500000000000003 1.5500000000000003 14.16666666666667 1.9000000000000001 9.1666666666666696 6.8900000000000015 0.30706666666666677 33.050000000000004 28.950000000000003
decision_type=2 10 10 2 10 10 10 10 10 10 10 10 10 10
left_child=12 2 3 4 5 7 -7 8 9 10 11 -2 13 -1
right_child=1 -3 -4 -5 -6 6 -8 -9 -10 -11 -12 -13 -14 -15
leaf_value=-0.00028291177309272439 -0.00056512307657091644 0.053363798097485593 -0.058189900615849555 0.07517992809414864 -0.036205662505610005 0.013295069582832671 0.11154757708999791 0.043033500025474951 -0.031863115469960478 -0.044231626168540164 0.06650994061422881 0.03992657288857504 -0.039837508368612135 0.037956687003072052
leaf_weight=42824 1310 52 58 52 71 51 59 76 197 67 100 90 74 92
leaf_count=42824 1310 52 58 52 71 51 59 76 197 67 100 90 74 92
internal_value=1.67189e-06 0.005346 0.00415031 0.00592018 0.00410762 0.00559715 0.0664867 0.00192636 0.000129447 0.00417632 0.00636922 0.00203339 -0.000269186 -0.000199913
internal_weight=45173 2183 2131 2073 2021 1950 110 1840 1764 1567 1500 1400 42990 42916
internal_count=45173 2183 2131 2073 2021 1950 110 1840 1764 1567 1500 1400 42990 42916
is_linear=0
shrinkage=0.05


Tree=140
num_leaves=15
num_cat=0
split_feature=6 2 36 11 58 58 46 56 53 55 26 41 62 11
split_gain=24.824 74.7363 72.3284 103.271 68.4515 93.2586 114.957 106.534 143.242 63.6433 58.2616 76.4643 55.8485 164.354
threshold=0.83333333333333337 6.4142857142857155 38.70000000000001 0.47222222222222227 1187.5000000000002 1083.7500000000002 9.6900000000000031 0.29285714285714287 1.2928571428571431 0.55000000000000016 0.18699050000000003 22.675000000000001 1945740.0000000002 0.5277777777777779
decision_type=10 10 10 10 2 2 10 10 10 10 10 10 2 8
left_child=1 12 -2 10 5 6 -3 -7 9 -9 11 -4 -1 -14
right_child=2 4 3 -5 -6 7 -8 8 -10 -11 -12 -13 13 -15
leaf_value=-8.485067295360517e-05 0.056125529756879101 0.046119740522707148 -0.018092103023236723 0.064286868314485296 0.020404119027315537 -0.098813828737508491 -0.050165061106284464 -0.095166262306950314 0.031295944359019508 -0.023797455647566024 -0.054756046904641024 0.046615428995085133 0.0070143837730089822 0.10233781411506163
leaf_weight=43798 76 75 150 55 86 69 52 60 69 68 58 65 442 50
leaf_count=43798 76 75 150 55 86 69 52 60 69 68 58 65 442 50
internal_value=1.71539e-06 -0.000109142 0.0123331 0.00204 -0.0197432 -0.0286069 0.00645784 -0.0454228 -0.026393 -0.0576863 -0.0105038 0.0014174 0.000102857 0.0168465
internal_weight=45173 44769 404 328 479 393 127 266 197 128 273 215 44290 492
internal_count=45173 44769 404 328 479 393 127 266 197 128 273 215 44290 492
is_linear=0
shrinkage=0.05


Tree=141
num_leaves=15
num_cat=0
split_feature=52 43 47 27 14 14 46 42 42 46 43 16 9 45
split_gain=25.605 44.648 67.5811 81.7647 49.9132 53.0188 42.3863 40.514 56.289 56.2407 49.3696 49.7687 38.6221 90.1808
threshold=0.22500000000000003 56.675000000000004 12.160000000000002 1.0183333333333338 26.550000000000004 28.950000000000003 13.690000000000003 54.833333333333336 52.166666666666679 11.570000000000002 45.266666666666673 0.90000000000000013 0.58333333333333337 10.483333333333336
decision_type=8 10 10 10 10 10 10 10 10 10 10 10 10 10
left_child=-1 2 3 4 7 -6 -3 8 9 10 11 12 -2 -14
right_child=1 6 -4 -5 5 -7 -8 -9 -10 -11 -12 -13 13 -15
leaf_value=-0.011034202028049786 -0.0001293852655424772 0.0037590578212651593 -0.046301518451825834 0.062493522521995359 -0.057107304792352924 0.002398370713629621 0.064959162041472576 -0.03093905364604373 0.05247326571340627 0.045773140056817624 -0.036391544269548881 0.037012217902639484 0.0041698536264177565 0.050011628406996633
leaf_weight=519 42853 65 78 52 78 70 51 104 51 67 92 91 880 122
leaf_count=519 42853 65 78 52 78 70 51 104 51 67 92 91 880 122
internal_value=1.64804e-06 0.000130596 4.91732e-05 0.000131572 5.72832e-05 -0.0288811 0.0310439 0.000154939 0.00022909 0.000167518 9.70462e-05 0.000174416 9.6986e-05 0.00979848
internal_weight=45173 44654 44538 44460 44408 148 116 44260 44156 44105 44038 43946 43855 1002
internal_count=45173 44654 44538 44460 44408 148 116 44260 44156 44105 44038 43946 43855 1002
is_linear=0
shrinkage=0.05


Tree=142
num_leaves=15
num_cat=0
split_feature=48 62 27 24 2 46 41 26 32 45 0 1 1 4
split_gain=25.6571 64.4814 120.706 70.9796 55.4383 175.023 108.747 69.4956 110.71 65.4422 60.2106 53.6602 100.609 87.8773
threshold=2.5833333333333335 4676991.0000000009 0.80493333333333339 0.40166666666666678 4.6833333333333345 7.8900000000000015 24.273888888888894 0.065004500000000034 0.72225000000000017 7.5000000000000027 5.166666666666667 6.9000000000000012 6.1000000000000005 86.90000000000002
decision_type=10 2 10 10 8 10 10 10 10 8 8 10 10 10
left_child=11 2 3 4 5 -2 -7 10 -9 -10 -6 12 -1 -13
right_child=1 -3 -4 -5 7 6 -8 8 9 -11 -12 13 -14 -15
leaf_value=0.00052107084737647237 -0.0027130589107280632 0.043596347203465551 -0.065114859982755541 0.050720578593360946 0.038529101103768316 0.0082135910444920603 0.11054754737965965 -0.098335648264385705 0.023925108523616772 -0.040764148179027772 -0.012172912815537479 0.039336494848751659 -0.027653401103949232 -0.0054786030743583791
leaf_weight=38054 5270 73 78 61 66 50 55 58 59 112 482 228 319 208
leaf_count=38054 5270 73 78 61 66 50 55 58 59 112 482 228 319 208
internal_value=1.69911e-06 -0.00294024 -0.00348764 -0.00270475 -0.00324263 -0.00143224 0.0623239 -0.0157251 -0.0388456 -0.018294 -0.00599133 0.000484802 0.000285844 0.0179178
internal_weight=45173 6364 6291 6213 6152 5375 105 777 229 171 548 38809 38373 436
internal_count=45173 6364 6291 6213 6152 5375 105 777 229 171 548 38809 38373 436
is_linear=0
shrinkage=0.05


Tree=143
num_leaves=15
num_cat=0
split_feature=13 61 37 4 58 51 54 4 58 45 59 42 36 38
split_gain=25.2819 39.6997 127.941 82.7954 102.88 142.753 98.9575 167.723 96.1841 40.7547 66.3423 50.9585 45.9274 97.1132
threshold=36.100000000000009 97.500000000000014 43.746666666666677 86.63333333333334 1097.5000000000002 0.83333333333333337 1.0000000180025095e-35 71.90000000000002 1136.2500000000002 12.383333333333335 1108.7500000000002 49.500000000000007 33.083333333333343 34.165714285714294
decision_type=10 2 8 10 2 10 10 10 2 10 2 10 10 10
left_child=1 9 3 4 5 -3 -6 -8 -5 12 -11 -12 13 -1
right_child=-2 2 -4 8 6 -7 7 -9 -10 10 11 -13 -14 -15
leaf_value=-0.00013745196698069918 -0.030131202307697252 0.12070539563406008 0.089334968226675943 -0.055006075148016975 0.055348707230623108 0.002730081837092127 -0.060371280824526766 0.04605287982291785 0.020605045828182681 -0.063039306280789562 -0.0338174704305765 0.031339300014386492 0.011905011007762981 -0.058869685599223731
leaf_weight=43516 69 51 50 97 60 52 97 59 73 67 59 60 793 70
leaf_count=43516 69 51 50 97 60 52 97 59 73 67 59 60 793 70
internal_value=1.64911e-06 4.86341e-05 0.013531 0.00564572 0.0206955 0.0616875 0.000935535 -0.0199428 -0.0224259 -0.00011402 -0.0234384 -0.000762442 -1.54376e-05 -0.000233025
internal_weight=45173 45104 539 489 319 103 216 156 170 44565 186 119 44379 43586
internal_count=45173 45104 539 489 319 103 216 156 170 44565 186 119 44379 43586
is_linear=0
shrinkage=0.05


Tree=144
num_leaves=15
num_cat=0
split_feature=31 51 37 32 37 62 21 31 39 32 21 52 23 31
split_gain=24.6264 57.0886 68.6704 32.5348 78.6832 96.4898 94.2461 92.4705 77.4874 100.513 62.5259 65.2315 59.7733 79.7117
threshold=2.2167500000000007 2.8333333333333335 17.045000000000005 1.277638888888889 19.690000000000005 1945740.0000000002 0.21416666666666673 1.5242800000000003 24.116666666666674 1.4105000000000003 0.09993333333333336 1.5500000000000003 0.47875000000000006 1.0897500000000002
decision_type=10 10 10 10 10 2 10 10 10 10 10 10 10 10
left_child=3 2 -2 12 -5 8 -7 -8 -6 -10 -11 -12 -1 -14
right_child=1 -3 -4 4 5 6 7 -9 9 10 11 -13 13 -15
leaf_value=0.00014544101679273482 0.0025610526421657913 -0.018911868837550753 0.067312355704751678 0.00071256853863449173 -0.038617864761703036 0.074213337035167345 0.037848364485670694 -0.05063830655960997 -0.04913827958830435 0.057870175689458847 0.033304125543298389 -0.028515042307008295 0.0030339254656694629 0.079386174560289596
leaf_weight=42059 90 79 76 1796 434 50 57 60 96 55 72 103 91 55
leaf_count=42059 90 79 76 1796 434 50 57 60 96 55 72 103 91 55
internal_value=1.60907e-06 0.015795 0.0324695 -8.41334e-05 -0.0053812 -0.0172084 0.0170772 -0.00733903 -0.0247814 -0.00625362 0.0116054 -0.002916 0.000257092 0.0321402
internal_weight=45173 245 166 44928 2723 927 167 117 760 326 230 175 42205 146
internal_count=45173 245 166 44928 2723 927 167 117 760 326 230 175 42205 146
is_linear=0
shrinkage=0.05


Tree=145
num_leaves=15
num_cat=0
split_feature=59 11 53 38 2 32 14 28 0 12 29 43 13 61
split_gain=24.7286 77.7154 96.441 91.1297 148.105 81.0557 58.5353 46.1914 43.5567 31.2997 56.7597 72.2612 30.098 46.3551
threshold=1025.0000000000002 0.18333333333333338 1.6833333333333336 11.642222222222225 1.9500000000000002 1.2205000000000004 16.81666666666667 0.34866700000000006 2.5833333333333335 8.8333333333333339 0.081114055555555564 5.1000000000000005 36.70000000000001 97.500000000000014
decision_type=2 10 10 8 10 8 10 8 10 10 10 10 10 2
left_child=1 3 6 4 9 -5 -3 -7 -6 10 -1 -12 13 -2
right_child=12 2 -4 5 8 7 -8 -9 -10 -11 11 -13 -14 -15
leaf_value=0.00019654602695469634 -0.00035406729659334104 0.089340293439512219 -0.015293079551524862 -0.066237603931428773 0.098403147171887737 0.033598266205596694 0.019052540919589765 -0.028663654505202536 0.031466671180667226 -0.030948087933162852 0.080480292289562175 -0.0026036978694745929 -0.036692241232726824 0.014530165412316382
leaf_weight=917 43009 75 60 84 50 51 51 70 51 67 52 51 56 529
leaf_count=917 43009 75 60 84 50 51 51 70 51 67 52 51 56 529
internal_value=1.73372e-06 0.00614813 0.0364674 0.00207018 0.00740206 -0.0286499 0.0612759 -0.002185 0.0651714 0.00198387 0.00418565 0.0392862 -0.000220387 -0.00017248
internal_weight=45173 1579 186 1393 1188 205 126 121 101 1087 1020 103 43594 43538
internal_count=45173 1579 186 1393 1188 205 126 121 101 1087 1020 103 43594 43538
is_linear=0
shrinkage=0.05


Tree=146
num_leaves=15
num_cat=0
split_feature=38 44 56 42 12 53 26 51 45 61 39 0 49 53
split_gain=24.314 78.2082 87.9062 99.1077 107.103 132.337 118.864 98.4603 92.0723 82.7744 116.894 81.0159 171.7 156.539
threshold=16.810000000000006 17.633333333333336 0.53571428571428581 14.16666666666667 18.166666666666668 0.70714285714285718 0.075062000000000018 1.5833333333333337 5.5416666666666687 69.500000000000014 12.033333333333337 5.166666666666667 2.1000000000000005 1.2928571428571431
decision_type=10 10 10 10 10 10 10 10 10 2 10 10 10 10
left_child=1 11 3 -3 5 -5 9 -8 -4 -7 -11 -1 -13 -14
right_child=-2 2 8 4 -6 6 7 -9 -10 10 -12 12 13 -15
leaf_value=-0.00029321906629779283 -0.0031707650758740521 -0.0085303928838577799 0.010163456659301434 0.10200897176313189 -0.021933808007410596 0.020470529800251283 0.026488285275007968 0.091005005305679287 -0.071111491662780135 -0.076969065847604171 0.019249396090456051 0.041184042990016885 -0.071976897721442418 0.022459400009650451
leaf_weight=37742 5325 344 76 56 122 565 149 100 63 57 69 329 79 97
leaf_count=37742 5325 344 76 56 122 565 149 100 63 57 69 329 79 97
internal_value=1.7501e-06 0.000426364 0.0112513 0.0148766 0.0221018 0.0275291 0.0230135 0.0526293 -0.026617 0.012275 -0.0242126 -2.62514e-05 0.0198571 -0.0198718
internal_weight=45173 39848 1601 1462 1118 996 940 249 139 691 126 38247 505 176
internal_count=45173 39848 1601 1462 1118 996 940 249 139 691 126 38247 505 176
is_linear=0
shrinkage=0.05


Tree=147
num_leaves=15
num_cat=0
split_feature=60 2 2 46 45 61 45 22 22 14 14 2 7 2
split_gain=24.0304 48.6708 53.7396 102.605 88.5751 107.606 61.743 57.0952 99.1018 44.4365 49.4342 52.2128 74.2159 51.014
threshold=1.5000000000000002 5.8660714285714297 4.8166666666666673 6.4600000000000009 5.6333333333333355 72.500000000000014 4.741666666666668 0.067940000000000014 0.033666666666666685 33.050000000000004 28.950000000000003 7.1125000000000007 0.90000000000000013 7.9500000000000011
decision_type=2 10 8 10 10 2 10 10 10 10 10 10 10 10
left_child=9 2 3 4 5 6 7 8 -2 10 11 12 -1 -13
right_child=1 -3 -4 -5 -6 -7 -8 -9 -10 -11 -12 13 -14 -15
leaf_value=-0.00020558999973445906 0.00091168773365020753 0.050147795948621815 -0.039334374226683337 0.058977221675783578 -0.044472166266352101 0.074625565523469661 0.053398832168524007 -0.033189483925835039 0.053927228283037476 -0.038841328162374913 0.03632068083495707 -0.045015382120233566 0.059852303208295002 -0.00056131424487761736
leaf_weight=42513 1562 58 69 85 93 54 59 110 93 74 92 128 51 132
leaf_count=42513 1562 58 69 85 93 54 59 110 93 74 92 128 51 132
internal_value=1.70636e-06 0.00511926 0.00386698 0.0053382 0.00299794 0.00537322 0.00328939 0.00158554 0.0039213 -0.000257634 -0.00019007 -0.000269514 -0.000132339 -0.0225868
internal_weight=45173 2183 2125 2056 1971 1878 1824 1765 1655 42990 42916 42824 42564 260
internal_count=45173 2183 2125 2056 1971 1878 1824 1765 1655 42990 42916 42824 42564 260
is_linear=0
shrinkage=0.05


Tree=148
num_leaves=15
num_cat=0
split_feature=5 60 2 1 46 45 61 45 22 22 36 14 14 1
split_gain=23.1985 24.8546 67.1591 66.9214 83.7325 78.6235 72.829 52.6715 53.9563 94.4678 59.332 40.1843 46.6148 46.9572
threshold=108.05000000000001 1.5000000000000002 5.8660714285714297 5.366666666666668 6.4600000000000009 6.0833333333333348 73.500000000000014 4.741666666666668 0.067940000000000014 0.034020000000000016 9.4833333333333361 33.050000000000004 28.950000000000003 9.9000000000000021
decision_type=10 2 10 10 10 10 2 10 10 10 10 10 10 10
left_child=1 11 3 4 5 6 7 8 9 -3 -10 12 13 -1
right_child=-2 2 -4 -5 -6 -7 -8 -9 10 -11 -12 -13 -14 -15
leaf_value=-0.00016602503265536532 -0.032303952888023478 0.0013891517792350341 0.06009799145982353 -0.052419419246680532 0.059223988196618262 -0.049248459021540458 0.063929580571582018 0.043456268519069419 0.00088237822055816653 0.055659997549194554 -0.070447965697163634 -0.036912296018594463 0.036091615567983543 -0.041904232617881565
leaf_weight=42719 55 1598 54 51 69 68 51 79 64 84 52 74 88 67
leaf_count=42719 55 1598 54 51 69 68 51 79 64 84 52 74 88 67
internal_value=1.72423e-06 4.20173e-05 0.00526269 0.00383762 0.00525147 0.0033588 0.0052395 0.00361491 0.00183888 0.00413006 -0.0310438 -0.000221239 -0.000156898 -0.000232457
internal_weight=45173 45118 2170 2116 2065 1996 1928 1877 1798 1682 116 42948 42874 42786
internal_count=45173 45118 2170 2116 2065 1996 1928 1877 1798 1682 116 42948 42874 42786
is_linear=0
shrinkage=0.05


end of trees

feature_importances:
value=187
selected=141
total_points_roll10=98
fixture_count=95
minutes_roll3=90
difficulty=80
threat_roll5=78
opponent_attack_strength=76
bps_roll10=75
ict_index_roll3=69
total_points_roll5=57
total_points_roll3=56
threat_roll3=45
opponent_defence_strength=43
bps_roll3=41
expected_goal_involvements_roll3=39
ict_index_roll5=39
ict_index_roll10=38
minutes_roll10=31
influence_roll3=31
threat_roll10=31
bps_roll5=30
minutes_roll5=29
influence_roll5=29
creativity_roll10=29
expected_goal_involvements_roll10=28
expected_assists_roll10=26
expected_goals_roll10=25
expected_goals_conceded_roll3=25
expected_goals_roll5=24
expected_goals_conceded_roll5=24
team_goals_conceded_roll10=24
assists_roll10=23
expected_goal_involvements_roll5=22
creativity_roll3=22
expected_assists_roll3=21
expected_goals_conceded_roll10=21
clean_sheets_roll10=20
expected_goals_roll3=19
creativity_roll5=18
team_goals_conceded_roll3=17
expected_assists_roll5=16
team_goals_scored_roll5=16
influence_roll10=15
team_goals_scored_roll10=15
team_goals_scored_roll3=13
team_clean_sheet_roll5=13
clean_sheets_roll3=11
team_clean_sheet_roll10=11
team_goals_conceded_roll5=10
team_clean_sheet_roll3=10
clean_sheets_roll5=9
goals_scored_roll10=8
assists_roll5=8
assists_roll3=6
goals_scored_roll5=5
goals_scored_roll3=4

parameters:
[boosting: gbdt]
[objective: regression]
[metric: l1]
[tree_learner: serial]
[device_type: cpu]
[data_sample_strategy: bagging]
[data: ]
[valid: ]
[num_iterations: 500]
[learning_rate: 0.05]
[num_leaves: 15]
[num_threads: 0]
[seed: 0]
[deterministic: 0]
[force_col_wise: 0]
[force_row_wise: 0]
[histogram_pool_size: -1]
[max_depth: -1]
[min_data_in_leaf: 50]
[min_sum_hessian_in_leaf: 0.001]
[bagging_fraction: 1]
[pos_bagging_fraction: 1]
[neg_bagging_fraction: 1]
[bagging_freq: 0]
[bagging_seed: 3]
[bagging_by_query: 0]
[feature_fraction: 0.8]
[feature_fraction_bynode: 1]
[feature_fraction_seed: 2]
[extra_trees: 0]
[extra_seed: 6]
[early_stopping_round: 0]
[early_stopping_min_delta: 0]
[first_metric_only: 0]
[max_delta_step: 0]
[lambda_l1: 0.5]
[lambda_l2: 0.5]
[linear_lambda: 0]
[min_gain_to_split: 0]
[drop_rate: 0.1]
[max_drop: 50]
[skip_drop: 0.5]
[xgboost_dart_mode: 0]
[uniform_drop: 0]
[drop_seed: 4]
[top_rate: 0.2]
[other_rate: 0.1]
[min_data_per_group: 100]
[max_cat_threshold: 32]
[cat_l2: 10]
[cat_smooth: 10]
[max_cat_to_onehot: 4]
[top_k: 20]
[monotone_constraints: ]
[monotone_constraints_method: basic]
[monotone_penalty: 0]
[feature_contri: ]
[forcedsplits_filename: ]
[refit_decay_rate: 0.9]
[cegb_tradeoff: 1]
[cegb_penalty_split: 0]
[cegb_penalty_feature_lazy: ]
[cegb_penalty_feature_coupled: ]
[path_smooth: 0]
[interaction_constraints: ]
[verbosity: -1]
[saved_feature_importance_type: 0]
[use_quantized_grad: 0]
[num_grad_quant_bins: 4]
[quant_train_renew_leaf: 0]
[stochastic_rounding: 1]
[linear_tree: 0]
[max_bin: 255]
[max_bin_by_feature: ]
[min_data_in_bin: 3]
[bin_construct_sample_cnt: 200000]
[data_random_seed: 1]
[is_enable_sparse: 1]
[enable_bundle: 1]
[use_missing: 1]
[zero_as_missing: 0]
[feature_pre_filter: 1]
[pre_partition: 0]
[two_round: 0]
[header: 0]
[label_column: ]
[weight_column: ]
[group_column: ]
[ignore_column: ]
[categorical_feature: ]
[forcedbins_filename: ]
[precise_float_parser: 0]
[parser_config_file: ]
[objective_seed: 5]
[num_class: 1]
[is_unbalance: 0]
[scale_pos_weight: 1]
[sigmoid: 1]
[boost_from_average: 1]
[reg_sqrt: 0]
[alpha: 0.9]
[fair_c: 1]
[poisson_max_delta_step: 0.7]
[tweedie_variance_power: 1.5]
[lambdarank_truncation_level: 30]
[lambdarank_norm: 1]
[label_gain: ]
[lambdarank_position_bias_regularization: 0]
[eval_at: ]
[multi_error_top_k: 1]
[auc_mu_weights: ]
[num_machines: 1]
[local_listen_port: 12400]
[time_out: 120]
[machine_list_filename: ]
[machines: ]
[gpu_platform_id: -1]
[gpu_device_id: -1]
[gpu_device_id_list: ]
[gpu_use_dp: 0]
[num_gpu: 1]

end of parameters

pandas_categorical:[]
